assay,seed,task_id,start_node,start_fitness,best_reachable_fitness,valley_required,minimum_required_drop,minimum_required_drop_na_reason,valley_width,valley_width_na_reason,shortest_oracle_path_length,greedy_terminal_fitness,lookahead_terminal_fitness,oracle_terminal_fitness,greedy_regret,lookahead_regret,normalized_greedy_regret,normalized_lookahead_regret,normalized_regret_na_reason,planning_gain,component_size,start_degree
A4_HUMAN_Seuma_2022,1,A4_HUMAN_Seuma_2022:s1:t000,99,0.7068449888234944,2.23822016529089,True,2.6033751588027845,,1,,3,0.7068449888234944,2.23822016529089,2.23822016529089,1.5313751764673955,0.0,1.0,0.0,,1.5313751764673955,14268,7
A4_HUMAN_Seuma_2022,1,A4_HUMAN_Seuma_2022:s1:t001,463,-1.50756860743962,3.33024926198835,False,0.0,,,not_valley_required,3,3.33024926198835,3.33024926198835,3.33024926198835,0.0,0.0,0.0,0.0,,0.0,14268,195
A4_HUMAN_Seuma_2022,1,A4_HUMAN_Seuma_2022:s1:t002,908,-1.89536198998614,2.536781801347895,False,0.0,,,not_valley_required,3,2.536781801347895,2.536781801347895,2.536781801347895,0.0,0.0,0.0,0.0,,0.0,14268,2
A4_HUMAN_Seuma_2022,1,A4_HUMAN_Seuma_2022:s1:t003,959,-0.332000562702918,2.536781801347895,True,0.3660200308667799,,1,,3,-0.332000562702918,2.536781801347895,2.536781801347895,2.868782364050813,0.0,1.0,0.0,,2.868782364050813,14268,2
A4_HUMAN_Seuma_2022,1,A4_HUMAN_Seuma_2022:s1:t004,1007,0.177149487754246,2.536781801347895,True,0.30035695982900346,,1,,3,0.177149487754246,2.536781801347895,2.536781801347895,2.3596323135936492,0.0,1.0,0.0,,2.3596323135936492,14268,2
A4_HUMAN_Seuma_2022,1,A4_HUMAN_Seuma_2022:s1:t005,1018,-3.2248006909828,2.536781801347895,False,0.0,,,not_valley_required,3,2.177050747191775,2.536781801347895,2.536781801347895,0.35973105415612006,0.0,0.06243615441329912,0.0,,0.35973105415612006,14268,2
A4_HUMAN_Seuma_2022,1,A4_HUMAN_Seuma_2022:s1:t006,1044,-1.60834520589005,2.536781801347895,False,0.0,,,not_valley_required,3,2.536781801347895,2.536781801347895,2.536781801347895,0.0,0.0,0.0,0.0,,0.0,14268,2
A4_HUMAN_Seuma_2022,1,A4_HUMAN_Seuma_2022:s1:t007,1576,-1.17285639876019,2.536781801347895,False,0.0,,,not_valley_required,3,2.536781801347895,2.536781801347895,2.536781801347895,0.0,0.0,0.0,0.0,,0.0,14268,2
A4_HUMAN_Seuma_2022,1,A4_HUMAN_Seuma_2022:s1:t008,2080,-3.56433914685472,2.536781801347895,False,0.0,,,not_valley_required,3,2.536781801347895,2.536781801347895,2.536781801347895,0.0,0.0,0.0,0.0,,0.0,14268,2
A4_HUMAN_Seuma_2022,1,A4_HUMAN_Seuma_2022:s1:t009,2217,-2.14420690781737,2.536781801347895,False,0.0,,,not_valley_required,3,2.536781801347895,2.536781801347895,2.536781801347895,0.0,0.0,0.0,0.0,,0.0,14268,2
A4_HUMAN_Seuma_2022,1,A4_HUMAN_Seuma_2022:s1:t010,2474,1.19058669053128,2.65859199551422,True,0.21962827906895765,,1,,2,1.19058669053128,2.65859199551422,2.65859199551422,1.4680053049829398,0.0,1.0,0.0,,1.4680053049829398,14268,2
A4_HUMAN_Seuma_2022,1,A4_HUMAN_Seuma_2022:s1:t011,2744,-4.92124998040653,1.224977105541549,False,0.0,,,not_valley_required,3,1.224977105541549,1.224977105541549,1.224977105541549,0.0,0.0,0.0,0.0,,0.0,14268,2
A4_HUMAN_Seuma_2022,1,A4_HUMAN_Seuma_2022:s1:t012,3982,0.535336814929697,2.75300619865829,True,0.7037127363820209,,1,,2,0.535336814929697,2.75300619865829,2.75300619865829,2.217669383728593,0.0,1.0,0.0,,2.217669383728593,14268,2
A4_HUMAN_Seuma_2022,1,A4_HUMAN_Seuma_2022:s1:t013,4091,-2.96716572727219,2.536781801347895,False,0.0,,,not_valley_required,3,1.25253612349541,2.536781801347895,2.536781801347895,1.2842456778524851,0.0,0.23333174438428253,0.0,,1.2842456778524851,14268,2
A4_HUMAN_Seuma_2022,1,A4_HUMAN_Seuma_2022:s1:t014,4175,-2.00130277622221,2.536781801347895,False,0.0,,,not_valley_required,3,2.536781801347895,2.536781801347895,2.536781801347895,0.0,0.0,0.0,0.0,,0.0,14268,2
A4_HUMAN_Seuma_2022,1,A4_HUMAN_Seuma_2022:s1:t015,4291,-2.7024727276558,2.536781801347895,False,0.0,,,not_valley_required,3,2.536781801347895,2.536781801347895,2.536781801347895,0.0,0.0,0.0,0.0,,0.0,14268,2
A4_HUMAN_Seuma_2022,1,A4_HUMAN_Seuma_2022:s1:t016,4722,-0.372410661875436,2.536781801347895,False,0.0,,,not_valley_required,3,2.177050747191775,2.536781801347895,2.536781801347895,0.35973105415612006,0.0,0.12365323322663387,0.0,,0.35973105415612006,14268,2
A4_HUMAN_Seuma_2022,1,A4_HUMAN_Seuma_2022:s1:t017,4906,-0.462683268610313,2.536781801347895,False,0.0,,,not_valley_required,3,2.22712545020728,2.536781801347895,2.536781801347895,0.3096563511406152,0.0,0.10323719193867115,0.0,,0.3096563511406152,14268,2
A4_HUMAN_Seuma_2022,1,A4_HUMAN_Seuma_2022:s1:t018,5743,-1.75599690875168,2.536781801347895,False,0.0,,,not_valley_required,3,2.536781801347895,2.536781801347895,2.536781801347895,0.0,0.0,0.0,0.0,,0.0,14268,2
A4_HUMAN_Seuma_2022,1,A4_HUMAN_Seuma_2022:s1:t019,6762,-0.229902098177385,2.536781801347895,False,0.0,,,not_valley_required,3,2.536781801347895,2.536781801347895,2.536781801347895,0.0,0.0,0.0,0.0,,0.0,14268,2
A4_HUMAN_Seuma_2022,1,A4_HUMAN_Seuma_2022:s1:t020,6788,-0.819624526614706,2.536781801347895,False,0.0,,,not_valley_required,3,2.536781801347895,2.536781801347895,2.536781801347895,0.0,0.0,0.0,0.0,,0.0,14268,2
A4_HUMAN_Seuma_2022,1,A4_HUMAN_Seuma_2022:s1:t021,6929,-0.240273090409214,2.536781801347895,False,0.0,,,not_valley_required,3,2.536781801347895,2.536781801347895,2.536781801347895,0.0,0.0,0.0,0.0,,0.0,14268,2
A4_HUMAN_Seuma_2022,1,A4_HUMAN_Seuma_2022:s1:t022,7458,-3.06049763969152,2.536781801347895,False,0.0,,,not_valley_required,3,2.41199171645006,2.536781801347895,2.536781801347895,0.12479008489783494,0.0,0.022294774847735923,0.0,,0.12479008489783494,14268,2
A4_HUMAN_Seuma_2022,1,A4_HUMAN_Seuma_2022:s1:t023,7633,-1.23495754742226,2.536781801347895,False,0.0,,,not_valley_required,3,2.536781801347895,2.536781801347895,2.536781801347895,0.0,0.0,0.0,0.0,,0.0,14268,2
A4_HUMAN_Seuma_2022,1,A4_HUMAN_Seuma_2022:s1:t024,7840,-1.67614958371517,2.536781801347895,False,0.0,,,not_valley_required,3,2.536781801347895,2.536781801347895,2.536781801347895,0.0,0.0,0.0,0.0,,0.0,14268,2
A4_HUMAN_Seuma_2022,1,A4_HUMAN_Seuma_2022:s1:t025,7907,-1.04769325580618,2.536781801347895,False,0.0,,,not_valley_required,3,2.536781801347895,2.536781801347895,2.536781801347895,0.0,0.0,0.0,0.0,,0.0,14268,2
A4_HUMAN_Seuma_2022,1,A4_HUMAN_Seuma_2022:s1:t026,8280,-3.40924565341646,2.536781801347895,False,0.0,,,not_valley_required,3,2.177050747191775,2.536781801347895,2.536781801347895,0.35973105415612006,0.0,0.060499393400526506,0.0,,0.35973105415612006,14268,2
A4_HUMAN_Seuma_2022,1,A4_HUMAN_Seuma_2022:s1:t027,8536,-2.19345058368439,2.536781801347895,False,0.0,,,not_valley_required,3,2.536781801347895,2.536781801347895,2.536781801347895,0.0,0.0,0.0,0.0,,0.0,14268,2
A4_HUMAN_Seuma_2022,1,A4_HUMAN_Seuma_2022:s1:t028,8660,-1.22672656788017,2.536781801347895,False,0.0,,,not_valley_required,3,2.536781801347895,2.536781801347895,2.536781801347895,0.0,0.0,0.0,0.0,,0.0,14268,2
A4_HUMAN_Seuma_2022,1,A4_HUMAN_Seuma_2022:s1:t029,9187,-1.28583547183878,2.536781801347895,False,0.0,,,not_valley_required,3,2.536781801347895,2.536781801347895,2.536781801347895,0.0,0.0,0.0,0.0,,0.0,14268,2
A4_HUMAN_Seuma_2022,1,A4_HUMAN_Seuma_2022:s1:t030,9413,-0.244087570794518,2.536781801347895,False,0.0,,,not_valley_required,3,2.536781801347895,2.536781801347895,2.536781801347895,0.0,0.0,0.0,0.0,,0.0,14268,2
A4_HUMAN_Seuma_2022,1,A4_HUMAN_Seuma_2022:s1:t031,9868,-3.64371274178587,2.536781801347895,False,0.0,,,not_valley_required,3,2.536781801347895,2.536781801347895,2.536781801347895,0.0,0.0,0.0,0.0,,0.0,14268,2
A4_HUMAN_Seuma_2022,1,A4_HUMAN_Seuma_2022:s1:t032,10228,-2.92099506250611,2.536781801347895,False,0.0,,,not_valley_required,3,2.536781801347895,2.536781801347895,2.536781801347895,0.0,0.0,0.0,0.0,,0.0,14268,2
A4_HUMAN_Seuma_2022,1,A4_HUMAN_Seuma_2022:s1:t033,10495,-1.66834702954786,2.536781801347895,False,0.0,,,not_valley_required,3,2.536781801347895,2.536781801347895,2.536781801347895,0.0,0.0,0.0,0.0,,0.0,14268,2
A4_HUMAN_Seuma_2022,1,A4_HUMAN_Seuma_2022:s1:t034,11185,-0.603083161166105,2.536781801347895,False,0.0,,,not_valley_required,3,2.536781801347895,2.536781801347895,2.536781801347895,0.0,0.0,0.0,0.0,,0.0,14268,2
A4_HUMAN_Seuma_2022,1,A4_HUMAN_Seuma_2022:s1:t035,11218,-0.95547129610766,2.536781801347895,False,0.0,,,not_valley_required,3,2.536781801347895,2.536781801347895,2.536781801347895,0.0,0.0,0.0,0.0,,0.0,14268,2
A4_HUMAN_Seuma_2022,1,A4_HUMAN_Seuma_2022:s1:t036,11790,-2.10987665023553,2.536781801347895,False,0.0,,,not_valley_required,3,2.536781801347895,2.536781801347895,2.536781801347895,0.0,0.0,0.0,0.0,,0.0,14268,2
A4_HUMAN_Seuma_2022,1,A4_HUMAN_Seuma_2022:s1:t037,11943,-0.354201613800358,2.536781801347895,False,0.0,,,not_valley_required,3,2.536781801347895,2.536781801347895,2.536781801347895,0.0,0.0,0.0,0.0,,0.0,14268,2
A4_HUMAN_Seuma_2022,1,A4_HUMAN_Seuma_2022:s1:t038,12364,-3.16856892864843,2.536781801347895,False,0.0,,,not_valley_required,3,2.536781801347895,2.536781801347895,2.536781801347895,0.0,0.0,0.0,0.0,,0.0,14268,2
A4_HUMAN_Seuma_2022,1,A4_HUMAN_Seuma_2022:s1:t039,12435,-1.33939805930727,2.536781801347895,False,0.0,,,not_valley_required,3,2.536781801347895,2.536781801347895,2.536781801347895,0.0,0.0,0.0,0.0,,0.0,14268,2
A4_HUMAN_Seuma_2022,1,A4_HUMAN_Seuma_2022:s1:t040,13010,-0.698238954070885,2.536781801347895,False,0.0,,,not_valley_required,3,2.536781801347895,2.536781801347895,2.536781801347895,0.0,0.0,0.0,0.0,,0.0,14268,2
A4_HUMAN_Seuma_2022,1,A4_HUMAN_Seuma_2022:s1:t041,13032,-2.55346338124674,2.536781801347895,False,0.0,,,not_valley_required,3,2.177050747191775,2.536781801347895,2.536781801347895,0.35973105415612006,0.0,0.0706706732685822,0.0,,0.35973105415612006,14268,2
A4_HUMAN_Seuma_2022,1,A4_HUMAN_Seuma_2022:s1:t042,13055,-1.4921240711654,2.536781801347895,False,0.0,,,not_valley_required,3,2.536781801347895,2.536781801347895,2.536781801347895,0.0,0.0,0.0,0.0,,0.0,14268,2
A4_HUMAN_Seuma_2022,1,A4_HUMAN_Seuma_2022:s1:t043,13056,-1.56604204789763,2.536781801347895,False,0.0,,,not_valley_required,3,2.536781801347895,2.536781801347895,2.536781801347895,0.0,0.0,0.0,0.0,,0.0,14268,2
A4_HUMAN_Seuma_2022,1,A4_HUMAN_Seuma_2022:s1:t044,13112,0.617394142753145,2.536781801347895,True,0.4589160829209222,,1,,3,0.617394142753145,2.536781801347895,2.536781801347895,1.9193876585947502,0.0,1.0,0.0,,1.9193876585947502,14268,2
A4_HUMAN_Seuma_2022,1,A4_HUMAN_Seuma_2022:s1:t045,13465,-0.505476795416296,2.536781801347895,False,0.0,,,not_valley_required,3,2.536781801347895,2.536781801347895,2.536781801347895,0.0,0.0,0.0,0.0,,0.0,14268,2
A4_HUMAN_Seuma_2022,1,A4_HUMAN_Seuma_2022:s1:t046,13680,-4.00077079900606,2.536781801347895,False,0.0,,,not_valley_required,3,1.33437776125163,2.536781801347895,2.536781801347895,1.202404040096265,0.0,0.18392265632113838,0.0,,1.202404040096265,14268,2
A4_HUMAN_Seuma_2022,1,A4_HUMAN_Seuma_2022:s1:t047,13687,-0.44422225129438,2.536781801347895,False,0.0,,,not_valley_required,3,1.65011502580838,2.536781801347895,2.536781801347895,0.886666775539515,0.0,0.2974389701864375,0.0,,0.886666775539515,14268,2
A4_HUMAN_Seuma_2022,1,A4_HUMAN_Seuma_2022:s1:t048,14236,-2.55922884369828,2.536781801347895,False,0.0,,,not_valley_required,3,0.3857717688767375,2.536781801347895,2.536781801347895,2.1510100324711576,0.0,0.4220968483576759,0.0,,2.1510100324711576,14268,2
A4_HUMAN_Seuma_2022,1,A4_HUMAN_Seuma_2022:s1:t049,14427,-0.687685744166674,2.536781801347895,False,0.0,,,not_valley_required,3,2.536781801347895,2.536781801347895,2.536781801347895,0.0,0.0,0.0,0.0,,0.0,14268,2
A4_HUMAN_Seuma_2022,2,A4_HUMAN_Seuma_2022:s2:t000,933,-0.703845325427201,2.536781801347895,False,0.0,,,not_valley_required,3,2.536781801347895,2.536781801347895,2.536781801347895,0.0,0.0,0.0,0.0,,0.0,14268,2
A4_HUMAN_Seuma_2022,2,A4_HUMAN_Seuma_2022:s2:t001,992,0.871327993032803,2.536781801347895,True,0.37249692038447546,,1,,3,0.871327993032803,2.536781801347895,2.536781801347895,1.665453808315092,0.0,1.0,0.0,,1.665453808315092,14268,2
A4_HUMAN_Seuma_2022,2,A4_HUMAN_Seuma_2022:s2:t002,1128,0.607666762582502,2.536781801347895,True,0.013363019690903477,,1,,3,0.607666762582502,2.536781801347895,2.536781801347895,1.929115038765393,0.0,1.0,0.0,,1.929115038765393,14268,2
A4_HUMAN_Seuma_2022,2,A4_HUMAN_Seuma_2022:s2:t003,1131,0.794735205320053,2.65859199551422,False,0.0,,,not_valley_required,2,2.65859199551422,2.65859199551422,2.65859199551422,0.0,0.0,0.0,0.0,,0.0,14268,2
A4_HUMAN_Seuma_2022,2,A4_HUMAN_Seuma_2022:s2:t004,1469,-4.80845448626118,2.536781801347895,False,0.0,,,not_valley_required,3,1.49852238820575,2.536781801347895,2.536781801347895,1.0382594131421452,0.0,0.14135139735308716,0.0,,1.0382594131421452,14268,2
A4_HUMAN_Seuma_2022,2,A4_HUMAN_Seuma_2022:s2:t005,1933,-0.477566616609705,2.536781801347895,False,0.0,,,not_valley_required,3,2.536781801347895,2.536781801347895,2.536781801347895,0.0,0.0,0.0,0.0,,0.0,14268,2
A4_HUMAN_Seuma_2022,2,A4_HUMAN_Seuma_2022:s2:t006,2043,-4.10846715457644,2.536781801347895,False,0.0,,,not_valley_required,3,1.85218619404473,2.536781801347895,2.536781801347895,0.6845956073031652,0.0,0.10302030997542061,0.0,,0.6845956073031652,14268,2
A4_HUMAN_Seuma_2022,2,A4_HUMAN_Seuma_2022:s2:t007,3137,0.107106231917543,2.91682360268687,False,0.0,,,not_valley_required,2,2.91682360268687,2.91682360268687,2.91682360268687,0.0,0.0,0.0,0.0,,0.0,14268,2
A4_HUMAN_Seuma_2022,2,A4_HUMAN_Seuma_2022:s2:t008,3237,-0.0777452672914825,2.536781801347895,False,0.0,,,not_valley_required,3,2.536781801347895,2.536781801347895,2.536781801347895,0.0,0.0,0.0,0.0,,0.0,14268,2
A4_HUMAN_Seuma_2022,2,A4_HUMAN_Seuma_2022:s2:t009,3313,0.688039167142401,2.536781801347895,True,0.01213766812235395,,1,,3,0.688039167142401,2.536781801347895,2.536781801347895,1.848742634205494,0.0,1.0,0.0,,1.848742634205494,14268,2
A4_HUMAN_Seuma_2022,2,A4_HUMAN_Seuma_2022:s2:t010,3387,-0.634816518579148,2.536781801347895,False,0.0,,,not_valley_required,3,2.536781801347895,2.536781801347895,2.536781801347895,0.0,0.0,0.0,0.0,,0.0,14268,2
A4_HUMAN_Seuma_2022,2,A4_HUMAN_Seuma_2022:s2:t011,3438,1.32621201333652,2.536781801347895,True,0.10123490779497102,,1,,3,1.32621201333652,2.536781801347895,2.536781801347895,1.210569788011375,0.0,1.0,0.0,,1.210569788011375,14268,2
A4_HUMAN_Seuma_2022,2,A4_HUMAN_Seuma_2022:s2:t012,3450,-1.08627198937173,2.536781801347895,False,0.0,,,not_valley_required,3,2.536781801347895,2.536781801347895,2.536781801347895,0.0,0.0,0.0,0.0,,0.0,14268,2
A4_HUMAN_Seuma_2022,2,A4_HUMAN_Seuma_2022:s2:t013,4019,1.71436448333504,2.75300619865829,True,1.882740404787364,,1,,2,1.71436448333504,2.75300619865829,2.75300619865829,1.03864171532325,0.0,1.0,0.0,,1.03864171532325,14268,2
A4_HUMAN_Seuma_2022,2,A4_HUMAN_Seuma_2022:s2:t014,4321,-3.29693509519843,2.536781801347895,False,0.0,,,not_valley_required,3,2.536781801347895,2.536781801347895,2.536781801347895,0.0,0.0,0.0,0.0,,0.0,14268,2
A4_HUMAN_Seuma_2022,2,A4_HUMAN_Seuma_2022:s2:t015,4411,-2.25968906734355,2.536781801347895,False,0.0,,,not_valley_required,3,2.536781801347895,2.536781801347895,2.536781801347895,0.0,0.0,0.0,0.0,,0.0,14268,2
A4_HUMAN_Seuma_2022,2,A4_HUMAN_Seuma_2022:s2:t016,4664,1.13869784434858,2.536781801347895,True,0.507004445076661,,1,,3,1.13869784434858,2.536781801347895,2.536781801347895,1.398083956999315,0.0,1.0,0.0,,1.398083956999315,14268,2
A4_HUMAN_Seuma_2022,2,A4_HUMAN_Seuma_2022:s2:t017,4937,0.591639715601204,2.536781801347895,False,0.0,,,not_valley_required,3,2.22712545020728,2.536781801347895,2.536781801347895,0.3096563511406152,0.0,0.1591947207402825,0.0,,0.3096563511406152,14268,2
A4_HUMAN_Seuma_2022,2,A4_HUMAN_Seuma_2022:s2:t018,5591,-2.92803317293482,2.536781801347895,False,0.0,,,not_valley_required,3,2.536781801347895,2.536781801347895,2.536781801347895,0.0,0.0,0.0,0.0,,0.0,14268,2
A4_HUMAN_Seuma_2022,2,A4_HUMAN_Seuma_2022:s2:t019,5760,-0.122789206253909,2.536781801347895,False,0.0,,,not_valley_required,3,2.536781801347895,2.536781801347895,2.536781801347895,0.0,0.0,0.0,0.0,,0.0,14268,2
A4_HUMAN_Seuma_2022,2,A4_HUMAN_Seuma_2022:s2:t020,5870,0.956338897928226,2.68771862387149,True,0.26237699235201906,,1,,2,0.956338897928226,2.68771862387149,2.68771862387149,1.7313797259432637,0.0,1.0,0.0,,1.7313797259432637,14268,2
A4_HUMAN_Seuma_2022,2,A4_HUMAN_Seuma_2022:s2:t021,6458,1.77071510456701,3.33024926198835,False,0.0,,,not_valley_required,2,3.33024926198835,3.33024926198835,3.33024926198835,0.0,0.0,0.0,0.0,,0.0,14268,2
A4_HUMAN_Seuma_2022,2,A4_HUMAN_Seuma_2022:s2:t022,6507,1.92937095150021,3.33024926198835,False,0.0,,,not_valley_required,2,3.33024926198835,3.33024926198835,3.33024926198835,0.0,0.0,0.0,0.0,,0.0,14268,2
A4_HUMAN_Seuma_2022,2,A4_HUMAN_Seuma_2022:s2:t023,6638,-2.66434334245646,2.536781801347895,False,0.0,,,not_valley_required,3,2.536781801347895,2.536781801347895,2.536781801347895,0.0,0.0,0.0,0.0,,0.0,14268,2
A4_HUMAN_Seuma_2022,2,A4_HUMAN_Seuma_2022:s2:t024,6769,-1.47095992950667,2.536781801347895,False,0.0,,,not_valley_required,3,2.536781801347895,2.536781801347895,2.536781801347895,0.0,0.0,0.0,0.0,,0.0,14268,2
A4_HUMAN_Seuma_2022,2,A4_HUMAN_Seuma_2022:s2:t025,6990,-0.206585424801258,2.536781801347895,False,0.0,,,not_valley_required,3,2.536781801347895,2.536781801347895,2.536781801347895,0.0,0.0,0.0,0.0,,0.0,14268,2
A4_HUMAN_Seuma_2022,2,A4_HUMAN_Seuma_2022:s2:t026,7483,-0.289726052077143,2.536781801347895,False,0.0,,,not_valley_required,3,2.177050747191775,2.536781801347895,2.536781801347895,0.35973105415612006,0.0,0.1272704951872728,0.0,,0.35973105415612006,14268,2
A4_HUMAN_Seuma_2022,2,A4_HUMAN_Seuma_2022:s2:t027,7599,-4.12737075584062,2.536781801347895,False,0.0,,,not_valley_required,3,2.177050747191775,2.536781801347895,2.536781801347895,0.35973105415612006,0.0,0.05398001487347163,0.0,,0.35973105415612006,14268,2
A4_HUMAN_Seuma_2022,2,A4_HUMAN_Seuma_2022:s2:t028,7831,-1.75587385085733,2.536781801347895,False,0.0,,,not_valley_required,3,2.536781801347895,2.536781801347895,2.536781801347895,0.0,0.0,0.0,0.0,,0.0,14268,2
A4_HUMAN_Seuma_2022,2,A4_HUMAN_Seuma_2022:s2:t029,8159,-2.39470373105523,2.536781801347895,False,0.0,,,not_valley_required,3,2.536781801347895,2.536781801347895,2.536781801347895,0.0,0.0,0.0,0.0,,0.0,14268,2
A4_HUMAN_Seuma_2022,2,A4_HUMAN_Seuma_2022:s2:t030,8768,-4.59561704306534,2.536781801347895,False,0.0,,,not_valley_required,3,2.177050747191775,2.536781801347895,2.536781801347895,0.35973105415612006,0.0,0.05043619433003179,0.0,,0.35973105415612006,14268,2
A4_HUMAN_Seuma_2022,2,A4_HUMAN_Seuma_2022:s2:t031,8883,-2.60909543639633,2.536781801347895,False,0.0,,,not_valley_required,3,2.536781801347895,2.536781801347895,2.536781801347895,0.0,0.0,0.0,0.0,,0.0,14268,2
A4_HUMAN_Seuma_2022,2,A4_HUMAN_Seuma_2022:s2:t032,9156,-3.97105769685669,2.536781801347895,False,0.0,,,not_valley_required,3,0.520601166142976,2.536781801347895,2.536781801347895,2.016180635204919,0.0,0.30980798401084614,0.0,,2.016180635204919,14268,2
A4_HUMAN_Seuma_2022,2,A4_HUMAN_Seuma_2022:s2:t033,9458,1.59872454387415,2.536781801347895,True,1.6841736230735789,,1,,3,1.59872454387415,2.536781801347895,2.536781801347895,0.9380572574737451,0.0,1.0,0.0,,0.9380572574737451,14268,2
A4_HUMAN_Seuma_2022,2,A4_HUMAN_Seuma_2022:s2:t034,9726,-4.53608394591407,2.536781801347895,False,0.0,,,not_valley_required,3,1.85218619404473,2.536781801347895,2.536781801347895,0.6845956073031652,0.0,0.09679182834315561,0.0,,0.6845956073031652,14268,2
A4_HUMAN_Seuma_2022,2,A4_HUMAN_Seuma_2022:s2:t035,10065,-3.37311304224724,2.536781801347895,False,0.0,,,not_valley_required,3,2.536781801347895,2.536781801347895,2.536781801347895,0.0,0.0,0.0,0.0,,0.0,14268,2
A4_HUMAN_Seuma_2022,2,A4_HUMAN_Seuma_2022:s2:t036,10470,-0.848105646076237,2.536781801347895,False,0.0,,,not_valley_required,3,2.536781801347895,2.536781801347895,2.536781801347895,0.0,0.0,0.0,0.0,,0.0,14268,2
A4_HUMAN_Seuma_2022,2,A4_HUMAN_Seuma_2022:s2:t037,10484,-5.57186332078051,2.536781801347895,False,0.0,,,not_valley_required,3,2.536781801347895,2.536781801347895,2.536781801347895,0.0,0.0,0.0,0.0,,0.0,14268,2
A4_HUMAN_Seuma_2022,2,A4_HUMAN_Seuma_2022:s2:t038,11003,0.79489308844811,2.536781801347895,False,0.0,,,not_valley_required,3,2.536781801347895,2.536781801347895,2.536781801347895,0.0,0.0,0.0,0.0,,0.0,14268,2
A4_HUMAN_Seuma_2022,2,A4_HUMAN_Seuma_2022:s2:t039,11515,-1.00691499514479,2.536781801347895,False,0.0,,,not_valley_required,3,2.536781801347895,2.536781801347895,2.536781801347895,0.0,0.0,0.0,0.0,,0.0,14268,2
A4_HUMAN_Seuma_2022,2,A4_HUMAN_Seuma_2022:s2:t040,11704,-1.9542691855131,2.536781801347895,False,0.0,,,not_valley_required,3,2.536781801347895,2.536781801347895,2.536781801347895,0.0,0.0,0.0,0.0,,0.0,14268,2
A4_HUMAN_Seuma_2022,2,A4_HUMAN_Seuma_2022:s2:t041,12388,-1.51085055918859,2.536781801347895,False,0.0,,,not_valley_required,3,2.536781801347895,2.536781801347895,2.536781801347895,0.0,0.0,0.0,0.0,,0.0,14268,2
A4_HUMAN_Seuma_2022,2,A4_HUMAN_Seuma_2022:s2:t042,12601,-0.956118398330061,2.536781801347895,True,1.6628400264008891,,1,,3,2.177050747191775,2.536781801347895,2.536781801347895,0.35973105415612006,0.0,0.10298921629346498,0.0,,0.35973105415612006,14268,2
A4_HUMAN_Seuma_2022,2,A4_HUMAN_Seuma_2022:s2:t043,13710,-4.90759988623886,2.536781801347895,False,0.0,,,not_valley_required,3,2.536781801347895,2.536781801347895,2.536781801347895,0.0,0.0,0.0,0.0,,0.0,14268,2
A4_HUMAN_Seuma_2022,2,A4_HUMAN_Seuma_2022:s2:t044,13797,-3.08593666684309,2.536781801347895,False,0.0,,,not_valley_required,3,2.536781801347895,2.536781801347895,2.536781801347895,0.0,0.0,0.0,0.0,,0.0,14268,2
A4_HUMAN_Seuma_2022,2,A4_HUMAN_Seuma_2022:s2:t045,14231,-1.30915355504263,2.536781801347895,False,0.0,,,not_valley_required,3,2.536781801347895,2.536781801347895,2.536781801347895,0.0,0.0,0.0,0.0,,0.0,14268,2
A4_HUMAN_Seuma_2022,2,A4_HUMAN_Seuma_2022:s2:t046,14453,-1.10434958673631,2.536781801347895,False,0.0,,,not_valley_required,3,2.536781801347895,2.536781801347895,2.536781801347895,0.0,0.0,0.0,0.0,,0.0,14268,2
A4_HUMAN_Seuma_2022,2,A4_HUMAN_Seuma_2022:s2:t047,14532,0.1653272172991,2.536781801347895,False,0.0,,,not_valley_required,3,2.536781801347895,2.536781801347895,2.536781801347895,0.0,0.0,0.0,0.0,,0.0,14268,2
A4_HUMAN_Seuma_2022,2,A4_HUMAN_Seuma_2022:s2:t048,14637,-1.39270004142266,2.536781801347895,False,0.0,,,not_valley_required,3,2.177050747191775,2.536781801347895,2.536781801347895,0.35973105415612006,0.0,0.09154668950002957,0.0,,0.35973105415612006,14268,2
A4_HUMAN_Seuma_2022,2,A4_HUMAN_Seuma_2022:s2:t049,14684,-0.816611128973641,2.536781801347895,False,0.0,,,not_valley_required,3,2.536781801347895,2.536781801347895,2.536781801347895,0.0,0.0,0.0,0.0,,0.0,14268,2
A4_HUMAN_Seuma_2022,3,A4_HUMAN_Seuma_2022:s3:t000,670,-0.10589839385563105,3.33024926198835,False,0.0,,,not_valley_required,3,3.33024926198835,3.33024926198835,3.33024926198835,0.0,0.0,0.0,0.0,,0.0,14268,150
A4_HUMAN_Seuma_2022,3,A4_HUMAN_Seuma_2022:s3:t001,781,-0.0731820793850324,3.33024926198835,False,0.0,,,not_valley_required,3,3.33024926198835,3.33024926198835,3.33024926198835,0.0,0.0,0.0,0.0,,0.0,14268,156
A4_HUMAN_Seuma_2022,3,A4_HUMAN_Seuma_2022:s3:t002,1051,-1.51156935781025,2.536781801347895,False,0.0,,,not_valley_required,3,2.177050747191775,2.536781801347895,2.536781801347895,0.35973105415612006,0.0,0.088858658751067,0.0,,0.35973105415612006,14268,2
A4_HUMAN_Seuma_2022,3,A4_HUMAN_Seuma_2022:s3:t003,1244,-1.33000906556996,2.536781801347895,False,0.0,,,not_valley_required,3,2.536781801347895,2.536781801347895,2.536781801347895,0.0,0.0,0.0,0.0,,0.0,14268,2
A4_HUMAN_Seuma_2022,3,A4_HUMAN_Seuma_2022:s3:t004,1592,-0.231357621022942,2.536781801347895,False,0.0,,,not_valley_required,3,2.536781801347895,2.536781801347895,2.536781801347895,0.0,0.0,0.0,0.0,,0.0,14268,2
A4_HUMAN_Seuma_2022,3,A4_HUMAN_Seuma_2022:s3:t005,1616,-0.280969097370892,3.33024926198835,False,0.0,,,not_valley_required,2,3.33024926198835,3.33024926198835,3.33024926198835,0.0,0.0,0.0,0.0,,0.0,14268,2
A4_HUMAN_Seuma_2022,3,A4_HUMAN_Seuma_2022:s3:t006,2679,-4.16959611332039,2.536781801347895,False,0.0,,,not_valley_required,3,2.536781801347895,2.536781801347895,2.536781801347895,0.0,0.0,0.0,0.0,,0.0,14268,2
A4_HUMAN_Seuma_2022,3,A4_HUMAN_Seuma_2022:s3:t007,3010,0.884211408350544,2.536781801347895,False,0.0,,,not_valley_required,3,1.95134904159103,2.536781801347895,2.536781801347895,0.5854327597568652,0.0,0.3542558684565539,0.0,,0.5854327597568652,14268,2
A4_HUMAN_Seuma_2022,3,A4_HUMAN_Seuma_2022:s3:t008,3027,-3.36928796779129,2.536781801347895,False,0.0,,,not_valley_required,3,1.95134904159103,2.536781801347895,2.536781801347895,0.5854327597568652,0.0,0.09912391533467993,0.0,,0.5854327597568652,14268,2
A4_HUMAN_Seuma_2022,3,A4_HUMAN_Seuma_2022:s3:t009,3154,-0.996815903593147,2.91682360268687,False,0.0,,,not_valley_required,2,2.91682360268687,2.91682360268687,2.91682360268687,0.0,0.0,0.0,0.0,,0.0,14268,2
A4_HUMAN_Seuma_2022,3,A4_HUMAN_Seuma_2022:s3:t010,3684,-0.657829088140495,2.71551667449899,False,0.0,,,not_valley_required,2,2.71551667449899,2.71551667449899,2.71551667449899,0.0,0.0,0.0,0.0,,0.0,14268,2
A4_HUMAN_Seuma_2022,3,A4_HUMAN_Seuma_2022:s3:t011,4342,2.36846609499562,3.33024926198835,False,0.0,,,not_valley_required,2,3.33024926198835,3.33024926198835,3.33024926198835,0.0,0.0,0.0,0.0,,0.0,14268,2
A4_HUMAN_Seuma_2022,3,A4_HUMAN_Seuma_2022:s3:t012,4382,0.0601149313896133,2.536781801347895,False,0.0,,,not_valley_required,3,2.536781801347895,2.536781801347895,2.536781801347895,0.0,0.0,0.0,0.0,,0.0,14268,2
A4_HUMAN_Seuma_2022,3,A4_HUMAN_Seuma_2022:s3:t013,4441,0.67107978575941,2.536781801347895,True,0.03938638648749093,,1,,3,0.67107978575941,2.536781801347895,2.536781801347895,1.8657020155884851,0.0,1.0,0.0,,1.8657020155884851,14268,2
A4_HUMAN_Seuma_2022,3,A4_HUMAN_Seuma_2022:s3:t014,4792,-1.14599818108191,2.536781801347895,False,0.0,,,not_valley_required,3,2.177050747191775,2.536781801347895,2.536781801347895,0.35973105415612006,0.0,0.09767921403732041,0.0,,0.35973105415612006,14268,2
A4_HUMAN_Seuma_2022,3,A4_HUMAN_Seuma_2022:s3:t015,4957,0.178203900208549,2.536781801347895,False,0.0,,,not_valley_required,3,2.03763464509821,2.536781801347895,2.536781801347895,0.499147156249685,0.0,0.2116305575527374,0.0,,0.499147156249685,14268,2
A4_HUMAN_Seuma_2022,3,A4_HUMAN_Seuma_2022:s3:t016,5478,-0.934620939547999,2.536781801347895,False,0.0,,,not_valley_required,3,2.177050747191775,2.536781801347895,2.536781801347895,0.35973105415612006,0.0,0.10362700066984484,0.0,,0.35973105415612006,14268,2
A4_HUMAN_Seuma_2022,3,A4_HUMAN_Seuma_2022:s3:t017,6604,-0.163676159735655,2.536781801347895,True,0.24191498893639482,,1,,3,2.23584815147724,2.536781801347895,2.536781801347895,0.3009336498706552,0.0,0.11143800577806681,0.0,,0.3009336498706552,14268,2
A4_HUMAN_Seuma_2022,3,A4_HUMAN_Seuma_2022:s3:t018,6931,-1.10268585294957,2.536781801347895,False,0.0,,,not_valley_required,3,2.536781801347895,2.536781801347895,2.536781801347895,0.0,0.0,0.0,0.0,,0.0,14268,2
A4_HUMAN_Seuma_2022,3,A4_HUMAN_Seuma_2022:s3:t019,7049,-3.11647628574345,2.536781801347895,False,0.0,,,not_valley_required,3,2.536781801347895,2.536781801347895,2.536781801347895,0.0,0.0,0.0,0.0,,0.0,14268,2
A4_HUMAN_Seuma_2022,3,A4_HUMAN_Seuma_2022:s3:t020,8230,-2.16793070194321,2.536781801347895,False,0.0,,,not_valley_required,3,2.177050747191775,2.536781801347895,2.536781801347895,0.35973105415612006,0.0,0.0764618568944385,0.0,,0.35973105415612006,14268,2
A4_HUMAN_Seuma_2022,3,A4_HUMAN_Seuma_2022:s3:t021,8247,-0.988563688111014,2.536781801347895,False,0.0,,,not_valley_required,3,2.177050747191775,2.536781801347895,2.536781801347895,0.35973105415612006,0.0,0.10204136168547091,0.0,,0.35973105415612006,14268,2
A4_HUMAN_Seuma_2022,3,A4_HUMAN_Seuma_2022:s3:t022,8288,-0.377955198136525,2.536781801347895,False,0.0,,,not_valley_required,3,2.177050747191775,2.536781801347895,2.536781801347895,0.35973105415612006,0.0,0.12341801480536731,0.0,,0.35973105415612006,14268,2
A4_HUMAN_Seuma_2022,3,A4_HUMAN_Seuma_2022:s3:t023,8309,-1.18189934344067,2.536781801347895,False,0.0,,,not_valley_required,3,2.177050747191775,2.536781801347895,2.536781801347895,0.35973105415612006,0.0,0.09673619225467997,0.0,,0.35973105415612006,14268,2
A4_HUMAN_Seuma_2022,3,A4_HUMAN_Seuma_2022:s3:t024,8347,0.757575762275804,2.536781801347895,True,0.4473306449447675,,1,,3,0.757575762275804,2.536781801347895,2.536781801347895,1.7792060390720912,0.0,1.0,0.0,,1.7792060390720912,14268,2
A4_HUMAN_Seuma_2022,3,A4_HUMAN_Seuma_2022:s3:t025,9114,-2.04787579887894,2.536781801347895,False,0.0,,,not_valley_required,3,1.00059989253202,2.536781801347895,2.536781801347895,1.536181908815875,0.0,0.33507014978389427,0.0,,1.536181908815875,14268,2
A4_HUMAN_Seuma_2022,3,A4_HUMAN_Seuma_2022:s3:t026,9406,-2.97517184520741,2.536781801347895,False,0.0,,,not_valley_required,3,1.85218619404473,2.536781801347895,2.536781801347895,0.6845956073031652,0.0,0.12420198920413691,0.0,,0.6845956073031652,14268,2
A4_HUMAN_Seuma_2022,3,A4_HUMAN_Seuma_2022:s3:t027,9459,-0.24473827223343,2.536781801347895,True,0.1608528764386198,,1,,3,1.59872454387415,2.536781801347895,2.536781801347895,0.9380572574737451,0.0,0.33724626558813814,0.0,,0.9380572574737451,14268,2
A4_HUMAN_Seuma_2022,3,A4_HUMAN_Seuma_2022:s3:t028,9548,-3.17310492717245,2.536781801347895,False,0.0,,,not_valley_required,3,2.536781801347895,2.536781801347895,2.536781801347895,0.0,0.0,0.0,0.0,,0.0,14268,2
A4_HUMAN_Seuma_2022,3,A4_HUMAN_Seuma_2022:s3:t029,9567,-4.30198500329805,2.536781801347895,False,0.0,,,not_valley_required,3,2.536781801347895,2.536781801347895,2.536781801347895,0.0,0.0,0.0,0.0,,0.0,14268,2
A4_HUMAN_Seuma_2022,3,A4_HUMAN_Seuma_2022:s3:t030,10059,-4.48834460620096,2.536781801347895,False,0.0,,,not_valley_required,3,2.536781801347895,2.536781801347895,2.536781801347895,0.0,0.0,0.0,0.0,,0.0,14268,2
A4_HUMAN_Seuma_2022,3,A4_HUMAN_Seuma_2022:s3:t031,10227,-3.24055547460309,2.536781801347895,False,0.0,,,not_valley_required,3,2.177050747191775,2.536781801347895,2.536781801347895,0.35973105415612006,0.0,0.06226589118373847,0.0,,0.35973105415612006,14268,2
A4_HUMAN_Seuma_2022,3,A4_HUMAN_Seuma_2022:s3:t032,10252,-3.29071049447969,2.536781801347895,False,0.0,,,not_valley_required,3,2.536781801347895,2.536781801347895,2.536781801347895,0.0,0.0,0.0,0.0,,0.0,14268,2
A4_HUMAN_Seuma_2022,3,A4_HUMAN_Seuma_2022:s3:t033,10437,-3.77852683804836,2.536781801347895,False,0.0,,,not_valley_required,3,2.536781801347895,2.536781801347895,2.536781801347895,0.0,0.0,0.0,0.0,,0.0,14268,2
A4_HUMAN_Seuma_2022,3,A4_HUMAN_Seuma_2022:s3:t034,10465,-2.64683576437918,2.59307151125245,False,0.0,,,not_valley_required,2,2.59307151125245,2.59307151125245,2.59307151125245,0.0,0.0,0.0,0.0,,0.0,14268,2
A4_HUMAN_Seuma_2022,3,A4_HUMAN_Seuma_2022:s3:t035,10794,0.12833728356292,2.536781801347895,True,0.1618267329948097,,1,,3,0.12833728356292,2.536781801347895,2.536781801347895,2.408444517784975,0.0,1.0,0.0,,2.408444517784975,14268,2
A4_HUMAN_Seuma_2022,3,A4_HUMAN_Seuma_2022:s3:t036,10944,-4.52294227213121,2.536781801347895,False,0.0,,,not_valley_required,3,2.536781801347895,2.536781801347895,2.536781801347895,0.0,0.0,0.0,0.0,,0.0,14268,2
A4_HUMAN_Seuma_2022,3,A4_HUMAN_Seuma_2022:s3:t037,11013,-2.30793192514507,2.536781801347895,False,0.0,,,not_valley_required,3,2.536781801347895,2.536781801347895,2.536781801347895,0.0,0.0,0.0,0.0,,0.0,14268,2
A4_HUMAN_Seuma_2022,3,A4_HUMAN_Seuma_2022:s3:t038,11543,-0.206517388364217,2.536781801347895,False,0.0,,,not_valley_required,3,2.536781801347895,2.536781801347895,2.536781801347895,0.0,0.0,0.0,0.0,,0.0,14268,2
A4_HUMAN_Seuma_2022,3,A4_HUMAN_Seuma_2022:s3:t039,12292,-3.58722657393938,2.536781801347895,False,0.0,,,not_valley_required,3,2.177050747191775,2.536781801347895,2.536781801347895,0.35973105415612006,0.0,0.05874111074174441,0.0,,0.35973105415612006,14268,2
A4_HUMAN_Seuma_2022,3,A4_HUMAN_Seuma_2022:s3:t040,12687,-3.22843045903338,2.536781801347895,False,0.0,,,not_valley_required,3,1.6764705353352198,2.536781801347895,2.536781801347895,0.8603112660126753,0.0,0.1492245605464975,0.0,,0.8603112660126753,14268,2
A4_HUMAN_Seuma_2022,3,A4_HUMAN_Seuma_2022:s3:t041,12965,-3.10519781860943,2.536781801347895,False,0.0,,,not_valley_required,3,2.536781801347895,2.536781801347895,2.536781801347895,0.0,0.0,0.0,0.0,,0.0,14268,2
A4_HUMAN_Seuma_2022,3,A4_HUMAN_Seuma_2022:s3:t042,13277,0.684840273778545,2.536781801347895,False,0.0,,,not_valley_required,3,2.536781801347895,2.536781801347895,2.536781801347895,0.0,0.0,0.0,0.0,,0.0,14268,2
A4_HUMAN_Seuma_2022,3,A4_HUMAN_Seuma_2022:s3:t043,13323,0.655137411245285,2.536781801347895,True,0.15630633859695753,,1,,3,0.655137411245285,2.536781801347895,2.536781801347895,1.88164439010261,0.0,1.0,0.0,,1.88164439010261,14268,2
A4_HUMAN_Seuma_2022,3,A4_HUMAN_Seuma_2022:s3:t044,14036,-3.75006149686067,2.536781801347895,False,0.0,,,not_valley_required,3,2.177050747191775,2.536781801347895,2.536781801347895,0.35973105415612006,0.0,0.05721966288846827,0.0,,0.35973105415612006,14268,2
A4_HUMAN_Seuma_2022,3,A4_HUMAN_Seuma_2022:s3:t045,14247,-3.80801975038425,2.536781801347895,False,0.0,,,not_valley_required,3,2.536781801347895,2.536781801347895,2.536781801347895,0.0,0.0,0.0,0.0,,0.0,14268,2
A4_HUMAN_Seuma_2022,3,A4_HUMAN_Seuma_2022:s3:t046,14264,-2.26980041320268,2.536781801347895,False,0.0,,,not_valley_required,3,1.6340586907464,2.536781801347895,2.536781801347895,0.902723110601495,0.0,0.18780977216383707,0.0,,0.902723110601495,14268,2
A4_HUMAN_Seuma_2022,3,A4_HUMAN_Seuma_2022:s3:t047,14649,-5.08655229055466,2.536781801347895,False,0.0,,,not_valley_required,3,0.630044772703369,2.536781801347895,2.536781801347895,1.906737028644526,0.0,0.25011851844061866,0.0,,1.906737028644526,14268,2
A4_HUMAN_Seuma_2022,3,A4_HUMAN_Seuma_2022:s3:t048,14723,0.956330171460727,2.59307151125245,True,0.844783282848431,,1,,2,0.956330171460727,2.59307151125245,2.59307151125245,1.636741339791723,0.0,1.0,0.0,,1.636741339791723,14268,2
A4_HUMAN_Seuma_2022,3,A4_HUMAN_Seuma_2022:s3:t049,14765,-0.246250139497088,2.536781801347895,False,0.0,,,not_valley_required,3,2.536781801347895,2.536781801347895,2.536781801347895,0.0,0.0,0.0,0.0,,0.0,14268,2
D7PM05_CLYGR_Somermeyer_2022,1,D7PM05_CLYGR_Somermeyer_2022:s1:t000,38,32033.258813217966,40086.91476680549,False,0.0,,,not_valley_required,3,40086.91476680549,40086.91476680549,40086.91476680549,0.0,0.0,0.0,0.0,,0.0,12031,16
D7PM05_CLYGR_Somermeyer_2022,1,D7PM05_CLYGR_Somermeyer_2022:s1:t001,162,590.0,29277.805769140097,False,0.0,,,not_valley_required,3,590.0,29277.805769140097,29277.805769140097,28687.805769140097,0.0,1.0,0.0,,28687.805769140097,12031,4
D7PM05_CLYGR_Somermeyer_2022,1,D7PM05_CLYGR_Somermeyer_2022:s1:t002,394,19455.520287564585,37633.87343229242,True,2974.338716147173,,1,,3,33119.04338976474,37633.87343229242,37633.87343229242,4514.830042527683,0.0,0.24836298462146958,0.0,,4514.830042527683,12031,37
D7PM05_CLYGR_Somermeyer_2022,1,D7PM05_CLYGR_Somermeyer_2022:s1:t003,448,17764.156433738804,37658.21393050099,False,0.0,,,not_valley_required,3,33931.06526097946,37658.21393050099,37658.21393050099,3727.148669521528,0.0,0.18734984907569166,0.0,,3727.148669521528,12031,14
D7PM05_CLYGR_Somermeyer_2022,1,D7PM05_CLYGR_Somermeyer_2022:s1:t004,500,590.0,36072.45094747077,False,0.0,,,not_valley_required,3,33280.679682580776,36072.45094747077,36072.45094747077,2791.7712648899906,0.0,0.07868033888140953,0.0,,2791.7712648899906,12031,10
D7PM05_CLYGR_Somermeyer_2022,1,D7PM05_CLYGR_Somermeyer_2022:s1:t005,512,31590.97511786886,37183.35046775641,True,1167.3818191778846,,1,,3,36016.14262821396,37183.35046775641,37183.35046775641,1167.2078395424542,0.0,0.2087141449770398,0.0,,1167.2078395424542,12031,52
D7PM05_CLYGR_Somermeyer_2022,1,D7PM05_CLYGR_Somermeyer_2022:s1:t006,538,28285.79407307147,36016.14262821396,True,155.22405440374132,,1,,3,31746.1991722726,36016.14262821396,36016.14262821396,4269.943455941357,0.0,0.5523610514432555,0.0,,4269.943455941357,12031,3
D7PM05_CLYGR_Somermeyer_2022,1,D7PM05_CLYGR_Somermeyer_2022:s1:t007,1111,26851.07637842746,38091.08532192237,False,0.0,,,not_valley_required,3,36617.00833643063,38091.08532192237,38091.08532192237,1474.0769854917453,0.0,0.13114553492814243,0.0,,1474.0769854917453,12031,29
D7PM05_CLYGR_Somermeyer_2022,1,D7PM05_CLYGR_Somermeyer_2022:s1:t008,1621,16643.25771337975,32500.67478815505,False,0.0,,,not_valley_required,3,32500.67478815505,32500.67478815505,32500.67478815505,0.0,0.0,0.0,0.0,,0.0,12031,2
D7PM05_CLYGR_Somermeyer_2022,1,D7PM05_CLYGR_Somermeyer_2022:s1:t009,1759,590.0,35071.17009530746,False,0.0,,,not_valley_required,2,35071.17009530746,35071.17009530746,35071.17009530746,0.0,0.0,0.0,0.0,,0.0,12031,1
D7PM05_CLYGR_Somermeyer_2022,1,D7PM05_CLYGR_Somermeyer_2022:s1:t010,2017,1359.5933966933594,31947.19362599685,True,887.6582832773347,,1,,3,31592.362660910865,31947.19362599685,31947.19362599685,354.83096508598464,0.0,0.011600483935514822,0.0,,354.83096508598464,12031,1
D7PM05_CLYGR_Somermeyer_2022,1,D7PM05_CLYGR_Somermeyer_2022:s1:t011,2287,1003.6507257788082,33933.84675913949,True,450.19356207539886,,1,,3,28436.842806229142,33933.84675913949,33933.84675913949,5497.003952910345,0.0,0.16692897750567537,0.0,,5497.003952910345,12031,2
D7PM05_CLYGR_Somermeyer_2022,1,D7PM05_CLYGR_Somermeyer_2022:s1:t012,3527,27207.799347807977,33218.10662470273,False,0.0,,,not_valley_required,2,31296.555777992693,33218.10662470273,33218.10662470273,1921.5508467100335,0.0,0.3197092524864737,0.0,,1921.5508467100335,12031,2
D7PM05_CLYGR_Somermeyer_2022,1,D7PM05_CLYGR_Somermeyer_2022:s1:t013,3636,29319.385417414167,36522.86989393897,False,0.0,,,not_valley_required,2,36522.86989393897,36522.86989393897,36522.86989393897,0.0,0.0,0.0,0.0,,0.0,12031,2
D7PM05_CLYGR_Somermeyer_2022,1,D7PM05_CLYGR_Somermeyer_2022:s1:t014,3672,27794.83706597392,37050.15909527851,False,0.0,,,not_valley_required,2,37050.15909527851,37050.15909527851,37050.15909527851,0.0,0.0,0.0,0.0,,0.0,12031,2
D7PM05_CLYGR_Somermeyer_2022,1,D7PM05_CLYGR_Somermeyer_2022:s1:t015,3720,24860.773583922663,33542.376435662896,False,0.0,,,not_valley_required,2,33542.376435662896,33542.376435662896,33542.376435662896,0.0,0.0,0.0,0.0,,0.0,12031,3
D7PM05_CLYGR_Somermeyer_2022,1,D7PM05_CLYGR_Somermeyer_2022:s1:t016,3836,23795.102722409,34080.24405279299,False,0.0,,,not_valley_required,2,34080.24405279299,34080.24405279299,34080.24405279299,0.0,0.0,0.0,0.0,,0.0,12031,2
D7PM05_CLYGR_Somermeyer_2022,1,D7PM05_CLYGR_Somermeyer_2022:s1:t017,3870,22419.154306374425,32528.25646747212,False,0.0,,,not_valley_required,3,32243.912910620274,32528.25646747212,32528.25646747212,284.3435568518471,0.0,0.02812747881271502,0.0,,284.3435568518471,12031,2
D7PM05_CLYGR_Somermeyer_2022,1,D7PM05_CLYGR_Somermeyer_2022:s1:t018,3906,5733.500281635854,33211.935805906825,False,0.0,,,not_valley_required,3,31167.83273588609,33211.935805906825,33211.935805906825,2044.1030700207339,0.0,0.07438935408878107,0.0,,2044.1030700207339,12031,2
D7PM05_CLYGR_Somermeyer_2022,1,D7PM05_CLYGR_Somermeyer_2022:s1:t019,4267,27317.94662025896,36972.87001035491,False,0.0,,,not_valley_required,2,36972.87001035491,36972.87001035491,36972.87001035491,0.0,0.0,0.0,0.0,,0.0,12031,2
D7PM05_CLYGR_Somermeyer_2022,1,D7PM05_CLYGR_Somermeyer_2022:s1:t020,4451,1630.450163238423,32528.25646747212,False,0.0,,,not_valley_required,3,31355.606670577938,32528.25646747212,32528.25646747212,1172.649796894184,0.0,0.03795252599319662,0.0,,1172.649796894184,12031,2
D7PM05_CLYGR_Somermeyer_2022,1,D7PM05_CLYGR_Somermeyer_2022:s1:t021,4835,26311.48873762343,33211.935805906825,False,0.0,,,not_valley_required,3,33113.33219603592,33211.935805906825,33211.935805906825,98.60360987090826,0.0,0.0142894523927473,0.0,,98.60360987090826,12031,3
D7PM05_CLYGR_Somermeyer_2022,1,D7PM05_CLYGR_Somermeyer_2022:s1:t022,5289,26685.66855289508,36055.67961415663,False,0.0,,,not_valley_required,2,36055.67961415663,36055.67961415663,36055.67961415663,0.0,0.0,0.0,0.0,,0.0,12031,2
D7PM05_CLYGR_Somermeyer_2022,1,D7PM05_CLYGR_Somermeyer_2022:s1:t023,5754,27216.066081814235,37633.87343229242,False,0.0,,,not_valley_required,2,37633.87343229242,37633.87343229242,37633.87343229242,0.0,0.0,0.0,0.0,,0.0,12031,2
D7PM05_CLYGR_Somermeyer_2022,1,D7PM05_CLYGR_Somermeyer_2022:s1:t024,6312,589.9999999999999,32854.48613532189,False,0.0,,,not_valley_required,3,32854.48613532189,32854.48613532189,32854.48613532189,0.0,0.0,0.0,0.0,,0.0,12031,1
D7PM05_CLYGR_Somermeyer_2022,1,D7PM05_CLYGR_Somermeyer_2022:s1:t025,6338,22409.26100114189,36156.015344140535,False,0.0,,,not_valley_required,2,36156.015344140535,36156.015344140535,36156.015344140535,0.0,0.0,0.0,0.0,,0.0,12031,2
D7PM05_CLYGR_Somermeyer_2022,1,D7PM05_CLYGR_Somermeyer_2022:s1:t026,6479,1136.4782845935902,28520.35024299532,True,14384.542764559823,,1,,3,15573.055875602227,28520.35024299532,28520.35024299532,12947.294367393091,0.0,0.47280729281312217,0.0,,12947.294367393091,12031,1
D7PM05_CLYGR_Somermeyer_2022,1,D7PM05_CLYGR_Somermeyer_2022:s1:t027,7010,10564.195417552197,35511.4800372771,False,0.0,,,not_valley_required,2,35511.4800372771,35511.4800372771,35511.4800372771,0.0,0.0,0.0,0.0,,0.0,12031,2
D7PM05_CLYGR_Somermeyer_2022,1,D7PM05_CLYGR_Somermeyer_2022:s1:t028,7185,32857.734707845484,34138.86891862885,True,2218.1082207307627,,1,,2,32857.734707845484,34138.86891862885,34138.86891862885,1281.1342107833625,0.0,1.0,0.0,,1281.1342107833625,12031,2
D7PM05_CLYGR_Somermeyer_2022,1,D7PM05_CLYGR_Somermeyer_2022:s1:t029,7269,23952.0956676119,37633.87343229242,False,0.0,,,not_valley_required,2,37633.87343229242,37633.87343229242,37633.87343229242,0.0,0.0,0.0,0.0,,0.0,12031,2
D7PM05_CLYGR_Somermeyer_2022,1,D7PM05_CLYGR_Somermeyer_2022:s1:t030,7392,21357.58295913558,35758.324785216624,False,0.0,,,not_valley_required,2,35758.324785216624,35758.324785216624,35758.324785216624,0.0,0.0,0.0,0.0,,0.0,12031,2
D7PM05_CLYGR_Somermeyer_2022,1,D7PM05_CLYGR_Somermeyer_2022:s1:t031,7460,590.0,32546.710557432085,True,1281.4749824943392,,1,,3,31402.35488636199,32546.710557432085,32546.710557432085,1144.355671070094,0.0,0.03580955771444237,0.0,,1144.355671070094,12031,1
D7PM05_CLYGR_Somermeyer_2022,1,D7PM05_CLYGR_Somermeyer_2022:s1:t032,7627,590.0,33237.00342767977,False,0.0,,,not_valley_required,3,31186.29813321772,33237.00342767977,33237.00342767977,2050.705294462048,0.0,0.06281450299121044,0.0,,2050.705294462048,12031,2
D7PM05_CLYGR_Somermeyer_2022,1,D7PM05_CLYGR_Somermeyer_2022:s1:t033,7834,31070.205413541385,37658.21393050099,False,0.0,,,not_valley_required,2,37658.21393050099,37658.21393050099,37658.21393050099,0.0,0.0,0.0,0.0,,0.0,12031,2
D7PM05_CLYGR_Somermeyer_2022,1,D7PM05_CLYGR_Somermeyer_2022:s1:t034,8090,26808.42108090601,33657.2403206036,False,0.0,,,not_valley_required,3,32754.239858463472,33657.2403206036,33657.2403206036,903.0004621401313,0.0,0.13184761205349066,0.0,,903.0004621401313,12031,2
D7PM05_CLYGR_Somermeyer_2022,1,D7PM05_CLYGR_Somermeyer_2022:s1:t035,8214,29996.069390543988,34431.01484597797,False,0.0,,,not_valley_required,2,34431.01484597797,34431.01484597797,34431.01484597797,0.0,0.0,0.0,0.0,,0.0,12031,2
D7PM05_CLYGR_Somermeyer_2022,1,D7PM05_CLYGR_Somermeyer_2022:s1:t036,8220,2217.7620380862163,33871.29299727211,False,0.0,,,not_valley_required,3,31220.28512815508,33871.29299727211,33871.29299727211,2651.007869117031,0.0,0.08375077878468738,0.0,,2651.007869117031,12031,3
D7PM05_CLYGR_Somermeyer_2022,1,D7PM05_CLYGR_Somermeyer_2022:s1:t037,8742,12870.15842698158,35235.10533222958,False,0.0,,,not_valley_required,3,31355.606670577938,35235.10533222958,35235.10533222958,3879.49866165164,0.0,0.17346335218624215,0.0,,3879.49866165164,12031,2
D7PM05_CLYGR_Somermeyer_2022,1,D7PM05_CLYGR_Somermeyer_2022:s1:t038,8968,34806.29779138533,37471.112410647416,True,872.4510322458445,,1,,2,34806.29779138533,37471.112410647416,37471.112410647416,2664.8146192620843,0.0,1.0,0.0,,2664.8146192620843,12031,2
D7PM05_CLYGR_Somermeyer_2022,1,D7PM05_CLYGR_Somermeyer_2022:s1:t039,9156,24035.612342439927,32844.935911070235,False,0.0,,,not_valley_required,3,32844.935911070235,32844.935911070235,32844.935911070235,0.0,0.0,0.0,0.0,,0.0,12031,2
D7PM05_CLYGR_Somermeyer_2022,1,D7PM05_CLYGR_Somermeyer_2022:s1:t040,9423,6784.334229715207,32844.935911070235,False,0.0,,,not_valley_required,3,30069.48211075392,32844.935911070235,32844.935911070235,2775.4538003163143,0.0,0.10649998930385415,0.0,,2775.4538003163143,12031,2
D7PM05_CLYGR_Somermeyer_2022,1,D7PM05_CLYGR_Somermeyer_2022:s1:t041,9784,28102.91481682592,34101.51509397626,False,0.0,,,not_valley_required,2,34101.51509397626,34101.51509397626,34101.51509397626,0.0,0.0,0.0,0.0,,0.0,12031,2
D7PM05_CLYGR_Somermeyer_2022,1,D7PM05_CLYGR_Somermeyer_2022:s1:t042,10051,24873.81086166248,32677.356238581247,True,2211.8259612099027,,1,,3,29442.805057331563,32677.356238581247,32677.356238581247,3234.5511812496843,0.0,0.4144976449828563,0.0,,3234.5511812496843,12031,1
D7PM05_CLYGR_Somermeyer_2022,1,D7PM05_CLYGR_Somermeyer_2022:s1:t043,10741,590.0,36126.057328300594,False,0.0,,,not_valley_required,2,36126.057328300594,36126.057328300594,36126.057328300594,0.0,0.0,0.0,0.0,,0.0,12031,2
D7PM05_CLYGR_Somermeyer_2022,1,D7PM05_CLYGR_Somermeyer_2022:s1:t044,10774,9925.782250595765,34116.49393396192,False,0.0,,,not_valley_required,2,34116.49393396192,34116.49393396192,34116.49393396192,0.0,0.0,0.0,0.0,,0.0,12031,2
D7PM05_CLYGR_Somermeyer_2022,1,D7PM05_CLYGR_Somermeyer_2022:s1:t045,11188,590.0,37082.83282742636,False,0.0,,,not_valley_required,3,37082.83282742636,37082.83282742636,37082.83282742636,0.0,0.0,0.0,0.0,,0.0,12031,2
D7PM05_CLYGR_Somermeyer_2022,1,D7PM05_CLYGR_Somermeyer_2022:s1:t046,11597,590.0,34842.97135230279,False,0.0,,,not_valley_required,3,590.0,34842.97135230279,34842.97135230279,34252.97135230279,0.0,1.0,0.0,,34252.97135230279,12031,1
D7PM05_CLYGR_Somermeyer_2022,1,D7PM05_CLYGR_Somermeyer_2022:s1:t047,12930,3609.9920249314137,30903.67797173565,False,0.0,,,not_valley_required,3,30903.67797173565,30903.67797173565,30903.67797173565,0.0,0.0,0.0,0.0,,0.0,12031,1
D7PM05_CLYGR_Somermeyer_2022,1,D7PM05_CLYGR_Somermeyer_2022:s1:t048,16181,590.0,32746.076924607856,False,0.0,,,not_valley_required,3,32746.076924607856,32746.076924607856,32746.076924607856,0.0,0.0,0.0,0.0,,0.0,12031,1
D7PM05_CLYGR_Somermeyer_2022,1,D7PM05_CLYGR_Somermeyer_2022:s1:t049,16584,32469.5737213187,36617.00833643063,True,815.7278446226992,,1,,3,34027.663650529525,36617.00833643063,36617.00833643063,2589.344685901102,0.0,0.6243244140525703,0.0,,2589.344685901102,12031,2
D7PM05_CLYGR_Somermeyer_2022,2,D7PM05_CLYGR_Somermeyer_2022:s2:t000,421,590.0,37633.87343229242,False,0.0,,,not_valley_required,3,30753.952212451222,37633.87343229242,37633.87343229242,6879.921219841199,0.0,0.18572359157894472,0.0,,6879.921219841199,12031,25
D7PM05_CLYGR_Somermeyer_2022,2,D7PM05_CLYGR_Somermeyer_2022:s2:t001,484,17066.705563832824,34348.819713100595,False,0.0,,,not_valley_required,3,34348.819713100595,34348.819713100595,34348.819713100595,0.0,0.0,0.0,0.0,,0.0,12031,7
D7PM05_CLYGR_Somermeyer_2022,2,D7PM05_CLYGR_Somermeyer_2022:s2:t002,633,31361.48398987452,36803.39821469778,True,4813.271936995119,,1,,3,32023.07854117381,36803.39821469778,36803.39821469778,4780.319673523969,0.0,0.8784261338994592,0.0,,4780.319673523969,12031,36
D7PM05_CLYGR_Somermeyer_2022,2,D7PM05_CLYGR_Somermeyer_2022:s2:t003,636,30885.959635985066,37050.15909527851,False,0.0,,,not_valley_required,3,34093.43585559022,37050.15909527851,37050.15909527851,2956.72323968829,0.0,0.479660539736525,0.0,,2956.72323968829,12031,45
D7PM05_CLYGR_Somermeyer_2022,2,D7PM05_CLYGR_Somermeyer_2022:s2:t004,997,27248.29642103852,40086.91476680549,False,0.0,,,not_valley_required,3,40086.91476680549,40086.91476680549,40086.91476680549,0.0,0.0,0.0,0.0,,0.0,12031,24
D7PM05_CLYGR_Somermeyer_2022,2,D7PM05_CLYGR_Somermeyer_2022:s2:t005,1474,26140.573834095656,34348.819713100595,False,0.0,,,not_valley_required,2,34348.819713100595,34348.819713100595,34348.819713100595,0.0,0.0,0.0,0.0,,0.0,12031,2
D7PM05_CLYGR_Somermeyer_2022,2,D7PM05_CLYGR_Somermeyer_2022:s2:t006,1584,32116.06069320408,37300.03421930368,False,0.0,,,not_valley_required,2,37300.03421930368,37300.03421930368,37300.03421930368,0.0,0.0,0.0,0.0,,0.0,12031,2
D7PM05_CLYGR_Somermeyer_2022,2,D7PM05_CLYGR_Somermeyer_2022:s2:t007,2325,25349.959234053244,33816.621466205506,False,0.0,,,not_valley_required,1,33816.621466205506,33816.621466205506,33816.621466205506,0.0,0.0,0.0,0.0,,0.0,12031,2
D7PM05_CLYGR_Somermeyer_2022,2,D7PM05_CLYGR_Somermeyer_2022:s2:t008,2680,590.0,33933.84675913949,False,0.0,,,not_valley_required,3,33066.27140422401,33933.84675913949,33933.84675913949,867.575354915476,0.0,0.02601905416559879,0.0,,867.575354915476,12031,2
D7PM05_CLYGR_Somermeyer_2022,2,D7PM05_CLYGR_Somermeyer_2022:s2:t009,2780,24223.86161046852,34491.22447170057,False,0.0,,,not_valley_required,2,34491.22447170057,34491.22447170057,34491.22447170057,0.0,0.0,0.0,0.0,,0.0,12031,2
D7PM05_CLYGR_Somermeyer_2022,2,D7PM05_CLYGR_Somermeyer_2022:s2:t010,2856,31384.88682657716,36972.87001035491,False,0.0,,,not_valley_required,2,33860.64464972918,36972.87001035491,36972.87001035491,3112.225360625729,0.0,0.5569496647127902,0.0,,3112.225360625729,12031,2
D7PM05_CLYGR_Somermeyer_2022,2,D7PM05_CLYGR_Somermeyer_2022:s2:t011,2930,6733.810179213407,35595.54601752101,False,0.0,,,not_valley_required,2,35595.54601752101,35595.54601752101,35595.54601752101,0.0,0.0,0.0,0.0,,0.0,12031,2
D7PM05_CLYGR_Somermeyer_2022,2,D7PM05_CLYGR_Somermeyer_2022:s2:t012,2982,29817.24933364372,33871.29299727211,True,1808.008009316145,,2,,3,29817.24933364372,33871.29299727211,33871.29299727211,4054.043663628392,0.0,1.0,0.0,,4054.043663628392,12031,1
D7PM05_CLYGR_Somermeyer_2022,2,D7PM05_CLYGR_Somermeyer_2022:s2:t013,2994,21799.918216283,33871.29299727211,True,1808.008009316145,,1,,3,29817.24933364372,33871.29299727211,33871.29299727211,4054.043663628392,0.0,0.33583943313672926,0.0,,4054.043663628392,12031,2
D7PM05_CLYGR_Somermeyer_2022,2,D7PM05_CLYGR_Somermeyer_2022:s2:t014,3066,25473.315353591963,37633.87343229242,False,0.0,,,not_valley_required,2,37633.87343229242,37633.87343229242,37633.87343229242,0.0,0.0,0.0,0.0,,0.0,12031,2
D7PM05_CLYGR_Somermeyer_2022,2,D7PM05_CLYGR_Somermeyer_2022:s2:t015,3564,26049.027770066023,34842.97135230279,False,0.0,,,not_valley_required,2,34842.97135230279,34842.97135230279,34842.97135230279,0.0,0.0,0.0,0.0,,0.0,12031,2
D7PM05_CLYGR_Somermeyer_2022,2,D7PM05_CLYGR_Somermeyer_2022:s2:t016,3866,640.6042431212468,32528.25646747212,False,0.0,,,not_valley_required,3,32243.912910620274,32528.25646747212,32528.25646747212,284.3435568518471,0.0,0.00891704271143265,0.0,,284.3435568518471,12031,2
D7PM05_CLYGR_Somermeyer_2022,2,D7PM05_CLYGR_Somermeyer_2022:s2:t017,3956,16747.891582279808,32926.96174958157,False,0.0,,,not_valley_required,3,29275.47166627787,32926.96174958157,32926.96174958157,3651.490083303699,0.0,0.22569220885656563,0.0,,3651.490083303699,12031,2
D7PM05_CLYGR_Somermeyer_2022,2,D7PM05_CLYGR_Somermeyer_2022:s2:t018,4209,27171.735774842426,36389.55780074805,False,0.0,,,not_valley_required,2,36389.55780074805,36389.55780074805,36389.55780074805,0.0,0.0,0.0,0.0,,0.0,12031,2
D7PM05_CLYGR_Somermeyer_2022,2,D7PM05_CLYGR_Somermeyer_2022:s2:t019,4482,589.9999999999999,32677.356238581247,True,20.963935366558076,,1,,3,23170.42506691197,32677.356238581247,32677.356238581247,9506.93117166928,0.0,0.2962827819463144,0.0,,9506.93117166928,12031,1
D7PM05_CLYGR_Somermeyer_2022,2,D7PM05_CLYGR_Somermeyer_2022:s2:t020,5136,590.0,33119.04338976474,False,0.0,,,not_valley_required,2,33119.04338976474,33119.04338976474,33119.04338976474,0.0,0.0,0.0,0.0,,0.0,12031,1
D7PM05_CLYGR_Somermeyer_2022,2,D7PM05_CLYGR_Somermeyer_2022:s2:t021,5306,26273.021787953145,36055.67961415663,False,0.0,,,not_valley_required,2,36055.67961415663,36055.67961415663,36055.67961415663,0.0,0.0,0.0,0.0,,0.0,12031,2
D7PM05_CLYGR_Somermeyer_2022,2,D7PM05_CLYGR_Somermeyer_2022:s2:t022,5416,27981.113459473137,35579.179298946176,False,0.0,,,not_valley_required,2,33113.33219603592,35579.179298946176,35579.179298946176,2465.8471029102584,0.0,0.3245361589392698,0.0,,2465.8471029102584,12031,2
D7PM05_CLYGR_Somermeyer_2022,2,D7PM05_CLYGR_Somermeyer_2022:s2:t023,5986,9890.658194129424,32926.34098073132,True,1204.899799731007,,1,,3,32184.732063560223,32926.34098073132,32926.34098073132,741.6089171710992,0.0,0.0321939194961669,0.0,,741.6089171710992,12031,2
D7PM05_CLYGR_Somermeyer_2022,2,D7PM05_CLYGR_Somermeyer_2022:s2:t024,6008,34107.70202167508,37471.112410647416,True,173.8552625355951,,1,,2,34107.70202167508,37471.112410647416,37471.112410647416,3363.4103889723337,0.0,1.0,0.0,,3363.4103889723337,12031,2
D7PM05_CLYGR_Somermeyer_2022,2,D7PM05_CLYGR_Somermeyer_2022:s2:t025,6057,23521.757121526585,34043.63544989424,False,0.0,,,not_valley_required,2,34043.63544989424,34043.63544989424,34043.63544989424,0.0,0.0,0.0,0.0,,0.0,12031,2
D7PM05_CLYGR_Somermeyer_2022,2,D7PM05_CLYGR_Somermeyer_2022:s2:t026,6188,33125.33758606134,33649.674716539026,True,1696.0223618219497,,1,,2,33125.33758606134,33649.674716539026,33649.674716539026,524.3371304776883,0.0,1.0,0.0,,524.3371304776883,12031,2
D7PM05_CLYGR_Somermeyer_2022,2,D7PM05_CLYGR_Somermeyer_2022:s2:t027,6319,590.0,33542.376435662896,False,0.0,,,not_valley_required,2,33542.376435662896,33542.376435662896,33542.376435662896,0.0,0.0,0.0,0.0,,0.0,12031,2
D7PM05_CLYGR_Somermeyer_2022,2,D7PM05_CLYGR_Somermeyer_2022:s2:t028,6540,23710.92200669544,35235.10533222958,True,483.8402390245028,,1,,3,32754.239858463472,35235.10533222958,35235.10533222958,2480.8654737661054,0.0,0.21527473172604353,0.0,,2480.8654737661054,12031,2
D7PM05_CLYGR_Somermeyer_2022,2,D7PM05_CLYGR_Somermeyer_2022:s2:t029,7035,590.0,34299.49104351369,False,0.0,,,not_valley_required,2,34299.49104351369,34299.49104351369,34299.49104351369,0.0,0.0,0.0,0.0,,0.0,12031,1
D7PM05_CLYGR_Somermeyer_2022,2,D7PM05_CLYGR_Somermeyer_2022:s2:t030,7151,23222.18570741349,34138.86891862885,False,0.0,,,not_valley_required,2,34138.86891862885,34138.86891862885,34138.86891862885,0.0,0.0,0.0,0.0,,0.0,12031,2
D7PM05_CLYGR_Somermeyer_2022,2,D7PM05_CLYGR_Somermeyer_2022:s2:t031,7383,30002.7328814779,35758.324785216624,False,0.0,,,not_valley_required,2,35758.324785216624,35758.324785216624,35758.324785216624,0.0,0.0,0.0,0.0,,0.0,12031,2
D7PM05_CLYGR_Somermeyer_2022,2,D7PM05_CLYGR_Somermeyer_2022:s2:t032,7713,16396.66457087076,37082.83282742636,False,0.0,,,not_valley_required,3,32967.27471428967,37082.83282742636,37082.83282742636,4115.558113136693,0.0,0.1989521723933789,0.0,,4115.558113136693,12031,2
D7PM05_CLYGR_Somermeyer_2022,2,D7PM05_CLYGR_Somermeyer_2022:s2:t033,8322,30224.9767882325,32602.434033941227,True,2080.4775064571513,,2,,3,30750.099352799247,32602.434033941227,32602.434033941227,1852.3346811419797,0.0,0.7791242868764159,0.0,,1852.3346811419797,12031,2
D7PM05_CLYGR_Somermeyer_2022,2,D7PM05_CLYGR_Somermeyer_2022:s2:t034,8437,590.0,36126.057328300594,False,0.0,,,not_valley_required,2,36126.057328300594,36126.057328300594,36126.057328300594,0.0,0.0,0.0,0.0,,0.0,12031,2
D7PM05_CLYGR_Somermeyer_2022,2,D7PM05_CLYGR_Somermeyer_2022:s2:t035,8455,27507.0314515672,36126.057328300594,False,0.0,,,not_valley_required,2,36126.057328300594,36126.057328300594,36126.057328300594,0.0,0.0,0.0,0.0,,0.0,12031,2
D7PM05_CLYGR_Somermeyer_2022,2,D7PM05_CLYGR_Somermeyer_2022:s2:t036,8456,25755.455171126952,36126.057328300594,False,0.0,,,not_valley_required,2,36126.057328300594,36126.057328300594,36126.057328300594,0.0,0.0,0.0,0.0,,0.0,12031,2
D7PM05_CLYGR_Somermeyer_2022,2,D7PM05_CLYGR_Somermeyer_2022:s2:t037,8515,590.0,34050.35960883111,False,0.0,,,not_valley_required,2,34050.35960883111,34050.35960883111,34050.35960883111,0.0,0.0,0.0,0.0,,0.0,12031,3
D7PM05_CLYGR_Somermeyer_2022,2,D7PM05_CLYGR_Somermeyer_2022:s2:t038,8711,27400.0313797335,36948.427046619705,False,0.0,,,not_valley_required,2,33931.06526097946,36948.427046619705,36948.427046619705,3017.3617856402416,0.0,0.31600720067607163,0.0,,3017.3617856402416,12031,2
D7PM05_CLYGR_Somermeyer_2022,2,D7PM05_CLYGR_Somermeyer_2022:s2:t039,9013,590.0,33947.796690773386,True,2.3285483945678607,,1,,3,31035.048105980048,33947.796690773386,33947.796690773386,2912.7485847933385,0.0,0.08731837452558704,0.0,,2912.7485847933385,12031,2
D7PM05_CLYGR_Somermeyer_2022,2,D7PM05_CLYGR_Somermeyer_2022:s2:t040,9271,2579.2075642719515,31821.39773091024,False,0.0,,,not_valley_required,3,31677.68957230342,31821.39773091024,31821.39773091024,143.70815860681978,0.0,0.004914411601452923,0.0,,143.70815860681978,12031,2
D7PM05_CLYGR_Somermeyer_2022,2,D7PM05_CLYGR_Somermeyer_2022:s2:t041,9281,31481.57187331834,33871.29299727211,True,2393.5576908118674,,1,,3,31481.57187331834,33871.29299727211,33871.29299727211,2389.721123953772,0.0,1.0,0.0,,2389.721123953772,12031,2
D7PM05_CLYGR_Somermeyer_2022,2,D7PM05_CLYGR_Somermeyer_2022:s2:t042,9621,28877.74519057752,37050.15909527851,False,0.0,,,not_valley_required,2,37050.15909527851,37050.15909527851,37050.15909527851,0.0,0.0,0.0,0.0,,0.0,12031,2
D7PM05_CLYGR_Somermeyer_2022,2,D7PM05_CLYGR_Somermeyer_2022:s2:t043,10026,590.0,33237.00342767977,True,24.122299602063663,,1,,3,1454.3342518108743,33237.00342767977,33237.00342767977,31782.669175868894,0.0,0.9735248518680876,0.0,,31782.669175868894,12031,2
D7PM05_CLYGR_Somermeyer_2022,2,D7PM05_CLYGR_Somermeyer_2022:s2:t044,10040,30784.52862756245,36617.00833643063,False,0.0,,,not_valley_required,2,36617.00833643063,36617.00833643063,36617.00833643063,0.0,0.0,0.0,0.0,,0.0,12031,2
D7PM05_CLYGR_Somermeyer_2022,2,D7PM05_CLYGR_Somermeyer_2022:s2:t045,10559,18173.72017545032,36050.4304941382,False,0.0,,,not_valley_required,2,36050.4304941382,36050.4304941382,36050.4304941382,0.0,0.0,0.0,0.0,,0.0,12031,2
D7PM05_CLYGR_Somermeyer_2022,2,D7PM05_CLYGR_Somermeyer_2022:s2:t046,11071,27446.29615997707,36942.91403429671,False,0.0,,,not_valley_required,2,36942.91403429671,36942.91403429671,36942.91403429671,0.0,0.0,0.0,0.0,,0.0,12031,2
D7PM05_CLYGR_Somermeyer_2022,2,D7PM05_CLYGR_Somermeyer_2022:s2:t047,11149,17586.99829914001,33816.621466205506,False,0.0,,,not_valley_required,3,32854.48613532189,33816.621466205506,33816.621466205506,962.1353308836187,0.0,0.0592826660840816,0.0,,962.1353308836187,12031,2
D7PM05_CLYGR_Somermeyer_2022,2,D7PM05_CLYGR_Somermeyer_2022:s2:t048,11260,23722.55619551089,37082.83282742636,True,7361.06445494666,,1,,3,35090.287494489065,37082.83282742636,37082.83282742636,1992.5453329372976,0.0,0.14913952666050637,0.0,,1992.5453329372976,12031,2
D7PM05_CLYGR_Somermeyer_2022,2,D7PM05_CLYGR_Somermeyer_2022:s2:t049,16382,29461.768097747907,33731.09235609927,True,1563.9901783447021,,1,,3,29461.768097747907,33731.09235609927,33731.09235609927,4269.32425835136,0.0,1.0,0.0,,4269.32425835136,12031,1
D7PM05_CLYGR_Somermeyer_2022,3,D7PM05_CLYGR_Somermeyer_2022:s3:t000,235,31104.9364405973,37300.03421930368,False,0.0,,,not_valley_required,3,37300.03421930368,37300.03421930368,37300.03421930368,0.0,0.0,0.0,0.0,,0.0,12031,15
D7PM05_CLYGR_Somermeyer_2022,3,D7PM05_CLYGR_Somermeyer_2022:s3:t001,271,3217.501963786538,34984.27146224417,True,2627.501963786538,,1,,3,3217.501963786538,34984.27146224417,34984.27146224417,31766.769498457634,0.0,1.0,0.0,,31766.769498457634,12031,3
D7PM05_CLYGR_Somermeyer_2022,3,D7PM05_CLYGR_Somermeyer_2022:s3:t002,547,29508.23066603664,38159.88384227201,True,7322.58841751064,,1,,3,33597.1847970219,38159.88384227201,38159.88384227201,4562.699045250105,0.0,0.5273788664787292,0.0,,4562.699045250105,12031,38
D7PM05_CLYGR_Somermeyer_2022,3,D7PM05_CLYGR_Somermeyer_2022:s3:t003,759,28105.31118968328,36851.84481704449,False,0.0,,,not_valley_required,3,36851.84481704449,36851.84481704449,36851.84481704449,0.0,0.0,0.0,0.0,,0.0,12031,19
D7PM05_CLYGR_Somermeyer_2022,3,D7PM05_CLYGR_Somermeyer_2022:s3:t004,1127,15716.08261111354,40086.91476680549,True,921.4171893772054,,1,,3,15716.08261111354,40086.91476680549,40086.91476680549,24370.832155691947,0.0,1.0,0.0,,24370.832155691947,12031,5
D7PM05_CLYGR_Somermeyer_2022,3,D7PM05_CLYGR_Somermeyer_2022:s3:t005,1155,590.0,38364.35119633329,False,0.0,,,not_valley_required,3,27257.245437522983,38364.35119633329,38364.35119633329,11107.10575881031,0.0,0.29403829336686166,0.0,,11107.10575881031,12031,27
D7PM05_CLYGR_Somermeyer_2022,3,D7PM05_CLYGR_Somermeyer_2022:s3:t006,2222,590.0,32050.26849522778,True,1574.0346739386632,,1,,3,30885.959635985066,32050.26849522778,32050.26849522778,1164.3088592427157,0.0,0.0370088659421114,0.0,,1164.3088592427157,12031,1
D7PM05_CLYGR_Somermeyer_2022,3,D7PM05_CLYGR_Somermeyer_2022:s3:t007,2283,590.0,32967.27471428967,False,0.0,,,not_valley_required,3,31947.19362599685,32967.27471428967,32967.27471428967,1020.0810882928199,0.0,0.03150608250059442,0.0,,1020.0810882928199,12031,2
D7PM05_CLYGR_Somermeyer_2022,3,D7PM05_CLYGR_Somermeyer_2022:s3:t008,2553,29408.4587903016,34246.470833765336,False,0.0,,,not_valley_required,2,34246.470833765336,34246.470833765336,34246.470833765336,0.0,0.0,0.0,0.0,,0.0,12031,2
D7PM05_CLYGR_Somermeyer_2022,3,D7PM05_CLYGR_Somermeyer_2022:s3:t009,2570,33294.27201925016,34246.470833765336,True,1112.5541028771986,,1,,2,33294.27201925016,34246.470833765336,34246.470833765336,952.1988145151772,0.0,1.0,0.0,,952.1988145151772,12031,2
D7PM05_CLYGR_Somermeyer_2022,3,D7PM05_CLYGR_Somermeyer_2022:s3:t010,2697,5808.617664826234,33933.84675913949,False,0.0,,,not_valley_required,3,33066.27140422401,33933.84675913949,33933.84675913949,867.575354915476,0.0,0.030846872464796896,0.0,,867.575354915476,12031,2
D7PM05_CLYGR_Somermeyer_2022,3,D7PM05_CLYGR_Somermeyer_2022:s3:t011,3229,28565.980009762083,37658.21393050099,False,0.0,,,not_valley_required,2,37658.21393050099,37658.21393050099,37658.21393050099,0.0,0.0,0.0,0.0,,0.0,12031,2
D7PM05_CLYGR_Somermeyer_2022,3,D7PM05_CLYGR_Somermeyer_2022:s3:t012,3887,25707.17579830674,33546.12489959741,False,0.0,,,not_valley_required,3,32243.912910620274,33546.12489959741,33546.12489959741,1302.2119889771348,0.0,0.1661207353371803,0.0,,1302.2119889771348,12031,2
D7PM05_CLYGR_Somermeyer_2022,3,D7PM05_CLYGR_Somermeyer_2022:s3:t013,3927,22390.407274077832,35771.440660365755,False,0.0,,,not_valley_required,2,35771.440660365755,35771.440660365755,35771.440660365755,0.0,0.0,0.0,0.0,,0.0,12031,1
D7PM05_CLYGR_Somermeyer_2022,3,D7PM05_CLYGR_Somermeyer_2022:s3:t014,3986,590.0,33372.122390553726,False,0.0,,,not_valley_required,3,33372.122390553726,33372.122390553726,33372.122390553726,0.0,0.0,0.0,0.0,,0.0,12031,2
D7PM05_CLYGR_Somermeyer_2022,3,D7PM05_CLYGR_Somermeyer_2022:s3:t015,4337,590.0,32338.104793223447,False,0.0,,,not_valley_required,2,32338.104793223447,32338.104793223447,32338.104793223447,0.0,0.0,0.0,0.0,,0.0,12031,2
D7PM05_CLYGR_Somermeyer_2022,3,D7PM05_CLYGR_Somermeyer_2022:s3:t016,4502,590.0,34491.22447170057,False,0.0,,,not_valley_required,2,34491.22447170057,34491.22447170057,34491.22447170057,0.0,0.0,0.0,0.0,,0.0,12031,2
D7PM05_CLYGR_Somermeyer_2022,3,D7PM05_CLYGR_Somermeyer_2022:s3:t017,5023,24703.31929708596,37082.83282742636,True,193.72833597650242,,1,,3,35058.751268743494,37082.83282742636,37082.83282742636,2024.0815586828685,0.0,0.16350251193006385,0.0,,2024.0815586828685,12031,2
D7PM05_CLYGR_Somermeyer_2022,3,D7PM05_CLYGR_Somermeyer_2022:s3:t018,6154,20471.607808258148,33147.81923171083,False,0.0,,,not_valley_required,2,31865.77816629389,33147.81923171083,33147.81923171083,1282.0410654169427,0.0,0.10113755779151769,0.0,,1282.0410654169427,12031,2
D7PM05_CLYGR_Somermeyer_2022,3,D7PM05_CLYGR_Somermeyer_2022:s3:t019,6443,22807.502957627665,33465.312421358096,False,0.0,,,not_valley_required,2,31523.39402830241,33465.312421358096,33465.312421358096,1941.9183930556865,0.0,0.18220614655049192,0.0,,1941.9183930556865,12031,2
D7PM05_CLYGR_Somermeyer_2022,3,D7PM05_CLYGR_Somermeyer_2022:s3:t020,6481,590.0,34985.15214575438,False,0.0,,,not_valley_required,2,34985.15214575438,34985.15214575438,34985.15214575438,0.0,0.0,0.0,0.0,,0.0,12031,2
D7PM05_CLYGR_Somermeyer_2022,3,D7PM05_CLYGR_Somermeyer_2022:s3:t021,6564,10879.646996958669,33237.00342767977,False,0.0,,,not_valley_required,3,32754.239858463472,33237.00342767977,33237.00342767977,482.76356921629485,0.0,0.021593052412624804,0.0,,482.76356921629485,12031,2
D7PM05_CLYGR_Somermeyer_2022,3,D7PM05_CLYGR_Somermeyer_2022:s3:t022,6599,590.0,36126.057328300594,False,0.0,,,not_valley_required,2,36126.057328300594,36126.057328300594,36126.057328300594,0.0,0.0,0.0,0.0,,0.0,12031,2
D7PM05_CLYGR_Somermeyer_2022,3,D7PM05_CLYGR_Somermeyer_2022:s3:t023,7089,590.0,34491.22447170057,False,0.0,,,not_valley_required,2,34491.22447170057,34491.22447170057,34491.22447170057,0.0,0.0,0.0,0.0,,0.0,12031,2
D7PM05_CLYGR_Somermeyer_2022,3,D7PM05_CLYGR_Somermeyer_2022:s3:t024,7379,26584.254040421954,35758.324785216624,False,0.0,,,not_valley_required,2,35758.324785216624,35758.324785216624,35758.324785216624,0.0,0.0,0.0,0.0,,0.0,12031,3
D7PM05_CLYGR_Somermeyer_2022,3,D7PM05_CLYGR_Somermeyer_2022:s3:t025,7784,935.1145187067704,38799.74485183693,False,0.0,,,not_valley_required,2,38799.74485183693,38799.74485183693,38799.74485183693,0.0,0.0,0.0,0.0,,0.0,12031,2
D7PM05_CLYGR_Somermeyer_2022,3,D7PM05_CLYGR_Somermeyer_2022:s3:t026,7801,21371.120046571046,36948.427046619705,False,0.0,,,not_valley_required,2,36948.427046619705,36948.427046619705,36948.427046619705,0.0,0.0,0.0,0.0,,0.0,12031,2
D7PM05_CLYGR_Somermeyer_2022,3,D7PM05_CLYGR_Somermeyer_2022:s3:t027,7842,29037.549726505964,34957.415812578496,True,600.7069202768216,,1,,2,33194.2942901374,34957.415812578496,34957.415812578496,1763.121522441099,0.0,0.29783131861532053,0.0,,1763.121522441099,12031,2
D7PM05_CLYGR_Somermeyer_2022,3,D7PM05_CLYGR_Somermeyer_2022:s3:t028,7863,2473.8341378897403,32546.710557432085,True,1281.4749824943392,,1,,3,31402.35488636199,32546.710557432085,32546.710557432085,1144.355671070094,0.0,0.038052750761362296,0.0,,1144.355671070094,12031,3
D7PM05_CLYGR_Somermeyer_2022,3,D7PM05_CLYGR_Somermeyer_2022:s3:t029,7901,27583.523812548585,32719.86414897071,True,1053.5268707484138,,1,,3,32355.637456480385,32719.86414897071,32719.86414897071,364.22669249032697,0.0,0.0709117131330982,0.0,,364.22669249032697,12031,3
D7PM05_CLYGR_Somermeyer_2022,3,D7PM05_CLYGR_Somermeyer_2022:s3:t030,8669,24489.385451540427,33871.29299727211,False,0.0,,,not_valley_required,3,33703.82247965746,33871.29299727211,33871.29299727211,167.47051761465264,0.0,0.01785036963947099,0.0,,167.47051761465264,12031,2
D7PM05_CLYGR_Somermeyer_2022,3,D7PM05_CLYGR_Somermeyer_2022:s3:t031,8961,22974.25693169561,35595.54601752101,False,0.0,,,not_valley_required,2,35595.54601752101,35595.54601752101,35595.54601752101,0.0,0.0,0.0,0.0,,0.0,12031,2
D7PM05_CLYGR_Somermeyer_2022,3,D7PM05_CLYGR_Somermeyer_2022:s3:t032,9014,24941.28816498353,36126.057328300594,False,0.0,,,not_valley_required,2,36126.057328300594,36126.057328300594,36126.057328300594,0.0,0.0,0.0,0.0,,0.0,12031,2
D7PM05_CLYGR_Somermeyer_2022,3,D7PM05_CLYGR_Somermeyer_2022:s3:t033,9103,22734.15434041641,33933.84675913949,False,0.0,,,not_valley_required,3,33194.2942901374,33933.84675913949,33933.84675913949,739.5524690020902,0.0,0.06603328389320264,0.0,,739.5524690020902,12031,2
D7PM05_CLYGR_Somermeyer_2022,3,D7PM05_CLYGR_Somermeyer_2022:s3:t034,9122,590.0,33211.935805906825,False,0.0,,,not_valley_required,3,33211.935805906825,33211.935805906825,33211.935805906825,0.0,0.0,0.0,0.0,,0.0,12031,1
D7PM05_CLYGR_Somermeyer_2022,3,D7PM05_CLYGR_Somermeyer_2022:s3:t035,9551,1248.7120262833614,33947.796690773386,False,0.0,,,not_valley_required,3,33636.32590030619,33947.796690773386,33947.796690773386,311.4707904671959,0.0,0.009525367259146598,0.0,,311.4707904671959,12031,2
D7PM05_CLYGR_Somermeyer_2022,3,D7PM05_CLYGR_Somermeyer_2022:s3:t036,9615,30610.10134652448,33948.88981786173,False,0.0,,,not_valley_required,2,33948.88981786173,33948.88981786173,33948.88981786173,0.0,0.0,0.0,0.0,,0.0,12031,2
D7PM05_CLYGR_Somermeyer_2022,3,D7PM05_CLYGR_Somermeyer_2022:s3:t037,9783,26498.16905499428,36751.35159683505,False,0.0,,,not_valley_required,2,36751.35159683505,36751.35159683505,36751.35159683505,0.0,0.0,0.0,0.0,,0.0,12031,2
D7PM05_CLYGR_Somermeyer_2022,3,D7PM05_CLYGR_Somermeyer_2022:s3:t038,9808,590.0,33933.84675913949,False,0.0,,,not_valley_required,3,33933.84675913949,33933.84675913949,33933.84675913949,0.0,0.0,0.0,0.0,,0.0,12031,2
D7PM05_CLYGR_Somermeyer_2022,3,D7PM05_CLYGR_Somermeyer_2022:s3:t039,9843,16083.095253295807,36689.84860049112,False,0.0,,,not_valley_required,3,33442.67118941289,36689.84860049112,36689.84860049112,3247.177411078228,0.0,0.15757831213718032,0.0,,3247.177411078228,12031,2
D7PM05_CLYGR_Somermeyer_2022,3,D7PM05_CLYGR_Somermeyer_2022:s3:t040,9993,590.0,34978.954146780336,False,0.0,,,not_valley_required,2,34978.954146780336,34978.954146780336,34978.954146780336,0.0,0.0,0.0,0.0,,0.0,12031,2
D7PM05_CLYGR_Somermeyer_2022,3,D7PM05_CLYGR_Somermeyer_2022:s3:t041,10021,818.982420070991,33211.935805906825,True,222.49417265819625,,2,,3,818.982420070991,33211.935805906825,33211.935805906825,32392.953385835834,0.0,1.0,0.0,,32392.953385835834,12031,2
D7PM05_CLYGR_Somermeyer_2022,3,D7PM05_CLYGR_Somermeyer_2022:s3:t042,10350,28854.37630566533,34116.49393396192,False,0.0,,,not_valley_required,2,34116.49393396192,34116.49393396192,34116.49393396192,0.0,0.0,0.0,0.0,,0.0,12031,2
D7PM05_CLYGR_Somermeyer_2022,3,D7PM05_CLYGR_Somermeyer_2022:s3:t043,10500,1478.846775802656,34762.662792985386,False,0.0,,,not_valley_required,2,34762.662792985386,34762.662792985386,34762.662792985386,0.0,0.0,0.0,0.0,,0.0,12031,1
D7PM05_CLYGR_Somermeyer_2022,3,D7PM05_CLYGR_Somermeyer_2022:s3:t044,10569,22229.61285773139,33606.694957938795,False,0.0,,,not_valley_required,2,33606.694957938795,33606.694957938795,33606.694957938795,0.0,0.0,0.0,0.0,,0.0,12031,2
D7PM05_CLYGR_Somermeyer_2022,3,D7PM05_CLYGR_Somermeyer_2022:s3:t045,11099,26359.72052375962,33066.27140422401,False,0.0,,,not_valley_required,2,33066.27140422401,33066.27140422401,33066.27140422401,0.0,0.0,0.0,0.0,,0.0,12031,2
D7PM05_CLYGR_Somermeyer_2022,3,D7PM05_CLYGR_Somermeyer_2022:s3:t046,14986,2803.025267588762,32163.389554750305,False,0.0,,,not_valley_required,3,32163.389554750305,32163.389554750305,32163.389554750305,0.0,0.0,0.0,0.0,,0.0,12031,1
D7PM05_CLYGR_Somermeyer_2022,3,D7PM05_CLYGR_Somermeyer_2022:s3:t047,15574,30379.61659457265,35511.4800372771,True,3287.9393702224406,,1,,3,30379.61659457265,35511.4800372771,35511.4800372771,5131.863442704449,0.0,1.0,0.0,,5131.863442704449,12031,1
D7PM05_CLYGR_Somermeyer_2022,3,D7PM05_CLYGR_Somermeyer_2022:s3:t048,15818,590.0,39762.17942323938,False,0.0,,,not_valley_required,3,39762.17942323938,39762.17942323938,39762.17942323938,0.0,0.0,0.0,0.0,,0.0,12031,1
D7PM05_CLYGR_Somermeyer_2022,3,D7PM05_CLYGR_Somermeyer_2022:s3:t049,16784,20151.49991694195,30610.10134652448,False,0.0,,,not_valley_required,3,29341.355988867075,30610.10134652448,30610.10134652448,1268.7453576574044,0.0,0.12131118737049416,0.0,,1268.7453576574044,12031,1
F7YBW8_MESOW_Aakre_2015,1,F7YBW8_MESOW_Aakre_2015:s1:t000,34,0.300827,1.203698,True,0.284018,,1,,3,0.300827,1.203698,1.203698,0.902871,0.0,1.0,0.0,,0.902871,9192,32
F7YBW8_MESOW_Aakre_2015,1,F7YBW8_MESOW_Aakre_2015:s1:t001,150,0.927506,1.203698,False,0.0,,,not_valley_required,2,1.203698,1.203698,1.203698,0.0,0.0,0.0,0.0,,0.0,9192,16
F7YBW8_MESOW_Aakre_2015,1,F7YBW8_MESOW_Aakre_2015:s1:t002,352,-0.001858,1.122629,False,0.0,,,not_valley_required,1,1.122629,1.122629,1.122629,0.0,0.0,0.0,0.0,,0.0,9192,25
F7YBW8_MESOW_Aakre_2015,1,F7YBW8_MESOW_Aakre_2015:s1:t003,365,0.0130889999999999,1.122629,True,0.256631,,1,,3,1.072517,1.122629,1.122629,0.050112000000000156,0.0,0.04516466283324634,0.0,,0.050112000000000156,9192,25
F7YBW8_MESOW_Aakre_2015,1,F7YBW8_MESOW_Aakre_2015:s1:t004,416,0.009916,1.122629,True,0.25643400000000005,,1,,3,1.080144,1.122629,1.122629,0.042485000000000106,0.0,0.03818145379805943,0.0,,0.042485000000000106,9192,25
F7YBW8_MESOW_Aakre_2015,1,F7YBW8_MESOW_Aakre_2015:s1:t005,464,0.010049,1.122629,True,0.25643400000000005,,1,,3,1.06409,1.122629,1.122629,0.05853900000000012,0.0,0.05261554225314145,0.0,,0.05853900000000012,9192,25
F7YBW8_MESOW_Aakre_2015,1,F7YBW8_MESOW_Aakre_2015:s1:t006,475,0.153117,1.122629,True,0.69046,,1,,3,1.018563,1.122629,1.122629,0.10406599999999999,0.0,0.10733853732599491,0.0,,0.10406599999999999,9192,18
F7YBW8_MESOW_Aakre_2015,1,F7YBW8_MESOW_Aakre_2015:s1:t007,501,-0.007142,1.203698,False,0.0,,,not_valley_required,2,1.203698,1.203698,1.203698,0.0,0.0,0.0,0.0,,0.0,9192,23
F7YBW8_MESOW_Aakre_2015,1,F7YBW8_MESOW_Aakre_2015:s1:t008,1033,0.114067,1.203698,False,0.0,,,not_valley_required,3,1.203698,1.203698,1.203698,0.0,0.0,0.0,0.0,,0.0,9192,8
F7YBW8_MESOW_Aakre_2015,1,F7YBW8_MESOW_Aakre_2015:s1:t009,1537,0.00947,1.122629,False,0.0,,,not_valley_required,2,1.071641,1.122629,1.122629,0.05098800000000003,0.0,0.045804777215114854,0.0,,0.05098800000000003,9192,8
F7YBW8_MESOW_Aakre_2015,1,F7YBW8_MESOW_Aakre_2015:s1:t010,1638,0.017022,1.087159,False,0.0,,,not_valley_required,2,1.087159,1.087159,1.087159,0.0,0.0,0.0,0.0,,0.0,9192,14
F7YBW8_MESOW_Aakre_2015,1,F7YBW8_MESOW_Aakre_2015:s1:t011,1674,-0.000888,1.152256,False,0.0,,,not_valley_required,3,1.152256,1.152256,1.152256,0.0,0.0,0.0,0.0,,0.0,9192,12
F7YBW8_MESOW_Aakre_2015,1,F7YBW8_MESOW_Aakre_2015:s1:t012,1931,-0.00536,1.076292,False,0.0,,,not_valley_required,2,1.076292,1.076292,1.076292,0.0,0.0,0.0,0.0,,0.0,9192,8
F7YBW8_MESOW_Aakre_2015,1,F7YBW8_MESOW_Aakre_2015:s1:t013,1980,0.013583,1.032458,False,0.0,,,not_valley_required,2,1.032458,1.032458,1.032458,0.0,0.0,0.0,0.0,,0.0,9192,8
F7YBW8_MESOW_Aakre_2015,1,F7YBW8_MESOW_Aakre_2015:s1:t014,2201,0.026632,1.033008,False,0.0,,,not_valley_required,2,1.033008,1.033008,1.033008,0.0,0.0,0.0,0.0,,0.0,9192,12
F7YBW8_MESOW_Aakre_2015,1,F7YBW8_MESOW_Aakre_2015:s1:t015,3045,0.007776,1.152256,False,0.0,,,not_valley_required,3,1.152256,1.152256,1.152256,0.0,0.0,0.0,0.0,,0.0,9192,15
F7YBW8_MESOW_Aakre_2015,1,F7YBW8_MESOW_Aakre_2015:s1:t016,3439,-0.006648,1.011075,False,0.0,,,not_valley_required,3,0.979132,1.011075,1.011075,0.031942999999999944,0.0,0.031386732932241826,0.0,,0.031942999999999944,9192,4
F7YBW8_MESOW_Aakre_2015,1,F7YBW8_MESOW_Aakre_2015:s1:t017,3548,-2.1e-05,1.113402,False,0.0,,,not_valley_required,3,1.113402,1.113402,1.113402,0.0,0.0,0.0,0.0,,0.0,9192,4
F7YBW8_MESOW_Aakre_2015,1,F7YBW8_MESOW_Aakre_2015:s1:t018,3584,-0.007387,1.080144,False,0.0,,,not_valley_required,3,1.080144,1.080144,1.080144,0.0,0.0,0.0,0.0,,0.0,9192,4
F7YBW8_MESOW_Aakre_2015,1,F7YBW8_MESOW_Aakre_2015:s1:t019,3632,0.005858,1.076292,False,0.0,,,not_valley_required,3,1.076292,1.076292,1.076292,0.0,0.0,0.0,0.0,,0.0,9192,4
F7YBW8_MESOW_Aakre_2015,1,F7YBW8_MESOW_Aakre_2015:s1:t020,3748,0.001141,1.014096,False,0.0,,,not_valley_required,3,1.014096,1.014096,1.014096,0.0,0.0,0.0,0.0,,0.0,9192,4
F7YBW8_MESOW_Aakre_2015,1,F7YBW8_MESOW_Aakre_2015:s1:t021,3782,-0.020107,1.032458,False,0.0,,,not_valley_required,3,1.032458,1.032458,1.032458,0.0,0.0,0.0,0.0,,0.0,9192,4
F7YBW8_MESOW_Aakre_2015,1,F7YBW8_MESOW_Aakre_2015:s1:t022,3818,-0.01053,1.122629,False,0.0,,,not_valley_required,3,1.046407,1.122629,1.122629,0.07622200000000001,0.0,0.06726505283018536,0.0,,0.07622200000000001,9192,4
F7YBW8_MESOW_Aakre_2015,1,F7YBW8_MESOW_Aakre_2015:s1:t023,4179,0.023407,1.087159,False,0.0,,,not_valley_required,3,1.087159,1.087159,1.087159,0.0,0.0,0.0,0.0,,0.0,9192,4
F7YBW8_MESOW_Aakre_2015,1,F7YBW8_MESOW_Aakre_2015:s1:t024,4363,-0.008886,1.122629,False,0.0,,,not_valley_required,3,1.122629,1.122629,1.122629,0.0,0.0,0.0,0.0,,0.0,9192,4
F7YBW8_MESOW_Aakre_2015,1,F7YBW8_MESOW_Aakre_2015:s1:t025,4747,0.001844,1.011075,False,0.0,,,not_valley_required,3,1.011075,1.011075,1.011075,0.0,0.0,0.0,0.0,,0.0,9192,4
F7YBW8_MESOW_Aakre_2015,1,F7YBW8_MESOW_Aakre_2015:s1:t026,4856,0.001459,1.122629,True,0.002347,,1,,3,0.001459,1.122629,1.122629,1.12117,0.0,1.0,0.0,,1.12117,9192,4
F7YBW8_MESOW_Aakre_2015,1,F7YBW8_MESOW_Aakre_2015:s1:t027,5200,0.000647,1.008731,False,0.0,,,not_valley_required,3,1.008731,1.008731,1.008731,0.0,0.0,0.0,0.0,,0.0,9192,4
F7YBW8_MESOW_Aakre_2015,1,F7YBW8_MESOW_Aakre_2015:s1:t028,5450,-0.004464,1.102657,False,0.0,,,not_valley_required,3,1.102657,1.102657,1.102657,0.0,0.0,0.0,0.0,,0.0,9192,4
F7YBW8_MESOW_Aakre_2015,1,F7YBW8_MESOW_Aakre_2015:s1:t029,5663,0.006553,1.087159,False,0.0,,,not_valley_required,3,1.087159,1.087159,1.087159,0.0,0.0,0.0,0.0,,0.0,9192,4
F7YBW8_MESOW_Aakre_2015,1,F7YBW8_MESOW_Aakre_2015:s1:t030,6219,0.002747,1.014096,False,0.0,,,not_valley_required,3,1.014096,1.014096,1.014096,0.0,0.0,0.0,0.0,,0.0,9192,4
F7YBW8_MESOW_Aakre_2015,1,F7YBW8_MESOW_Aakre_2015:s1:t031,6245,-0.011772,1.018563,False,0.0,,,not_valley_required,3,1.008731,1.018563,1.018563,0.009832000000000063,0.0,0.009542527430398911,0.0,,0.009832000000000063,9192,4
F7YBW8_MESOW_Aakre_2015,1,F7YBW8_MESOW_Aakre_2015:s1:t032,6386,-0.013075,0.978401,False,0.0,,,not_valley_required,3,0.978401,0.978401,0.978401,0.0,0.0,0.0,0.0,,0.0,9192,3
F7YBW8_MESOW_Aakre_2015,1,F7YBW8_MESOW_Aakre_2015:s1:t033,6818,-0.009139,1.122629,False,0.0,,,not_valley_required,3,1.122629,1.122629,1.122629,0.0,0.0,0.0,0.0,,0.0,9192,4
F7YBW8_MESOW_Aakre_2015,1,F7YBW8_MESOW_Aakre_2015:s1:t034,6915,-0.01944,1.102657,False,0.0,,,not_valley_required,3,1.051531,1.102657,1.102657,0.051126000000000005,0.0,0.0455629058806859,0.0,,0.051126000000000005,9192,4
F7YBW8_MESOW_Aakre_2015,1,F7YBW8_MESOW_Aakre_2015:s1:t035,7090,-0.006827,1.087159,False,0.0,,,not_valley_required,3,1.087159,1.087159,1.087159,0.0,0.0,0.0,0.0,,0.0,9192,4
F7YBW8_MESOW_Aakre_2015,1,F7YBW8_MESOW_Aakre_2015:s1:t036,7174,-0.007981,1.046407,False,0.0,,,not_valley_required,3,1.046407,1.046407,1.046407,0.0,0.0,0.0,0.0,,0.0,9192,4
F7YBW8_MESOW_Aakre_2015,1,F7YBW8_MESOW_Aakre_2015:s1:t037,7297,-0.014655,1.049564,False,0.0,,,not_valley_required,3,1.049564,1.049564,1.049564,0.0,0.0,0.0,0.0,,0.0,9192,4
F7YBW8_MESOW_Aakre_2015,1,F7YBW8_MESOW_Aakre_2015:s1:t038,7364,-0.01592,1.102657,False,0.0,,,not_valley_required,3,1.102657,1.102657,1.102657,0.0,0.0,0.0,0.0,,0.0,9192,4
F7YBW8_MESOW_Aakre_2015,1,F7YBW8_MESOW_Aakre_2015:s1:t039,7530,-0.00544,1.076292,False,0.0,,,not_valley_required,3,1.076292,1.076292,1.076292,0.0,0.0,0.0,0.0,,0.0,9192,4
F7YBW8_MESOW_Aakre_2015,1,F7YBW8_MESOW_Aakre_2015:s1:t040,7737,-0.02089,1.122629,False,0.0,,,not_valley_required,3,1.122629,1.122629,1.122629,0.0,0.0,0.0,0.0,,0.0,9192,4
F7YBW8_MESOW_Aakre_2015,1,F7YBW8_MESOW_Aakre_2015:s1:t041,7993,-0.004381,1.076292,False,0.0,,,not_valley_required,3,1.076292,1.076292,1.076292,0.0,0.0,0.0,0.0,,0.0,9192,4
F7YBW8_MESOW_Aakre_2015,1,F7YBW8_MESOW_Aakre_2015:s1:t042,8117,-0.016501,1.032458,False,0.0,,,not_valley_required,3,1.032458,1.032458,1.032458,0.0,0.0,0.0,0.0,,0.0,9192,4
F7YBW8_MESOW_Aakre_2015,1,F7YBW8_MESOW_Aakre_2015:s1:t043,8123,-0.006053,1.049564,False,0.0,,,not_valley_required,3,1.049564,1.049564,1.049564,0.0,0.0,0.0,0.0,,0.0,9192,4
F7YBW8_MESOW_Aakre_2015,1,F7YBW8_MESOW_Aakre_2015:s1:t044,8205,-0.007764,1.018563,False,0.0,,,not_valley_required,3,1.018563,1.018563,1.018563,0.0,0.0,0.0,0.0,,0.0,9192,4
F7YBW8_MESOW_Aakre_2015,1,F7YBW8_MESOW_Aakre_2015:s1:t045,8318,-0.007301,1.102657,False,0.0,,,not_valley_required,3,1.046407,1.102657,1.102657,0.05624999999999991,0.0,0.050677593206229346,0.0,,0.05624999999999991,9192,4
F7YBW8_MESOW_Aakre_2015,1,F7YBW8_MESOW_Aakre_2015:s1:t046,8644,-0.000955,1.011075,False,0.0,,,not_valley_required,3,1.011075,1.011075,1.011075,0.0,0.0,0.0,0.0,,0.0,9192,4
F7YBW8_MESOW_Aakre_2015,1,F7YBW8_MESOW_Aakre_2015:s1:t047,8870,-0.010058,1.113402,False,0.0,,,not_valley_required,3,1.113402,1.113402,1.113402,0.0,0.0,0.0,0.0,,0.0,9192,4
F7YBW8_MESOW_Aakre_2015,1,F7YBW8_MESOW_Aakre_2015:s1:t048,9058,-0.001964,1.087159,False,0.0,,,not_valley_required,3,1.087159,1.087159,1.087159,0.0,0.0,0.0,0.0,,0.0,9192,4
F7YBW8_MESOW_Aakre_2015,1,F7YBW8_MESOW_Aakre_2015:s1:t049,9116,-0.010033,0.97338,False,0.0,,,not_valley_required,3,0.8256549999999999,0.97338,0.97338,0.1477250000000001,0.0,0.15021664346515667,0.0,,0.1477250000000001,9192,4
F7YBW8_MESOW_Aakre_2015,2,F7YBW8_MESOW_Aakre_2015:s2:t000,390,1.119826,1.152256,True,0.006423999999999985,,1,,2,1.119826,1.152256,1.152256,0.03242999999999996,0.0,1.0,0.0,,0.03242999999999996,9192,19
F7YBW8_MESOW_Aakre_2015,2,F7YBW8_MESOW_Aakre_2015:s2:t001,449,1.06409,1.152256,True,0.017682999999999893,,1,,2,1.06409,1.152256,1.152256,0.08816599999999997,0.0,1.0,0.0,,0.08816599999999997,9192,19
F7YBW8_MESOW_Aakre_2015,2,F7YBW8_MESOW_Aakre_2015:s2:t002,585,0.045411,1.152256,False,0.0,,,not_valley_required,3,1.152256,1.152256,1.152256,0.0,0.0,0.0,0.0,,0.0,9192,7
F7YBW8_MESOW_Aakre_2015,2,F7YBW8_MESOW_Aakre_2015:s2:t003,588,0.157425,1.203698,False,0.0,,,not_valley_required,3,1.152256,1.203698,1.203698,0.05144199999999999,0.0,0.049166900034694566,0.0,,0.05144199999999999,9192,8
F7YBW8_MESOW_Aakre_2015,2,F7YBW8_MESOW_Aakre_2015:s2:t004,926,-0.002016,1.051531,False,0.0,,,not_valley_required,2,1.051531,1.051531,1.051531,0.0,0.0,0.0,0.0,,0.0,9192,12
F7YBW8_MESOW_Aakre_2015,2,F7YBW8_MESOW_Aakre_2015:s2:t005,1390,-0.000759,1.152256,False,0.0,,,not_valley_required,3,1.152256,1.152256,1.152256,0.0,0.0,0.0,0.0,,0.0,9192,14
F7YBW8_MESOW_Aakre_2015,2,F7YBW8_MESOW_Aakre_2015:s2:t006,1500,0.001597,1.119826,False,0.0,,,not_valley_required,3,1.119826,1.119826,1.119826,0.0,0.0,0.0,0.0,,0.0,9192,12
F7YBW8_MESOW_Aakre_2015,2,F7YBW8_MESOW_Aakre_2015:s2:t007,2239,-0.015437,1.011075,False,0.0,,,not_valley_required,2,1.011075,1.011075,1.011075,0.0,0.0,0.0,0.0,,0.0,9192,12
F7YBW8_MESOW_Aakre_2015,2,F7YBW8_MESOW_Aakre_2015:s2:t008,2594,0.012361,1.008731,False,0.0,,,not_valley_required,2,1.008731,1.008731,1.008731,0.0,0.0,0.0,0.0,,0.0,9192,12
F7YBW8_MESOW_Aakre_2015,2,F7YBW8_MESOW_Aakre_2015:s2:t009,2640,-0.004592,1.011075,False,0.0,,,not_valley_required,2,1.011075,1.011075,1.011075,0.0,0.0,0.0,0.0,,0.0,9192,12
F7YBW8_MESOW_Aakre_2015,2,F7YBW8_MESOW_Aakre_2015:s2:t010,2694,0.061889,1.203698,False,0.0,,,not_valley_required,3,1.152256,1.203698,1.203698,0.05144199999999999,0.0,0.04505306929617825,0.0,,0.05144199999999999,9192,8
F7YBW8_MESOW_Aakre_2015,2,F7YBW8_MESOW_Aakre_2015:s2:t011,2770,0.038504,1.152256,False,0.0,,,not_valley_required,3,1.152256,1.152256,1.152256,0.0,0.0,0.0,0.0,,0.0,9192,8
F7YBW8_MESOW_Aakre_2015,2,F7YBW8_MESOW_Aakre_2015:s2:t012,2844,-0.009719,1.152256,False,0.0,,,not_valley_required,3,1.122629,1.152256,1.152256,0.029626999999999848,0.0,0.025497106220013208,0.0,,0.029626999999999848,9192,15
F7YBW8_MESOW_Aakre_2015,2,F7YBW8_MESOW_Aakre_2015:s2:t013,2895,-0.00125,1.152256,False,0.0,,,not_valley_required,3,1.152256,1.152256,1.152256,0.0,0.0,0.0,0.0,,0.0,9192,14
F7YBW8_MESOW_Aakre_2015,2,F7YBW8_MESOW_Aakre_2015:s2:t014,2907,-0.002536,1.072517,False,0.0,,,not_valley_required,3,1.033008,1.072517,1.072517,0.039509000000000016,0.0,0.0367507462422783,0.0,,0.039509000000000016,9192,15
F7YBW8_MESOW_Aakre_2015,2,F7YBW8_MESOW_Aakre_2015:s2:t015,2979,0.004133,1.119826,False,0.0,,,not_valley_required,3,1.102657,1.119826,1.119826,0.01716899999999999,0.0,0.015388641857571921,0.0,,0.01716899999999999,9192,15
F7YBW8_MESOW_Aakre_2015,2,F7YBW8_MESOW_Aakre_2015:s2:t016,3476,-0.004212,1.102657,False,0.0,,,not_valley_required,3,1.014096,1.102657,1.102657,0.08856099999999989,0.0,0.08001037159772284,0.0,,0.08856099999999989,9192,4
F7YBW8_MESOW_Aakre_2015,2,F7YBW8_MESOW_Aakre_2015:s2:t017,3778,-0.012622,1.032458,False,0.0,,,not_valley_required,3,1.032458,1.032458,1.032458,0.0,0.0,0.0,0.0,,0.0,9192,4
F7YBW8_MESOW_Aakre_2015,2,F7YBW8_MESOW_Aakre_2015:s2:t018,3868,-0.000675,1.122629,False,0.0,,,not_valley_required,3,1.122629,1.122629,1.122629,0.0,0.0,0.0,0.0,,0.0,9192,4
F7YBW8_MESOW_Aakre_2015,2,F7YBW8_MESOW_Aakre_2015:s2:t019,4121,0.005666,1.076292,False,0.0,,,not_valley_required,3,1.043491,1.076292,1.076292,0.03280100000000008,0.0,0.03063721598391976,0.0,,0.03280100000000008,9192,4
F7YBW8_MESOW_Aakre_2015,2,F7YBW8_MESOW_Aakre_2015:s2:t020,4394,6.1e-05,1.072517,False,0.0,,,not_valley_required,2,1.072517,1.072517,1.072517,0.0,0.0,0.0,0.0,,0.0,9192,4
F7YBW8_MESOW_Aakre_2015,2,F7YBW8_MESOW_Aakre_2015:s2:t021,5048,-0.009337,1.080144,False,0.0,,,not_valley_required,3,1.049564,1.080144,1.080144,0.03058000000000005,0.0,0.02806841055511758,0.0,,0.03058000000000005,9192,4
F7YBW8_MESOW_Aakre_2015,2,F7YBW8_MESOW_Aakre_2015:s2:t022,5217,0.007802,1.043491,False,0.0,,,not_valley_required,3,1.043491,1.043491,1.043491,0.0,0.0,0.0,0.0,,0.0,9192,4
F7YBW8_MESOW_Aakre_2015,2,F7YBW8_MESOW_Aakre_2015:s2:t023,5327,-0.005447,1.122629,False,0.0,,,not_valley_required,3,1.122629,1.122629,1.122629,0.0,0.0,0.0,0.0,,0.0,9192,4
F7YBW8_MESOW_Aakre_2015,2,F7YBW8_MESOW_Aakre_2015:s2:t024,5796,-0.001131,1.122629,False,0.0,,,not_valley_required,3,1.122629,1.122629,1.122629,0.0,0.0,0.0,0.0,,0.0,9192,4
F7YBW8_MESOW_Aakre_2015,2,F7YBW8_MESOW_Aakre_2015:s2:t025,5893,-0.004837,0.989308,False,0.0,,,not_valley_required,3,0.989308,0.989308,0.989308,0.0,0.0,0.0,0.0,,0.0,9192,4
F7YBW8_MESOW_Aakre_2015,2,F7YBW8_MESOW_Aakre_2015:s2:t026,5915,-0.001827,1.102657,False,0.0,,,not_valley_required,3,1.008731,1.102657,1.102657,0.09392599999999995,0.0,0.08504061625157082,0.0,,0.09392599999999995,9192,4
F7YBW8_MESOW_Aakre_2015,2,F7YBW8_MESOW_Aakre_2015:s2:t027,5929,-0.015224,1.102657,False,0.0,,,not_valley_required,3,1.049564,1.102657,1.102657,0.05309300000000006,0.0,0.047494321846421994,0.0,,0.05309300000000006,9192,4
F7YBW8_MESOW_Aakre_2015,2,F7YBW8_MESOW_Aakre_2015:s2:t028,5964,-0.00613,1.152256,False,0.0,,,not_valley_required,2,1.152256,1.152256,1.152256,0.0,0.0,0.0,0.0,,0.0,9192,4
F7YBW8_MESOW_Aakre_2015,2,F7YBW8_MESOW_Aakre_2015:s2:t029,5967,-0.004786,1.113402,False,0.0,,,not_valley_required,3,1.113402,1.113402,1.113402,0.0,0.0,0.0,0.0,,0.0,9192,4
F7YBW8_MESOW_Aakre_2015,2,F7YBW8_MESOW_Aakre_2015:s2:t030,6095,-0.00343,1.076292,False,0.0,,,not_valley_required,3,1.049564,1.076292,1.076292,0.026728000000000085,0.0,0.024754520145000364,0.0,,0.026728000000000085,9192,4
F7YBW8_MESOW_Aakre_2015,2,F7YBW8_MESOW_Aakre_2015:s2:t031,6226,-0.005259,1.051531,False,0.0,,,not_valley_required,3,1.051531,1.051531,1.051531,0.0,0.0,0.0,0.0,,0.0,9192,4
F7YBW8_MESOW_Aakre_2015,2,F7YBW8_MESOW_Aakre_2015:s2:t032,6447,-0.001516,1.102657,False,0.0,,,not_valley_required,3,1.102657,1.102657,1.102657,0.0,0.0,0.0,0.0,,0.0,9192,3
F7YBW8_MESOW_Aakre_2015,2,F7YBW8_MESOW_Aakre_2015:s2:t033,6793,0.001863,1.122629,False,0.0,,,not_valley_required,3,1.122629,1.122629,1.122629,0.0,0.0,0.0,0.0,,0.0,9192,4
F7YBW8_MESOW_Aakre_2015,2,F7YBW8_MESOW_Aakre_2015:s2:t034,6940,0.012011,1.113402,False,0.0,,,not_valley_required,3,1.113402,1.113402,1.113402,0.0,0.0,0.0,0.0,,0.0,9192,4
F7YBW8_MESOW_Aakre_2015,2,F7YBW8_MESOW_Aakre_2015:s2:t035,7056,-0.000994,1.076292,False,0.0,,,not_valley_required,3,1.076292,1.076292,1.076292,0.0,0.0,0.0,0.0,,0.0,9192,4
F7YBW8_MESOW_Aakre_2015,2,F7YBW8_MESOW_Aakre_2015:s2:t036,7288,-0.009001,1.033008,False,0.0,,,not_valley_required,3,0.992173,1.033008,1.033008,0.040834999999999955,0.0,0.039188721018724365,0.0,,0.040834999999999955,9192,4
F7YBW8_MESOW_Aakre_2015,2,F7YBW8_MESOW_Aakre_2015:s2:t037,7301,-0.003867,1.049564,False,0.0,,,not_valley_required,3,1.049564,1.049564,1.049564,0.0,0.0,0.0,0.0,,0.0,9192,4
F7YBW8_MESOW_Aakre_2015,2,F7YBW8_MESOW_Aakre_2015:s2:t038,7303,-0.011614,1.072517,False,0.0,,,not_valley_required,2,1.072517,1.072517,1.072517,0.0,0.0,0.0,0.0,,0.0,9192,4
F7YBW8_MESOW_Aakre_2015,2,F7YBW8_MESOW_Aakre_2015:s2:t039,7616,0.003783,1.033008,True,0.00033799999999999976,,1,,3,0.003783,1.033008,1.033008,1.0292249999999998,0.0,1.0,0.0,,1.0292249999999998,9192,4
F7YBW8_MESOW_Aakre_2015,2,F7YBW8_MESOW_Aakre_2015:s2:t040,8225,-0.005227,1.122629,False,0.0,,,not_valley_required,3,1.032458,1.122629,1.122629,0.090171,0.0,0.07994903604715495,0.0,,0.090171,9192,4
F7YBW8_MESOW_Aakre_2015,2,F7YBW8_MESOW_Aakre_2015:s2:t041,8340,0.000292,1.102657,False,0.0,,,not_valley_required,3,1.049564,1.102657,1.102657,0.05309300000000006,0.0,0.04816281358715131,0.0,,0.05309300000000006,9192,4
F7YBW8_MESOW_Aakre_2015,2,F7YBW8_MESOW_Aakre_2015:s2:t042,8358,-0.011312,1.102657,False,0.0,,,not_valley_required,3,0.978401,1.102657,1.102657,0.12425600000000003,0.0,0.11154349896630879,0.0,,0.12425600000000003,9192,4
F7YBW8_MESOW_Aakre_2015,2,F7YBW8_MESOW_Aakre_2015:s2:t043,8359,-0.004615,1.102657,False,0.0,,,not_valley_required,3,0.978401,1.102657,1.102657,0.12425600000000003,0.0,0.1122181361038661,0.0,,0.12425600000000003,9192,4
F7YBW8_MESOW_Aakre_2015,2,F7YBW8_MESOW_Aakre_2015:s2:t044,8417,-0.005898,1.113402,False,0.0,,,not_valley_required,3,1.113402,1.113402,1.113402,0.0,0.0,0.0,0.0,,0.0,9192,4
F7YBW8_MESOW_Aakre_2015,2,F7YBW8_MESOW_Aakre_2015:s2:t045,8607,0.0065489999999999,1.032458,False,0.0,,,not_valley_required,3,1.032458,1.032458,1.032458,0.0,0.0,0.0,0.0,,0.0,9192,4
F7YBW8_MESOW_Aakre_2015,2,F7YBW8_MESOW_Aakre_2015:s2:t046,8613,0.0008869999999999,1.049564,False,0.0,,,not_valley_required,3,1.049564,1.049564,1.049564,0.0,0.0,0.0,0.0,,0.0,9192,4
F7YBW8_MESOW_Aakre_2015,2,F7YBW8_MESOW_Aakre_2015:s2:t047,8915,-0.015012,1.113402,False,0.0,,,not_valley_required,3,1.113402,1.113402,1.113402,0.0,0.0,0.0,0.0,,0.0,9192,4
F7YBW8_MESOW_Aakre_2015,2,F7YBW8_MESOW_Aakre_2015:s2:t048,9173,-0.014407,1.018563,False,0.0,,,not_valley_required,3,1.014096,1.018563,1.018563,0.004466999999999999,0.0,0.004324423748995613,0.0,,0.004466999999999999,9192,4
F7YBW8_MESOW_Aakre_2015,2,F7YBW8_MESOW_Aakre_2015:s2:t049,9183,-0.009639,1.051531,False,0.0,,,not_valley_required,3,1.051531,1.051531,1.051531,0.0,0.0,0.0,0.0,,0.0,9192,4
F7YBW8_MESOW_Aakre_2015,3,F7YBW8_MESOW_Aakre_2015:s3:t000,215,0.220317,1.152256,False,0.0,,,not_valley_required,2,1.152256,1.152256,1.152256,0.0,0.0,0.0,0.0,,0.0,9192,18
F7YBW8_MESOW_Aakre_2015,3,F7YBW8_MESOW_Aakre_2015:s3:t001,248,0.415392,1.122629,True,0.398148,,1,,3,1.033008,1.122629,1.122629,0.08962100000000017,0.0,0.12671989729044175,0.0,,0.08962100000000017,9192,16
F7YBW8_MESOW_Aakre_2015,3,F7YBW8_MESOW_Aakre_2015:s3:t002,508,0.266458,1.122629,False,0.0,,,not_valley_required,3,1.119826,1.122629,1.122629,0.002803000000000111,0.0,0.0032738786994655398,0.0,,0.002803000000000111,9192,23
F7YBW8_MESOW_Aakre_2015,3,F7YBW8_MESOW_Aakre_2015:s3:t003,587,0.029965,1.152256,False,0.0,,,not_valley_required,3,1.152256,1.152256,1.152256,0.0,0.0,0.0,0.0,,0.0,9192,8
F7YBW8_MESOW_Aakre_2015,3,F7YBW8_MESOW_Aakre_2015:s3:t004,701,0.027871,1.203698,False,0.0,,,not_valley_required,3,1.203698,1.203698,1.203698,0.0,0.0,0.0,0.0,,0.0,9192,12
F7YBW8_MESOW_Aakre_2015,3,F7YBW8_MESOW_Aakre_2015:s3:t005,1049,0.0696669999999999,1.203698,False,0.0,,,not_valley_required,3,1.203698,1.203698,1.203698,0.0,0.0,0.0,0.0,,0.0,9192,8
F7YBW8_MESOW_Aakre_2015,3,F7YBW8_MESOW_Aakre_2015:s3:t006,1073,-0.007447,1.018563,False,0.0,,,not_valley_required,2,1.018563,1.018563,1.018563,0.0,0.0,0.0,0.0,,0.0,9192,14
F7YBW8_MESOW_Aakre_2015,3,F7YBW8_MESOW_Aakre_2015:s3:t007,1596,0.011308,1.080144,False,0.0,,,not_valley_required,2,1.033008,1.080144,1.080144,0.04713600000000007,0.0,0.04410031099251903,0.0,,0.04713600000000007,9192,8
F7YBW8_MESOW_Aakre_2015,3,F7YBW8_MESOW_Aakre_2015:s3:t008,2136,-0.000919,1.076292,False,0.0,,,not_valley_required,2,1.076292,1.076292,1.076292,0.0,0.0,0.0,0.0,,0.0,9192,14
F7YBW8_MESOW_Aakre_2015,3,F7YBW8_MESOW_Aakre_2015:s3:t009,2197,-0.006589,1.008731,False,0.0,,,not_valley_required,2,1.008731,1.008731,1.008731,0.0,0.0,0.0,0.0,,0.0,9192,12
F7YBW8_MESOW_Aakre_2015,3,F7YBW8_MESOW_Aakre_2015:s3:t010,2227,-0.003577,1.071641,False,0.0,,,not_valley_required,3,1.071641,1.071641,1.071641,0.0,0.0,0.0,0.0,,0.0,9192,12
F7YBW8_MESOW_Aakre_2015,3,F7YBW8_MESOW_Aakre_2015:s3:t011,2467,0.043026,1.072517,False,0.0,,,not_valley_required,3,0.978401,1.072517,1.072517,0.09411599999999998,0.0,0.09141993470559721,0.0,,0.09411599999999998,9192,8
F7YBW8_MESOW_Aakre_2015,3,F7YBW8_MESOW_Aakre_2015:s3:t012,2484,0.010601,1.102657,False,0.0,,,not_valley_required,2,1.051531,1.102657,1.102657,0.051126000000000005,0.0,0.04681628048378472,0.0,,0.051126000000000005,9192,8
F7YBW8_MESOW_Aakre_2015,3,F7YBW8_MESOW_Aakre_2015:s3:t013,2611,-0.003709,1.203698,False,0.0,,,not_valley_required,3,1.203698,1.203698,1.203698,0.0,0.0,0.0,0.0,,0.0,9192,12
F7YBW8_MESOW_Aakre_2015,3,F7YBW8_MESOW_Aakre_2015:s3:t014,3141,0.024664,1.119826,False,0.0,,,not_valley_required,3,1.076292,1.119826,1.119826,0.04353399999999996,0.0,0.03975119662661776,0.0,,0.04353399999999996,9192,15
F7YBW8_MESOW_Aakre_2015,3,F7YBW8_MESOW_Aakre_2015:s3:t015,3555,-0.00462,1.080144,False,0.0,,,not_valley_required,3,1.008731,1.080144,1.080144,0.07141299999999995,0.0,0.06583275256184751,0.0,,0.07141299999999995,9192,4
F7YBW8_MESOW_Aakre_2015,3,F7YBW8_MESOW_Aakre_2015:s3:t016,3799,-0.006104,1.018563,False,0.0,,,not_valley_required,3,1.018563,1.018563,1.018563,0.0,0.0,0.0,0.0,,0.0,9192,4
F7YBW8_MESOW_Aakre_2015,3,F7YBW8_MESOW_Aakre_2015:s3:t017,3839,0.002933,1.122629,False,0.0,,,not_valley_required,3,1.122629,1.122629,1.122629,0.0,0.0,0.0,0.0,,0.0,9192,4
F7YBW8_MESOW_Aakre_2015,3,F7YBW8_MESOW_Aakre_2015:s3:t018,3898,0.002246,1.072517,False,0.0,,,not_valley_required,2,1.072517,1.072517,1.072517,0.0,0.0,0.0,0.0,,0.0,9192,4
F7YBW8_MESOW_Aakre_2015,3,F7YBW8_MESOW_Aakre_2015:s3:t019,4226,0.006479,1.049564,False,0.0,,,not_valley_required,3,1.049564,1.049564,1.049564,0.0,0.0,0.0,0.0,,0.0,9192,4
F7YBW8_MESOW_Aakre_2015,3,F7YBW8_MESOW_Aakre_2015:s3:t020,4249,-0.007377,1.051531,False,0.0,,,not_valley_required,3,1.051531,1.051531,1.051531,0.0,0.0,0.0,0.0,,0.0,9192,4
F7YBW8_MESOW_Aakre_2015,3,F7YBW8_MESOW_Aakre_2015:s3:t021,4414,0.000416,1.051531,False,0.0,,,not_valley_required,3,1.051531,1.051531,1.051531,0.0,0.0,0.0,0.0,,0.0,9192,4
F7YBW8_MESOW_Aakre_2015,3,F7YBW8_MESOW_Aakre_2015:s3:t022,4932,-0.001402,1.102657,False,0.0,,,not_valley_required,3,1.102657,1.102657,1.102657,0.0,0.0,0.0,0.0,,0.0,9192,4
F7YBW8_MESOW_Aakre_2015,3,F7YBW8_MESOW_Aakre_2015:s3:t023,4935,0.001235,1.102657,True,0.00067,,1,,3,0.001235,1.102657,1.102657,1.101422,0.0,1.0,0.0,,1.101422,9192,4
F7YBW8_MESOW_Aakre_2015,3,F7YBW8_MESOW_Aakre_2015:s3:t024,5749,-0.002771,1.018563,False,0.0,,,not_valley_required,3,1.008731,1.018563,1.018563,0.009832000000000063,0.0,0.009626625570087808,0.0,,0.009832000000000063,9192,4
F7YBW8_MESOW_Aakre_2015,3,F7YBW8_MESOW_Aakre_2015:s3:t025,5988,0.004969,1.119826,False,0.0,,,not_valley_required,2,1.119826,1.119826,1.119826,0.0,0.0,0.0,0.0,,0.0,9192,4
F7YBW8_MESOW_Aakre_2015,3,F7YBW8_MESOW_Aakre_2015:s3:t026,6061,0.002992,1.080144,False,0.0,,,not_valley_required,3,1.051531,1.080144,1.080144,0.028613,0.0,0.026563567630195184,0.0,,0.028613,9192,4
F7YBW8_MESOW_Aakre_2015,3,F7YBW8_MESOW_Aakre_2015:s3:t027,6322,0.004473,1.122629,False,0.0,,,not_valley_required,3,1.122629,1.122629,1.122629,0.0,0.0,0.0,0.0,,0.0,9192,3
F7YBW8_MESOW_Aakre_2015,3,F7YBW8_MESOW_Aakre_2015:s3:t028,6350,-0.002317,1.008731,False,0.0,,,not_valley_required,3,1.008731,1.008731,1.008731,0.0,0.0,0.0,0.0,,0.0,9192,3
F7YBW8_MESOW_Aakre_2015,3,F7YBW8_MESOW_Aakre_2015:s3:t029,6388,0.001797,1.051531,True,0.0045249999999999995,,1,,3,0.001797,1.051531,1.051531,1.049734,0.0,1.0,0.0,,1.049734,9192,3
F7YBW8_MESOW_Aakre_2015,3,F7YBW8_MESOW_Aakre_2015:s3:t030,6471,-0.00289,1.203698,False,0.0,,,not_valley_required,2,1.203698,1.203698,1.203698,0.0,0.0,0.0,0.0,,0.0,9192,4
F7YBW8_MESOW_Aakre_2015,3,F7YBW8_MESOW_Aakre_2015:s3:t031,6506,-4.9e-05,1.080144,False,0.0,,,not_valley_required,3,1.080144,1.080144,1.080144,0.0,0.0,0.0,0.0,,0.0,9192,4
F7YBW8_MESOW_Aakre_2015,3,F7YBW8_MESOW_Aakre_2015:s3:t032,6677,-0.0078,1.033008,False,0.0,,,not_valley_required,3,1.033008,1.033008,1.033008,0.0,0.0,0.0,0.0,,0.0,9192,3
F7YBW8_MESOW_Aakre_2015,3,F7YBW8_MESOW_Aakre_2015:s3:t033,6900,0.002771,1.102657,True,0.004764,,1,,3,0.002771,1.102657,1.102657,1.099886,0.0,1.0,0.0,,1.099886,9192,4
F7YBW8_MESOW_Aakre_2015,3,F7YBW8_MESOW_Aakre_2015:s3:t034,6994,-0.006561,1.080144,False,0.0,,,not_valley_required,3,1.080144,1.080144,1.080144,0.0,0.0,0.0,0.0,,0.0,9192,4
F7YBW8_MESOW_Aakre_2015,3,F7YBW8_MESOW_Aakre_2015:s3:t035,7146,0.002308,1.043491,False,0.0,,,not_valley_required,3,1.043491,1.043491,1.043491,0.0,0.0,0.0,0.0,,0.0,9192,4
F7YBW8_MESOW_Aakre_2015,3,F7YBW8_MESOW_Aakre_2015:s3:t036,7284,4.3e-05,1.008731,False,0.0,,,not_valley_required,3,0.992173,1.008731,1.008731,0.016558000000000073,0.0,0.016415383151182596,0.0,,0.016558000000000073,9192,4
F7YBW8_MESOW_Aakre_2015,3,F7YBW8_MESOW_Aakre_2015:s3:t037,7687,-0.003364,1.043491,False,0.0,,,not_valley_required,3,1.043491,1.043491,1.043491,0.0,0.0,0.0,0.0,,0.0,9192,4
F7YBW8_MESOW_Aakre_2015,3,F7YBW8_MESOW_Aakre_2015:s3:t038,7704,-0.014144,1.018563,False,0.0,,,not_valley_required,3,0.992173,1.018563,1.018563,0.026390000000000136,0.0,0.025554198819219907,0.0,,0.026390000000000136,9192,4
F7YBW8_MESOW_Aakre_2015,3,F7YBW8_MESOW_Aakre_2015:s3:t039,7745,-0.003945,1.122629,False,0.0,,,not_valley_required,3,1.122629,1.122629,1.122629,0.0,0.0,0.0,0.0,,0.0,9192,4
F7YBW8_MESOW_Aakre_2015,3,F7YBW8_MESOW_Aakre_2015:s3:t040,7766,0.004318,1.122629,False,0.0,,,not_valley_required,3,1.122629,1.122629,1.122629,0.0,0.0,0.0,0.0,,0.0,9192,4
F7YBW8_MESOW_Aakre_2015,3,F7YBW8_MESOW_Aakre_2015:s3:t041,7804,-0.010766,0.996487,False,0.0,,,not_valley_required,3,0.996487,0.996487,0.996487,0.0,0.0,0.0,0.0,,0.0,9192,4
F7YBW8_MESOW_Aakre_2015,3,F7YBW8_MESOW_Aakre_2015:s3:t042,8108,-0.016016,1.008731,False,0.0,,,not_valley_required,3,1.008731,1.008731,1.008731,0.0,0.0,0.0,0.0,,0.0,9192,4
F7YBW8_MESOW_Aakre_2015,3,F7YBW8_MESOW_Aakre_2015:s3:t043,8310,0.00114,1.051531,False,0.0,,,not_valley_required,3,1.051531,1.051531,1.051531,0.0,0.0,0.0,0.0,,0.0,9192,4
F7YBW8_MESOW_Aakre_2015,3,F7YBW8_MESOW_Aakre_2015:s3:t044,8571,-0.004822,1.087159,False,0.0,,,not_valley_required,3,1.087159,1.087159,1.087159,0.0,0.0,0.0,0.0,,0.0,9192,4
F7YBW8_MESOW_Aakre_2015,3,F7YBW8_MESOW_Aakre_2015:s3:t045,8750,-0.007036,1.122629,False,0.0,,,not_valley_required,3,1.122629,1.122629,1.122629,0.0,0.0,0.0,0.0,,0.0,9192,4
F7YBW8_MESOW_Aakre_2015,3,F7YBW8_MESOW_Aakre_2015:s3:t046,8863,-0.002069,1.102657,False,0.0,,,not_valley_required,3,1.102657,1.102657,1.102657,0.0,0.0,0.0,0.0,,0.0,9192,4
F7YBW8_MESOW_Aakre_2015,3,F7YBW8_MESOW_Aakre_2015:s3:t047,8916,-0.003504,1.113402,False,0.0,,,not_valley_required,3,1.113402,1.113402,1.113402,0.0,0.0,0.0,0.0,,0.0,9192,4
F7YBW8_MESOW_Aakre_2015,3,F7YBW8_MESOW_Aakre_2015:s3:t048,9005,-0.005723,1.076292,False,0.0,,,not_valley_required,3,0.97338,1.076292,1.076292,0.102912,0.0,0.09511143560856367,0.0,,0.102912,9192,4
F7YBW8_MESOW_Aakre_2015,3,F7YBW8_MESOW_Aakre_2015:s3:t049,9024,0.022244,1.076292,True,0.011846,,1,,3,0.022244,1.076292,1.076292,1.054048,0.0,1.0,0.0,,1.054048,9192,4
GCN4_YEAST_Staller_2018,1,GCN4_YEAST_Staller_2018:s1:t000,1,1.6103073140000002,1.81087231,False,0.0,,,not_valley_required,2,1.81087231,1.81087231,1.81087231,0.0,0.0,0.0,0.0,,0.0,57,1
GCN4_YEAST_Staller_2018,1,GCN4_YEAST_Staller_2018:s1:t001,3,1.664214576,1.81087231,True,0.49890498699999997,,1,,2,1.664214576,1.81087231,1.81087231,0.14665773399999993,0.0,1.0,0.0,,0.14665773399999993,57,1
GCN4_YEAST_Staller_2018,1,GCN4_YEAST_Staller_2018:s1:t002,8,1.162099572,1.229022583,False,0.0,,,not_valley_required,1,1.229022583,1.229022583,1.229022583,0.0,0.0,0.0,0.0,,0.0,2,1
GCN4_YEAST_Staller_2018,1,GCN4_YEAST_Staller_2018:s1:t003,10,1.317032637,1.5607224119999998,True,0.15484872875,,1,,3,1.377814536,1.5607224119999998,1.5607224119999998,0.1829078759999998,0.0,0.7505767363443951,0.0,,0.1829078759999998,8,1
GCN4_YEAST_Staller_2018,1,GCN4_YEAST_Staller_2018:s1:t004,23,1.667267101,1.667267101,False,0.0,,,not_valley_required,0,1.667267101,1.667267101,1.667267101,0.0,0.0,,,oracle_does_not_improve_start_beyond_epsilon,0.0,3,2
GCN4_YEAST_Staller_2018,1,GCN4_YEAST_Staller_2018:s1:t005,36,1.688455211,1.81087231,False,0.0,,,not_valley_required,1,1.81087231,1.81087231,1.81087231,0.0,0.0,0.0,0.0,,0.0,57,3
GCN4_YEAST_Staller_2018,1,GCN4_YEAST_Staller_2018:s1:t006,38,1.5254047469999998,1.81087231,True,0.1983530659999999,,2,,3,1.696924619,1.81087231,1.81087231,0.1139476909999999,0.0,0.3991616063223263,0.0,,0.1139476909999999,57,3
GCN4_YEAST_Staller_2018,1,GCN4_YEAST_Staller_2018:s1:t007,41,1.558784423,1.81087231,True,0.46564811000000006,,1,,3,1.630957699,1.81087231,1.81087231,0.17991461099999984,0.0,0.713697961219374,0.0,,0.17991461099999984,57,1
GCN4_YEAST_Staller_2018,1,GCN4_YEAST_Staller_2018:s1:t008,43,1.506822593,1.506822593,False,0.0,,,not_valley_required,0,1.506822593,1.506822593,1.506822593,0.0,0.0,,,oracle_does_not_improve_start_beyond_epsilon,0.0,2,1
GCN4_YEAST_Staller_2018,1,GCN4_YEAST_Staller_2018:s1:t009,61,1.622197528,1.622197528,False,0.0,,,not_valley_required,0,1.622197528,1.622197528,1.622197528,0.0,0.0,,,oracle_does_not_improve_start_beyond_epsilon,0.0,2,1
GCN4_YEAST_Staller_2018,1,GCN4_YEAST_Staller_2018:s1:t010,63,1.175484701,1.5607224119999998,False,0.0,,,not_valley_required,2,1.2324764398333334,1.5607224119999998,1.5607224119999998,0.3282459721666664,0.0,0.8520608517650199,0.0,,0.3282459721666664,8,2
GCN4_YEAST_Staller_2018,1,GCN4_YEAST_Staller_2018:s1:t011,64,1.5607224119999998,1.5607224119999998,False,0.0,,,not_valley_required,0,1.5607224119999998,1.5607224119999998,1.5607224119999998,0.0,0.0,,,oracle_does_not_improve_start_beyond_epsilon,0.0,8,1
GCN4_YEAST_Staller_2018,1,GCN4_YEAST_Staller_2018:s1:t012,65,1.397830511,1.5607224119999998,True,0.17486470374999996,,1,,2,1.4854649,1.5607224119999998,1.5607224119999998,0.07525751199999986,0.0,0.46200892455666004,0.0,,0.07525751199999986,8,2
GCN4_YEAST_Staller_2018,1,GCN4_YEAST_Staller_2018:s1:t013,69,1.721160894,1.755713189,False,0.0,,,not_valley_required,1,1.755713189,1.755713189,1.755713189,0.0,0.0,0.0,0.0,,0.0,6,2
GCN4_YEAST_Staller_2018,1,GCN4_YEAST_Staller_2018:s1:t014,71,1.429176356,1.5735970190000002,True,0.14538902499999984,,1,,2,1.429176356,1.5735970190000002,1.5735970190000002,0.14442066300000023,0.0,1.0,0.0,,0.14442066300000023,6,1
GCN4_YEAST_Staller_2018,1,GCN4_YEAST_Staller_2018:s1:t015,100,1.642050269,1.81087231,False,0.0,,,not_valley_required,2,1.772131306,1.81087231,1.81087231,0.03874100400000002,0.0,0.22947835348110768,0.0,,0.03874100400000002,57,5
GCN4_YEAST_Staller_2018,1,GCN4_YEAST_Staller_2018:s1:t016,106,1.380018049,1.793019225,False,0.0,,,not_valley_required,3,1.772131306,1.793019225,1.793019225,0.0208879190000002,0.0,0.05057593104771255,0.0,,0.0208879190000002,57,5
GCN4_YEAST_Staller_2018,1,GCN4_YEAST_Staller_2018:s1:t017,110,1.64110554,1.833653963,True,0.1558213930000003,,1,,2,1.64110554,1.833653963,1.833653963,0.19254842299999986,0.0,1.0,0.0,,0.19254842299999986,57,1
GCN4_YEAST_Staller_2018,1,GCN4_YEAST_Staller_2018:s1:t018,111,1.405978409,1.833653963,False,0.0,,,not_valley_required,2,1.833653963,1.833653963,1.833653963,0.0,0.0,0.0,0.0,,0.0,57,1
GCN4_YEAST_Staller_2018,1,GCN4_YEAST_Staller_2018:s1:t019,128,1.630957699,1.81087231,True,0.46564811000000006,,1,,2,1.630957699,1.81087231,1.81087231,0.17991461099999984,0.0,1.0,0.0,,0.17991461099999984,57,2
GCN4_YEAST_Staller_2018,1,GCN4_YEAST_Staller_2018:s1:t020,132,1.183802665,1.506822593,False,0.0,,,not_valley_required,1,1.506822593,1.506822593,1.506822593,0.0,0.0,0.0,0.0,,0.0,2,1
GCN4_YEAST_Staller_2018,1,GCN4_YEAST_Staller_2018:s1:t021,138,1.4363940080000002,1.833653963,False,0.0,,,not_valley_required,2,1.7628303980000002,1.833653963,1.833653963,0.07082356499999976,0.0,0.1782801515949419,0.0,,0.07082356499999976,57,4
GCN4_YEAST_Staller_2018,1,GCN4_YEAST_Staller_2018:s1:t022,139,1.3458254180000002,1.833653963,False,0.0,,,not_valley_required,2,1.793019225,1.833653963,1.833653963,0.04063473799999984,0.0,0.08329717155030332,0.0,,0.04063473799999984,57,4
GCN4_YEAST_Staller_2018,1,GCN4_YEAST_Staller_2018:s1:t023,152,1.579752036,1.579752036,False,0.0,,,not_valley_required,0,1.579752036,1.579752036,1.579752036,0.0,0.0,,,oracle_does_not_improve_start_beyond_epsilon,0.0,2,1
GCN4_YEAST_Staller_2018,1,GCN4_YEAST_Staller_2018:s1:t024,161,1.20629942,1.4658020719999998,False,0.0,,,not_valley_required,3,1.357939206,1.4658020719999998,1.4658020719999998,0.10786286599999984,0.0,0.4156522685556211,0.0,,0.10786286599999984,7,2
GCN4_YEAST_Staller_2018,1,GCN4_YEAST_Staller_2018:s1:t025,162,1.4500503130000002,1.49521781,False,0.0,,,not_valley_required,2,1.49521781,1.49521781,1.49521781,0.0,0.0,0.0,0.0,,0.0,7,2
GCN4_YEAST_Staller_2018,1,GCN4_YEAST_Staller_2018:s1:t026,234,1.458031421,1.567602378,False,0.0,,,not_valley_required,2,1.567602378,1.567602378,1.567602378,0.0,0.0,0.0,0.0,,0.0,4,1
GCN4_YEAST_Staller_2018,1,GCN4_YEAST_Staller_2018:s1:t027,279,1.772131306,1.81087231,True,0.13008103699999984,,1,,3,1.772131306,1.81087231,1.81087231,0.03874100400000002,0.0,1.0,0.0,,0.03874100400000002,57,6
GCN4_YEAST_Staller_2018,1,GCN4_YEAST_Staller_2018:s1:t028,280,1.649725054,1.772131306,True,0.1729167920000001,,1,,2,1.649725054,1.772131306,1.772131306,0.122406252,0.0,1.0,0.0,,0.122406252,57,3
GCN4_YEAST_Staller_2018,1,GCN4_YEAST_Staller_2018:s1:t029,282,1.750974591,1.750974591,False,0.0,,,not_valley_required,0,1.750974591,1.750974591,1.750974591,0.0,0.0,,,oracle_does_not_improve_start_beyond_epsilon,0.0,57,1
GCN4_YEAST_Staller_2018,1,GCN4_YEAST_Staller_2018:s1:t030,285,1.77230179,1.81087231,False,0.0,,,not_valley_required,1,1.81087231,1.81087231,1.81087231,0.0,0.0,0.0,0.0,,0.0,57,2
GCN4_YEAST_Staller_2018,1,GCN4_YEAST_Staller_2018:s1:t031,286,1.469760568,1.833653963,True,0.12393514999999988,,1,,3,1.750974591,1.833653963,1.833653963,0.08267937199999986,0.0,0.22720767437947012,0.0,,0.08267937199999986,57,3
GCN4_YEAST_Staller_2018,1,GCN4_YEAST_Staller_2018:s1:t032,290,3.0954282980000003,3.0954282980000003,False,0.0,,,not_valley_required,0,3.0954282980000003,3.0954282980000003,3.0954282980000003,0.0,0.0,,,oracle_does_not_improve_start_beyond_epsilon,0.0,4,1
GCN4_YEAST_Staller_2018,1,GCN4_YEAST_Staller_2018:s1:t033,307,1.398377213,1.793019225,False,0.0,,,not_valley_required,2,1.793019225,1.793019225,1.793019225,0.0,0.0,0.0,0.0,,0.0,57,5
GCN4_YEAST_Staller_2018,1,GCN4_YEAST_Staller_2018:s1:t034,309,1.4852841469999998,1.833653963,False,0.0,,,not_valley_required,1,1.833653963,1.833653963,1.833653963,0.0,0.0,0.0,0.0,,0.0,57,4
GCN4_YEAST_Staller_2018,1,GCN4_YEAST_Staller_2018:s1:t035,319,1.7015795459999998,3.0954282980000003,True,0.3794821129999999,,1,,2,1.708225638,3.0954282980000003,3.0954282980000003,1.3872026600000003,0.0,0.9952318413382629,0.0,,1.3872026600000003,4,2
GCN4_YEAST_Staller_2018,1,GCN4_YEAST_Staller_2018:s1:t036,332,1.7628303980000002,1.833653963,True,0.1315415560000004,,2,,3,1.7628303980000002,1.833653963,1.833653963,0.07082356499999976,0.0,1.0,0.0,,0.07082356499999976,57,4
GCN4_YEAST_Staller_2018,1,GCN4_YEAST_Staller_2018:s1:t037,359,1.532258796,1.833653963,False,0.0,,,not_valley_required,1,1.833653963,1.833653963,1.833653963,0.0,0.0,0.0,0.0,,0.0,57,5
GCN4_YEAST_Staller_2018,1,GCN4_YEAST_Staller_2018:s1:t038,364,1.4803626019999998,1.4803626019999998,False,0.0,,,not_valley_required,0,1.4803626019999998,1.4803626019999998,1.4803626019999998,0.0,0.0,,,oracle_does_not_improve_start_beyond_epsilon,0.0,2,1
GCN4_YEAST_Staller_2018,1,GCN4_YEAST_Staller_2018:s1:t039,716,1.572805855,1.793019225,True,0.06844620699999981,,2,,3,1.750974591,1.793019225,1.793019225,0.042044634000000025,0.0,0.1909267997669714,0.0,,0.042044634000000025,57,5
GCN4_YEAST_Staller_2018,1,GCN4_YEAST_Staller_2018:s1:t040,719,1.398864947,1.81087231,False,0.0,,,not_valley_required,2,1.81087231,1.81087231,1.81087231,0.0,0.0,0.0,0.0,,0.0,57,3
GCN4_YEAST_Staller_2018,1,GCN4_YEAST_Staller_2018:s1:t041,741,1.694028419,1.694028419,False,0.0,,,not_valley_required,0,1.694028419,1.694028419,1.694028419,0.0,0.0,,,oracle_does_not_improve_start_beyond_epsilon,0.0,2,1
GCN4_YEAST_Staller_2018,1,GCN4_YEAST_Staller_2018:s1:t042,772,1.2593214940000002,1.793019225,False,0.0,,,not_valley_required,1,1.793019225,1.793019225,1.793019225,0.0,0.0,0.0,0.0,,0.0,57,5
GCN4_YEAST_Staller_2018,1,GCN4_YEAST_Staller_2018:s1:t043,773,1.750613591,1.793019225,False,0.0,,,not_valley_required,1,1.793019225,1.793019225,1.793019225,0.0,0.0,0.0,0.0,,0.0,57,4
GCN4_YEAST_Staller_2018,1,GCN4_YEAST_Staller_2018:s1:t044,774,1.641455809,1.793019225,False,0.0,,,not_valley_required,1,1.793019225,1.793019225,1.793019225,0.0,0.0,0.0,0.0,,0.0,57,2
GCN4_YEAST_Staller_2018,1,GCN4_YEAST_Staller_2018:s1:t045,826,1.6312888419999998,1.833653963,True,0.09903004599999976,,1,,2,1.793019225,1.833653963,1.833653963,0.04063473799999984,0.0,0.20079911893512423,0.0,,0.04063473799999984,57,5
GCN4_YEAST_Staller_2018,1,GCN4_YEAST_Staller_2018:s1:t046,1330,1.550436977,1.793019225,True,0.05452654999999984,,1,,2,1.7628303980000002,1.793019225,1.793019225,0.030188826999999918,0.0,0.12444779965927226,0.0,,0.030188826999999918,57,5
GCN4_YEAST_Staller_2018,1,GCN4_YEAST_Staller_2018:s1:t047,1334,1.361119341,1.833653963,True,0.09903004599999976,,1,,3,1.748802916,1.833653963,1.833653963,0.0848510469999999,0.0,0.17956577793362177,0.0,,0.0848510469999999,57,5
GCN4_YEAST_Staller_2018,1,GCN4_YEAST_Staller_2018:s1:t048,1631,1.495910427,1.793019225,False,0.0,,,not_valley_required,1,1.793019225,1.793019225,1.793019225,0.0,0.0,0.0,0.0,,0.0,57,6
GCN4_YEAST_Staller_2018,1,GCN4_YEAST_Staller_2018:s1:t049,2194,1.4105070380000002,1.564749664,False,0.0,,,not_valley_required,1,1.564749664,1.564749664,1.564749664,0.0,0.0,0.0,0.0,,0.0,2,1
GCN4_YEAST_Staller_2018,2,GCN4_YEAST_Staller_2018:s2:t000,10,1.317032637,1.5607224119999998,True,0.15484872875,,1,,3,1.377814536,1.5607224119999998,1.5607224119999998,0.1829078759999998,0.0,0.7505767363443951,0.0,,0.1829078759999998,8,1
GCN4_YEAST_Staller_2018,2,GCN4_YEAST_Staller_2018:s2:t001,13,1.577989742,1.622197528,False,0.0,,,not_valley_required,1,1.622197528,1.622197528,1.622197528,0.0,0.0,0.0,0.0,,0.0,2,1
GCN4_YEAST_Staller_2018,2,GCN4_YEAST_Staller_2018:s2:t002,22,1.5633394930000002,1.755713189,False,0.0,,,not_valley_required,2,1.755713189,1.755713189,1.755713189,0.0,0.0,0.0,0.0,,0.0,6,2
GCN4_YEAST_Staller_2018,2,GCN4_YEAST_Staller_2018:s2:t003,29,1.4854649,1.5607224119999998,True,0.17486470374999996,,2,,3,1.4854649,1.5607224119999998,1.5607224119999998,0.07525751199999986,0.0,1.0,0.0,,0.07525751199999986,8,1
GCN4_YEAST_Staller_2018,2,GCN4_YEAST_Staller_2018:s2:t004,31,1.378046655,1.557905409,False,0.0,,,not_valley_required,1,1.557905409,1.557905409,1.557905409,0.0,0.0,0.0,0.0,,0.0,2,1
GCN4_YEAST_Staller_2018,2,GCN4_YEAST_Staller_2018:s2:t005,43,1.506822593,1.506822593,False,0.0,,,not_valley_required,0,1.506822593,1.506822593,1.506822593,0.0,0.0,,,oracle_does_not_improve_start_beyond_epsilon,0.0,2,1
GCN4_YEAST_Staller_2018,2,GCN4_YEAST_Staller_2018:s2:t006,49,1.353133497,1.49521781,False,0.0,,,not_valley_required,3,1.49521781,1.49521781,1.49521781,0.0,0.0,0.0,0.0,,0.0,7,3
GCN4_YEAST_Staller_2018,2,GCN4_YEAST_Staller_2018:s2:t007,51,1.515916339,1.515916339,False,0.0,,,not_valley_required,0,1.515916339,1.515916339,1.515916339,0.0,0.0,,,oracle_does_not_improve_start_beyond_epsilon,0.0,3,1
GCN4_YEAST_Staller_2018,2,GCN4_YEAST_Staller_2018:s2:t008,52,1.357939206,1.4500503130000002,True,0.15163978600000005,,1,,3,1.357939206,1.4500503130000002,1.4500503130000002,0.09211110700000025,0.0,1.0,0.0,,0.09211110700000025,7,1
GCN4_YEAST_Staller_2018,2,GCN4_YEAST_Staller_2018:s2:t009,63,1.175484701,1.5607224119999998,False,0.0,,,not_valley_required,2,1.2324764398333334,1.5607224119999998,1.5607224119999998,0.3282459721666664,0.0,0.8520608517650199,0.0,,0.3282459721666664,8,2
GCN4_YEAST_Staller_2018,2,GCN4_YEAST_Staller_2018:s2:t010,65,1.397830511,1.5607224119999998,True,0.17486470374999996,,1,,2,1.4854649,1.5607224119999998,1.5607224119999998,0.07525751199999986,0.0,0.46200892455666004,0.0,,0.07525751199999986,8,2
GCN4_YEAST_Staller_2018,2,GCN4_YEAST_Staller_2018:s2:t011,66,1.519705001,1.667267101,False,0.0,,,not_valley_required,1,1.667267101,1.667267101,1.667267101,0.0,0.0,0.0,0.0,,0.0,3,1
GCN4_YEAST_Staller_2018,2,GCN4_YEAST_Staller_2018:s2:t012,69,1.721160894,1.755713189,False,0.0,,,not_valley_required,1,1.755713189,1.755713189,1.755713189,0.0,0.0,0.0,0.0,,0.0,6,2
GCN4_YEAST_Staller_2018,2,GCN4_YEAST_Staller_2018:s2:t013,71,1.429176356,1.5735970190000002,True,0.14538902499999984,,1,,2,1.429176356,1.5735970190000002,1.5735970190000002,0.14442066300000023,0.0,1.0,0.0,,0.14442066300000023,6,1
GCN4_YEAST_Staller_2018,2,GCN4_YEAST_Staller_2018:s2:t014,99,1.4768082619999998,1.772131306,False,0.0,,,not_valley_required,1,1.772131306,1.772131306,1.772131306,0.0,0.0,0.0,0.0,,0.0,57,3
GCN4_YEAST_Staller_2018,2,GCN4_YEAST_Staller_2018:s2:t015,100,1.642050269,1.81087231,False,0.0,,,not_valley_required,2,1.772131306,1.81087231,1.81087231,0.03874100400000002,0.0,0.22947835348110768,0.0,,0.03874100400000002,57,5
GCN4_YEAST_Staller_2018,2,GCN4_YEAST_Staller_2018:s2:t016,101,1.81087231,1.81087231,False,0.0,,,not_valley_required,0,1.81087231,1.81087231,1.81087231,0.0,0.0,,,oracle_does_not_improve_start_beyond_epsilon,0.0,57,4
GCN4_YEAST_Staller_2018,2,GCN4_YEAST_Staller_2018:s2:t017,108,1.363662655,1.81087231,True,0.1983530659999999,,1,,2,1.696924619,1.81087231,1.81087231,0.1139476909999999,0.0,0.2547970280292806,0.0,,0.1139476909999999,57,2
GCN4_YEAST_Staller_2018,2,GCN4_YEAST_Staller_2018:s2:t018,109,1.375578044,1.793019225,False,0.0,,,not_valley_required,3,1.649725054,1.793019225,1.793019225,0.1432941710000002,0.0,0.34326793215928586,0.0,,0.1432941710000002,57,3
GCN4_YEAST_Staller_2018,2,GCN4_YEAST_Staller_2018:s2:t019,110,1.64110554,1.833653963,True,0.1558213930000003,,1,,2,1.64110554,1.833653963,1.833653963,0.19254842299999986,0.0,1.0,0.0,,0.19254842299999986,57,1
GCN4_YEAST_Staller_2018,2,GCN4_YEAST_Staller_2018:s2:t020,118,1.708225638,3.0954282980000003,True,0.3794821129999999,,2,,3,1.708225638,3.0954282980000003,3.0954282980000003,1.3872026600000003,0.0,1.0,0.0,,1.3872026600000003,4,1
GCN4_YEAST_Staller_2018,2,GCN4_YEAST_Staller_2018:s2:t021,128,1.630957699,1.81087231,True,0.46564811000000006,,1,,2,1.630957699,1.81087231,1.81087231,0.17991461099999984,0.0,1.0,0.0,,0.17991461099999984,57,2
GCN4_YEAST_Staller_2018,2,GCN4_YEAST_Staller_2018:s2:t022,132,1.183802665,1.506822593,False,0.0,,,not_valley_required,1,1.506822593,1.506822593,1.506822593,0.0,0.0,0.0,0.0,,0.0,2,1
GCN4_YEAST_Staller_2018,2,GCN4_YEAST_Staller_2018:s2:t023,138,1.4363940080000002,1.833653963,False,0.0,,,not_valley_required,2,1.7628303980000002,1.833653963,1.833653963,0.07082356499999976,0.0,0.1782801515949419,0.0,,0.07082356499999976,57,4
GCN4_YEAST_Staller_2018,2,GCN4_YEAST_Staller_2018:s2:t024,150,1.833653963,1.833653963,False,0.0,,,not_valley_required,0,1.833653963,1.833653963,1.833653963,0.0,0.0,,,oracle_does_not_improve_start_beyond_epsilon,0.0,57,2
GCN4_YEAST_Staller_2018,2,GCN4_YEAST_Staller_2018:s2:t025,163,1.350465366,1.49521781,False,0.0,,,not_valley_required,2,1.49521781,1.49521781,1.49521781,0.0,0.0,0.0,0.0,,0.0,7,2
GCN4_YEAST_Staller_2018,2,GCN4_YEAST_Staller_2018:s2:t026,169,1.438202119,1.515916339,False,0.0,,,not_valley_required,1,1.515916339,1.515916339,1.515916339,0.0,0.0,0.0,0.0,,0.0,3,2
GCN4_YEAST_Staller_2018,2,GCN4_YEAST_Staller_2018:s2:t027,234,1.458031421,1.567602378,False,0.0,,,not_valley_required,2,1.567602378,1.567602378,1.567602378,0.0,0.0,0.0,0.0,,0.0,4,1
GCN4_YEAST_Staller_2018,2,GCN4_YEAST_Staller_2018:s2:t028,279,1.772131306,1.81087231,True,0.13008103699999984,,1,,3,1.772131306,1.81087231,1.81087231,0.03874100400000002,0.0,1.0,0.0,,0.03874100400000002,57,6
GCN4_YEAST_Staller_2018,2,GCN4_YEAST_Staller_2018:s2:t029,280,1.649725054,1.772131306,True,0.1729167920000001,,1,,2,1.649725054,1.772131306,1.772131306,0.122406252,0.0,1.0,0.0,,0.122406252,57,3
GCN4_YEAST_Staller_2018,2,GCN4_YEAST_Staller_2018:s2:t030,281,1.522705121,1.81087231,True,0.10779398400000018,,1,,3,1.750974591,1.81087231,1.81087231,0.05989771899999985,0.0,0.20785752606970068,0.0,,0.05989771899999985,57,4
GCN4_YEAST_Staller_2018,2,GCN4_YEAST_Staller_2018:s2:t031,284,1.415847752,1.81087231,False,0.0,,,not_valley_required,1,1.81087231,1.81087231,1.81087231,0.0,0.0,0.0,0.0,,0.0,57,6
GCN4_YEAST_Staller_2018,2,GCN4_YEAST_Staller_2018:s2:t032,290,3.0954282980000003,3.0954282980000003,False,0.0,,,not_valley_required,0,3.0954282980000003,3.0954282980000003,3.0954282980000003,0.0,0.0,,,oracle_does_not_improve_start_beyond_epsilon,0.0,4,1
GCN4_YEAST_Staller_2018,2,GCN4_YEAST_Staller_2018:s2:t033,291,1.219504828,1.538657323,False,0.0,,,not_valley_required,2,1.538657323,1.538657323,1.538657323,0.0,0.0,0.0,0.0,,0.0,3,1
GCN4_YEAST_Staller_2018,2,GCN4_YEAST_Staller_2018:s2:t034,295,0.0,1.6146464880000002,False,0.0,,,not_valley_required,1,1.6146464880000002,1.6146464880000002,1.6146464880000002,0.0,0.0,0.0,0.0,,0.0,2,1
GCN4_YEAST_Staller_2018,2,GCN4_YEAST_Staller_2018:s2:t035,309,1.4852841469999998,1.833653963,False,0.0,,,not_valley_required,1,1.833653963,1.833653963,1.833653963,0.0,0.0,0.0,0.0,,0.0,57,4
GCN4_YEAST_Staller_2018,2,GCN4_YEAST_Staller_2018:s2:t036,319,1.7015795459999998,3.0954282980000003,True,0.3794821129999999,,1,,2,1.708225638,3.0954282980000003,3.0954282980000003,1.3872026600000003,0.0,0.9952318413382629,0.0,,1.3872026600000003,4,2
GCN4_YEAST_Staller_2018,2,GCN4_YEAST_Staller_2018:s2:t037,364,1.4803626019999998,1.4803626019999998,False,0.0,,,not_valley_required,0,1.4803626019999998,1.4803626019999998,1.4803626019999998,0.0,0.0,,,oracle_does_not_improve_start_beyond_epsilon,0.0,2,1
GCN4_YEAST_Staller_2018,2,GCN4_YEAST_Staller_2018:s2:t038,713,1.5754441869999998,1.793019225,True,0.05452654999999984,,2,,3,1.772131306,1.793019225,1.793019225,0.0208879190000002,0.0,0.09600328784040092,0.0,,0.0208879190000002,57,4
GCN4_YEAST_Staller_2018,2,GCN4_YEAST_Staller_2018:s2:t039,719,1.398864947,1.81087231,False,0.0,,,not_valley_required,2,1.81087231,1.81087231,1.81087231,0.0,0.0,0.0,0.0,,0.0,57,3
GCN4_YEAST_Staller_2018,2,GCN4_YEAST_Staller_2018:s2:t040,738,1.529343465,1.538657323,False,0.0,,,not_valley_required,1,1.538657323,1.538657323,1.538657323,0.0,0.0,0.0,0.0,,0.0,3,2
GCN4_YEAST_Staller_2018,2,GCN4_YEAST_Staller_2018:s2:t041,741,1.694028419,1.694028419,False,0.0,,,not_valley_required,0,1.694028419,1.694028419,1.694028419,0.0,0.0,,,oracle_does_not_improve_start_beyond_epsilon,0.0,2,1
GCN4_YEAST_Staller_2018,2,GCN4_YEAST_Staller_2018:s2:t042,766,1.3945751711111112,1.4959924362,False,0.0,,,not_valley_required,1,1.4959924362,1.4959924362,1.4959924362,0.0,0.0,0.0,0.0,,0.0,2,1
GCN4_YEAST_Staller_2018,2,GCN4_YEAST_Staller_2018:s2:t043,773,1.750613591,1.793019225,False,0.0,,,not_valley_required,1,1.793019225,1.793019225,1.793019225,0.0,0.0,0.0,0.0,,0.0,57,4
GCN4_YEAST_Staller_2018,2,GCN4_YEAST_Staller_2018:s2:t044,774,1.641455809,1.793019225,False,0.0,,,not_valley_required,1,1.793019225,1.793019225,1.793019225,0.0,0.0,0.0,0.0,,0.0,57,2
GCN4_YEAST_Staller_2018,2,GCN4_YEAST_Staller_2018:s2:t045,826,1.6312888419999998,1.833653963,True,0.09903004599999976,,1,,2,1.793019225,1.833653963,1.833653963,0.04063473799999984,0.0,0.20079911893512423,0.0,,0.04063473799999984,57,5
GCN4_YEAST_Staller_2018,2,GCN4_YEAST_Staller_2018:s2:t046,1330,1.550436977,1.793019225,True,0.05452654999999984,,1,,2,1.7628303980000002,1.793019225,1.793019225,0.030188826999999918,0.0,0.12444779965927226,0.0,,0.030188826999999918,57,5
GCN4_YEAST_Staller_2018,2,GCN4_YEAST_Staller_2018:s2:t047,1331,1.448904142,1.81087231,True,0.03399300500000013,,1,,3,1.793019225,1.81087231,1.81087231,0.017853084999999824,0.0,0.049322251452784724,0.0,,0.017853084999999824,57,5
GCN4_YEAST_Staller_2018,2,GCN4_YEAST_Staller_2018:s2:t048,1333,1.564356634,1.833653963,True,0.2542821049999999,,1,,3,1.750974591,1.833653963,1.833653963,0.08267937199999986,0.0,0.30701890845712715,0.0,,0.08267937199999986,57,3
GCN4_YEAST_Staller_2018,2,GCN4_YEAST_Staller_2018:s2:t049,2320,1.564749664,1.564749664,False,0.0,,,not_valley_required,0,1.564749664,1.564749664,1.564749664,0.0,0.0,,,oracle_does_not_improve_start_beyond_epsilon,0.0,2,1
GCN4_YEAST_Staller_2018,3,GCN4_YEAST_Staller_2018:s3:t000,3,1.664214576,1.81087231,True,0.49890498699999997,,1,,2,1.664214576,1.81087231,1.81087231,0.14665773399999993,0.0,1.0,0.0,,0.14665773399999993,57,1
GCN4_YEAST_Staller_2018,3,GCN4_YEAST_Staller_2018:s3:t001,10,1.317032637,1.5607224119999998,True,0.15484872875,,1,,3,1.377814536,1.5607224119999998,1.5607224119999998,0.1829078759999998,0.0,0.7505767363443951,0.0,,0.1829078759999998,8,1
GCN4_YEAST_Staller_2018,3,GCN4_YEAST_Staller_2018:s3:t002,13,1.577989742,1.622197528,False,0.0,,,not_valley_required,1,1.622197528,1.622197528,1.622197528,0.0,0.0,0.0,0.0,,0.0,2,1
GCN4_YEAST_Staller_2018,3,GCN4_YEAST_Staller_2018:s3:t003,18,1.2324764398333334,1.5607224119999998,True,0.056991738833333416,,1,,3,1.2324764398333334,1.5607224119999998,1.5607224119999998,0.3282459721666664,0.0,1.0,0.0,,0.3282459721666664,8,1
GCN4_YEAST_Staller_2018,3,GCN4_YEAST_Staller_2018:s3:t004,23,1.667267101,1.667267101,False,0.0,,,not_valley_required,0,1.667267101,1.667267101,1.667267101,0.0,0.0,,,oracle_does_not_improve_start_beyond_epsilon,0.0,3,2
GCN4_YEAST_Staller_2018,3,GCN4_YEAST_Staller_2018:s3:t005,36,1.688455211,1.81087231,False,0.0,,,not_valley_required,1,1.81087231,1.81087231,1.81087231,0.0,0.0,0.0,0.0,,0.0,57,3
GCN4_YEAST_Staller_2018,3,GCN4_YEAST_Staller_2018:s3:t006,42,1.165309589,1.81087231,False,0.0,,,not_valley_required,1,1.81087231,1.81087231,1.81087231,0.0,0.0,0.0,0.0,,0.0,57,5
GCN4_YEAST_Staller_2018,3,GCN4_YEAST_Staller_2018:s3:t007,43,1.506822593,1.506822593,False,0.0,,,not_valley_required,0,1.506822593,1.506822593,1.506822593,0.0,0.0,,,oracle_does_not_improve_start_beyond_epsilon,0.0,2,1
GCN4_YEAST_Staller_2018,3,GCN4_YEAST_Staller_2018:s3:t008,45,1.273771998,1.833653963,False,0.0,,,not_valley_required,3,1.7628303980000002,1.833653963,1.833653963,0.07082356499999976,0.0,0.1264973144830621,0.0,,0.07082356499999976,57,2
GCN4_YEAST_Staller_2018,3,GCN4_YEAST_Staller_2018:s3:t009,49,1.353133497,1.49521781,False,0.0,,,not_valley_required,3,1.49521781,1.49521781,1.49521781,0.0,0.0,0.0,0.0,,0.0,7,3
GCN4_YEAST_Staller_2018,3,GCN4_YEAST_Staller_2018:s3:t010,58,1.229022583,1.229022583,False,0.0,,,not_valley_required,0,1.229022583,1.229022583,1.229022583,0.0,0.0,,,oracle_does_not_improve_start_beyond_epsilon,0.0,2,1
GCN4_YEAST_Staller_2018,3,GCN4_YEAST_Staller_2018:s3:t011,65,1.397830511,1.5607224119999998,True,0.17486470374999996,,1,,2,1.4854649,1.5607224119999998,1.5607224119999998,0.07525751199999986,0.0,0.46200892455666004,0.0,,0.07525751199999986,8,2
GCN4_YEAST_Staller_2018,3,GCN4_YEAST_Staller_2018:s3:t012,66,1.519705001,1.667267101,False,0.0,,,not_valley_required,1,1.667267101,1.667267101,1.667267101,0.0,0.0,0.0,0.0,,0.0,3,1
GCN4_YEAST_Staller_2018,3,GCN4_YEAST_Staller_2018:s3:t013,70,0.992787564,1.667267101,False,0.0,,,not_valley_required,1,1.667267101,1.667267101,1.667267101,0.0,0.0,0.0,0.0,,0.0,3,1
GCN4_YEAST_Staller_2018,3,GCN4_YEAST_Staller_2018:s3:t014,71,1.429176356,1.5735970190000002,True,0.14538902499999984,,1,,2,1.429176356,1.5735970190000002,1.5735970190000002,0.14442066300000023,0.0,1.0,0.0,,0.14442066300000023,6,1
GCN4_YEAST_Staller_2018,3,GCN4_YEAST_Staller_2018:s3:t015,85,1.48149574,1.567602378,False,0.0,,,not_valley_required,1,1.567602378,1.567602378,1.567602378,0.0,0.0,0.0,0.0,,0.0,4,1
GCN4_YEAST_Staller_2018,3,GCN4_YEAST_Staller_2018:s3:t016,108,1.363662655,1.81087231,True,0.1983530659999999,,1,,2,1.696924619,1.81087231,1.81087231,0.1139476909999999,0.0,0.2547970280292806,0.0,,0.1139476909999999,57,2
GCN4_YEAST_Staller_2018,3,GCN4_YEAST_Staller_2018:s3:t017,109,1.375578044,1.793019225,False,0.0,,,not_valley_required,3,1.649725054,1.793019225,1.793019225,0.1432941710000002,0.0,0.34326793215928586,0.0,,0.1432941710000002,57,3
GCN4_YEAST_Staller_2018,3,GCN4_YEAST_Staller_2018:s3:t018,111,1.405978409,1.833653963,False,0.0,,,not_valley_required,2,1.833653963,1.833653963,1.833653963,0.0,0.0,0.0,0.0,,0.0,57,1
GCN4_YEAST_Staller_2018,3,GCN4_YEAST_Staller_2018:s3:t019,118,1.708225638,3.0954282980000003,True,0.3794821129999999,,2,,3,1.708225638,3.0954282980000003,3.0954282980000003,1.3872026600000003,0.0,1.0,0.0,,1.3872026600000003,4,1
GCN4_YEAST_Staller_2018,3,GCN4_YEAST_Staller_2018:s3:t020,128,1.630957699,1.81087231,True,0.46564811000000006,,1,,2,1.630957699,1.81087231,1.81087231,0.17991461099999984,0.0,1.0,0.0,,0.17991461099999984,57,2
GCN4_YEAST_Staller_2018,3,GCN4_YEAST_Staller_2018:s3:t021,138,1.4363940080000002,1.833653963,False,0.0,,,not_valley_required,2,1.7628303980000002,1.833653963,1.833653963,0.07082356499999976,0.0,0.1782801515949419,0.0,,0.07082356499999976,57,4
GCN4_YEAST_Staller_2018,3,GCN4_YEAST_Staller_2018:s3:t022,152,1.579752036,1.579752036,False,0.0,,,not_valley_required,0,1.579752036,1.579752036,1.579752036,0.0,0.0,,,oracle_does_not_improve_start_beyond_epsilon,0.0,2,1
GCN4_YEAST_Staller_2018,3,GCN4_YEAST_Staller_2018:s3:t023,231,1.365883018,1.588266727,False,0.0,,,not_valley_required,1,1.588266727,1.588266727,1.588266727,0.0,0.0,0.0,0.0,,0.0,2,1
GCN4_YEAST_Staller_2018,3,GCN4_YEAST_Staller_2018:s3:t024,279,1.772131306,1.81087231,True,0.13008103699999984,,1,,3,1.772131306,1.81087231,1.81087231,0.03874100400000002,0.0,1.0,0.0,,0.03874100400000002,57,6
GCN4_YEAST_Staller_2018,3,GCN4_YEAST_Staller_2018:s3:t025,280,1.649725054,1.772131306,True,0.1729167920000001,,1,,2,1.649725054,1.772131306,1.772131306,0.122406252,0.0,1.0,0.0,,0.122406252,57,3
GCN4_YEAST_Staller_2018,3,GCN4_YEAST_Staller_2018:s3:t026,283,1.582395067,1.81087231,False,0.0,,,not_valley_required,3,1.748802916,1.81087231,1.81087231,0.06206939399999989,0.0,0.2716655417625111,0.0,,0.06206939399999989,57,4
GCN4_YEAST_Staller_2018,3,GCN4_YEAST_Staller_2018:s3:t027,284,1.415847752,1.81087231,False,0.0,,,not_valley_required,1,1.81087231,1.81087231,1.81087231,0.0,0.0,0.0,0.0,,0.0,57,6
GCN4_YEAST_Staller_2018,3,GCN4_YEAST_Staller_2018:s3:t028,285,1.77230179,1.81087231,False,0.0,,,not_valley_required,1,1.81087231,1.81087231,1.81087231,0.0,0.0,0.0,0.0,,0.0,57,2
GCN4_YEAST_Staller_2018,3,GCN4_YEAST_Staller_2018:s3:t029,286,1.469760568,1.833653963,True,0.12393514999999988,,1,,3,1.750974591,1.833653963,1.833653963,0.08267937199999986,0.0,0.22720767437947012,0.0,,0.08267937199999986,57,3
GCN4_YEAST_Staller_2018,3,GCN4_YEAST_Staller_2018:s3:t030,290,3.0954282980000003,3.0954282980000003,False,0.0,,,not_valley_required,0,3.0954282980000003,3.0954282980000003,3.0954282980000003,0.0,0.0,,,oracle_does_not_improve_start_beyond_epsilon,0.0,4,1
GCN4_YEAST_Staller_2018,3,GCN4_YEAST_Staller_2018:s3:t031,294,1.294171565,1.694028419,False,0.0,,,not_valley_required,1,1.694028419,1.694028419,1.694028419,0.0,0.0,0.0,0.0,,0.0,2,1
GCN4_YEAST_Staller_2018,3,GCN4_YEAST_Staller_2018:s3:t032,295,0.0,1.6146464880000002,False,0.0,,,not_valley_required,1,1.6146464880000002,1.6146464880000002,1.6146464880000002,0.0,0.0,0.0,0.0,,0.0,2,1
GCN4_YEAST_Staller_2018,3,GCN4_YEAST_Staller_2018:s3:t033,309,1.4852841469999998,1.833653963,False,0.0,,,not_valley_required,1,1.833653963,1.833653963,1.833653963,0.0,0.0,0.0,0.0,,0.0,57,4
GCN4_YEAST_Staller_2018,3,GCN4_YEAST_Staller_2018:s3:t034,332,1.7628303980000002,1.833653963,True,0.1315415560000004,,2,,3,1.7628303980000002,1.833653963,1.833653963,0.07082356499999976,0.0,1.0,0.0,,0.07082356499999976,57,4
GCN4_YEAST_Staller_2018,3,GCN4_YEAST_Staller_2018:s3:t035,359,1.532258796,1.833653963,False,0.0,,,not_valley_required,1,1.833653963,1.833653963,1.833653963,0.0,0.0,0.0,0.0,,0.0,57,5
GCN4_YEAST_Staller_2018,3,GCN4_YEAST_Staller_2018:s3:t036,713,1.5754441869999998,1.793019225,True,0.05452654999999984,,2,,3,1.772131306,1.793019225,1.793019225,0.0208879190000002,0.0,0.09600328784040092,0.0,,0.0208879190000002,57,4
GCN4_YEAST_Staller_2018,3,GCN4_YEAST_Staller_2018:s3:t037,714,1.329515611,1.793019225,False,0.0,,,not_valley_required,3,1.772131306,1.793019225,1.793019225,0.0208879190000002,0.0,0.045065277527696235,0.0,,0.0208879190000002,57,5
GCN4_YEAST_Staller_2018,3,GCN4_YEAST_Staller_2018:s3:t038,715,1.4149111369999998,1.81087231,False,0.0,,,not_valley_required,2,1.772131306,1.81087231,1.81087231,0.03874100400000002,0.0,0.09784041123648256,0.0,,0.03874100400000002,57,4
GCN4_YEAST_Staller_2018,3,GCN4_YEAST_Staller_2018:s3:t039,716,1.572805855,1.793019225,True,0.06844620699999981,,2,,3,1.750974591,1.793019225,1.793019225,0.042044634000000025,0.0,0.1909267997669714,0.0,,0.042044634000000025,57,5
GCN4_YEAST_Staller_2018,3,GCN4_YEAST_Staller_2018:s3:t040,719,1.398864947,1.81087231,False,0.0,,,not_valley_required,2,1.81087231,1.81087231,1.81087231,0.0,0.0,0.0,0.0,,0.0,57,3
GCN4_YEAST_Staller_2018,3,GCN4_YEAST_Staller_2018:s3:t041,766,1.3945751711111112,1.4959924362,False,0.0,,,not_valley_required,1,1.4959924362,1.4959924362,1.4959924362,0.0,0.0,0.0,0.0,,0.0,2,1
GCN4_YEAST_Staller_2018,3,GCN4_YEAST_Staller_2018:s3:t042,772,1.2593214940000002,1.793019225,False,0.0,,,not_valley_required,1,1.793019225,1.793019225,1.793019225,0.0,0.0,0.0,0.0,,0.0,57,5
GCN4_YEAST_Staller_2018,3,GCN4_YEAST_Staller_2018:s3:t043,774,1.641455809,1.793019225,False,0.0,,,not_valley_required,1,1.793019225,1.793019225,1.793019225,0.0,0.0,0.0,0.0,,0.0,57,2
GCN4_YEAST_Staller_2018,3,GCN4_YEAST_Staller_2018:s3:t044,775,1.310074529,1.833653963,False,0.0,,,not_valley_required,2,1.793019225,1.833653963,1.833653963,0.04063473799999984,0.0,0.07760949984143159,0.0,,0.04063473799999984,57,4
GCN4_YEAST_Staller_2018,3,GCN4_YEAST_Staller_2018:s3:t045,1004,1.49521781,1.49521781,False,0.0,,,not_valley_required,0,1.49521781,1.49521781,1.49521781,0.0,0.0,,,oracle_does_not_improve_start_beyond_epsilon,0.0,7,1
GCN4_YEAST_Staller_2018,3,GCN4_YEAST_Staller_2018:s3:t046,1332,1.664978852,1.81087231,True,0.2661139049999999,,1,,3,1.664978852,1.81087231,1.81087231,0.14589345799999998,0.0,1.0,0.0,,0.14589345799999998,57,2
GCN4_YEAST_Staller_2018,3,GCN4_YEAST_Staller_2018:s3:t047,1333,1.564356634,1.833653963,True,0.2542821049999999,,1,,3,1.750974591,1.833653963,1.833653963,0.08267937199999986,0.0,0.30701890845712715,0.0,,0.08267937199999986,57,3
GCN4_YEAST_Staller_2018,3,GCN4_YEAST_Staller_2018:s3:t048,1631,1.495910427,1.793019225,False,0.0,,,not_valley_required,1,1.793019225,1.793019225,1.793019225,0.0,0.0,0.0,0.0,,0.0,57,6
GCN4_YEAST_Staller_2018,3,GCN4_YEAST_Staller_2018:s3:t049,2194,1.4105070380000002,1.564749664,False,0.0,,,not_valley_required,1,1.564749664,1.564749664,1.564749664,0.0,0.0,0.0,0.0,,0.0,2,1
