dataset,sequence_length,variant_id,knn_degree,knn_higher_neighbors,local_peak,fitness,graph_dirichlet_energy,knn
DMS,59,wt,1121,334,False,0.0014419741739063,11.212959254162108,34
DMS,59,K2A,1121,514,False,-3.62705283160074,11.212959254162108,34
DMS,59,K2C,1121,394,False,-0.861542073689499,11.212959254162108,34
DMS,59,K2D,1121,524,False,-3.90574037700156,11.212959254162108,34
DMS,59,K2E,1121,544,False,-4.30799049835707,11.212959254162108,34
DMS,59,K2F,1121,453,False,-2.06800101687082,11.212959254162108,34
DMS,59,K2G,1121,587,False,-4.75768056558898,11.212959254162108,34
DMS,59,K2H,1121,426,False,-1.40722701449334,11.212959254162108,34
DMS,59,K2I,1121,565,False,-4.52857661810608,11.212959254162108,34
DMS,59,K2L,1121,552,False,-4.40767312400713,11.212959254162108,34
DMS,59,K2M,1121,558,False,-4.47158486076476,11.212959254162108,34
DMS,59,K2N,1121,393,False,-0.848746918137481,11.212959254162108,34
DMS,59,K2P,1121,496,False,-3.21627404215584,11.212959254162108,34
DMS,59,K2Q,1121,507,False,-3.48670100646795,11.212959254162108,34
DMS,59,K2R,1121,526,False,-3.95160337793971,11.212959254162108,34
DMS,59,K2S,1121,446,False,-1.91007577039606,11.212959254162108,34
DMS,59,K2T,34,19,False,-1.17853044400388,11.212959254162108,34
DMS,59,K2V,34,24,False,-2.26534853961651,11.212959254162108,34
DMS,59,K2W,34,21,False,-1.64660505784156,11.212959254162108,34
DMS,59,K2Y,34,13,False,-0.26386069441803,11.212959254162108,34
DMS,59,P3A,38,6,False,0.320846643879915,11.212959254162108,34
DMS,59,P3C,38,4,False,0.405325043821737,11.212959254162108,34
DMS,59,P3D,38,13,False,0.0276278170327065,11.212959254162108,34
DMS,59,P3E,38,18,False,-0.848118992407521,11.212959254162108,34
DMS,59,P3F,38,21,False,-0.922869795496752,11.212959254162108,34
DMS,59,P3G,38,5,False,0.366689470239557,11.212959254162108,34
DMS,59,P3H,38,9,False,0.177188830242095,11.212959254162108,34
DMS,59,P3I,38,8,False,0.198347809629351,11.212959254162108,34
DMS,59,P3K,38,16,False,-0.368327714566495,11.212959254162108,34
DMS,59,P3L,38,0,True,0.513191631637259,11.212959254162108,34
DMS,59,P3M,38,7,False,0.216244886997123,11.212959254162108,34
DMS,59,P3N,38,2,False,0.438891576172185,11.212959254162108,34
DMS,59,P3Q,38,12,False,0.0990016516052983,11.212959254162108,34
DMS,59,P3R,38,1,False,0.466524933744926,11.212959254162108,34
DMS,59,P3S,38,11,False,0.110875631252772,11.212959254162108,34
DMS,59,P3T,34,10,False,0.171467294027562,11.212959254162108,34
DMS,59,P3V,34,21,False,-0.971759885976687,11.212959254162108,34
DMS,59,P3W,34,3,False,0.414747341803704,11.212959254162108,34
DMS,59,P3Y,34,16,False,-0.828844436920079,11.212959254162108,34
DMS,59,V4A,34,4,False,0.421977064931878,11.212959254162108,34
DMS,59,V4C,34,5,False,0.350990260126241,11.212959254162108,34
DMS,59,V4D,34,34,False,-6.27100862909029,11.212959254162108,34
DMS,59,V4E,34,33,False,-5.36100276543775,11.212959254162108,34
DMS,59,V4F,34,7,False,0.213930037342761,11.212959254162108,34
DMS,59,V4G,34,32,False,-4.93542695027524,11.212959254162108,34
DMS,59,V4H,34,9,False,0.158129648922028,11.212959254162108,34
DMS,59,V4I,34,6,False,0.329671161872079,11.212959254162108,34
DMS,59,V4K,34,11,False,0.0083425798499636,11.212959254162108,34
DMS,59,V4L,34,14,False,-0.162236767993757,11.212959254162108,34
DMS,59,V4M,34,8,False,0.211002701274582,11.212959254162108,34
DMS,59,V4N,34,13,False,-0.0179011559564656,11.212959254162108,34
DMS,59,V4P,34,3,False,0.444286756139626,11.212959254162108,34
DMS,59,V4Q,34,21,False,-2.25730310301109,11.212959254162108,34
DMS,59,V4R,34,1,False,0.627599363397964,11.212959254162108,34
DMS,59,V4S,34,10,False,0.124037637313583,11.212959254162108,34
DMS,59,V4T,34,2,False,0.607437138606555,11.212959254162108,34
DMS,59,V4W,34,15,False,-0.579521262470918,11.212959254162108,34
DMS,59,V4Y,34,0,True,0.708935951873787,11.212959254162108,34
DMS,59,T5A,34,22,False,-6.33974378604535,11.212959254162108,34
DMS,59,T5C,34,29,False,-7.21106478951782,11.212959254162108,34
DMS,59,T5D,34,30,False,-7.33973103722069,11.212959254162108,34
DMS,59,T5E,34,23,False,-6.76208777307178,11.212959254162108,34
DMS,59,T5F,34,24,False,-6.81464146479569,11.212959254162108,34
DMS,59,T5G,34,25,False,-6.88654656028943,11.212959254162108,34
DMS,59,T5H,34,31,False,-7.39123640532496,11.212959254162108,34
DMS,59,T5I,34,28,False,-7.16914265212672,11.212959254162108,34
DMS,59,T5K,34,26,False,-6.91154096563161,11.212959254162108,34
DMS,59,T5L,34,27,False,-7.00956436274696,11.212959254162108,34
DMS,59,T5M,34,19,False,-5.20007108404136,11.212959254162108,34
DMS,59,T5N,34,3,False,-1.36391082949861,11.212959254162108,34
DMS,59,T5P,34,20,False,-5.43150513865937,11.212959254162108,34
DMS,59,T5Q,34,33,False,-7.81944997335646,11.212959254162108,34
DMS,59,T5R,34,6,False,-2.00063446590895,11.212959254162108,34
DMS,59,T5S,34,8,False,-3.19867076130808,11.212959254162108,34
DMS,59,T5V,34,34,False,-7.85829007249473,11.212959254162108,34
DMS,59,T5W,34,32,False,-7.80804073780124,11.212959254162108,34
DMS,59,T5Y,34,21,False,-6.26099946513619,11.212959254162108,34
DMS,59,L6A,34,12,False,-2.05706861930933,11.212959254162108,34
DMS,59,L6C,34,4,False,0.0088907441379521,11.212959254162108,34
DMS,59,L6D,34,32,False,-6.85667500586565,11.212959254162108,34
DMS,59,L6E,34,34,False,-7.9211926624064,11.212959254162108,34
DMS,59,L6F,34,3,False,0.0490784555089381,11.212959254162108,34
DMS,59,L6G,34,29,False,-6.56303504819035,11.212959254162108,34
DMS,59,L6H,34,33,False,-7.31867495759184,11.212959254162108,34
DMS,59,L6I,34,1,False,0.364065206505113,11.212959254162108,34
DMS,59,L6K,34,28,False,-6.47661119176429,11.212959254162108,34
DMS,59,L6M,34,0,True,0.5835318177236,11.212959254162108,34
DMS,59,L6N,34,30,False,-6.70793462468759,11.212959254162108,34
DMS,59,L6P,34,27,False,-6.30356306930598,11.212959254162108,34
DMS,59,L6Q,34,2,False,0.322347769638163,11.212959254162108,34
DMS,59,L6R,34,31,False,-6.71417614568498,11.212959254162108,34
DMS,59,L6S,34,7,False,-0.554391333690325,11.212959254162108,34
DMS,59,L6T,34,20,False,-4.31724034796601,11.212959254162108,34
DMS,59,L6V,34,25,False,-5.02558003466934,11.212959254162108,34
DMS,59,L6W,34,26,False,-5.98344716002249,11.212959254162108,34
DMS,59,L6Y,34,6,False,-0.479122498433945,11.212959254162108,34
DMS,59,Y7A,34,18,False,-3.53004250105999,11.212959254162108,34
DMS,59,Y7C,34,6,False,-1.86082057323586,11.212959254162108,34
DMS,59,Y7D,34,23,False,-3.97993322402039,11.212959254162108,34
DMS,59,Y7E,34,31,False,-5.39751039622827,11.212959254162108,34
DMS,59,Y7F,34,15,False,-3.28720191165491,11.212959254162108,34
DMS,59,Y7G,34,32,False,-5.89340648006885,11.212959254162108,34
DMS,59,Y7H,34,12,False,-2.49895207952768,11.212959254162108,34
DMS,59,Y7I,34,30,False,-5.0475141632756,11.212959254162108,34
DMS,59,Y7K,34,3,False,-1.38430298851809,11.212959254162108,34
DMS,59,Y7L,34,29,False,-4.9943057402964,11.212959254162108,34
DMS,59,Y7M,34,13,False,-2.72489691159102,11.212959254162108,34
DMS,59,Y7N,34,8,False,-1.93761858873128,11.212959254162108,34
DMS,59,Y7P,34,33,False,-6.67161631252098,11.212959254162108,34
DMS,59,Y7Q,34,11,False,-2.22441901907037,11.212959254162108,34
DMS,59,Y7R,34,4,False,-1.39990952439573,11.212959254162108,34
DMS,59,Y7S,34,20,False,-3.77732786941612,11.212959254162108,34
DMS,59,Y7T,34,16,False,-3.43643349748753,11.212959254162108,34
DMS,59,Y7V,34,10,False,-2.19304026704616,11.212959254162108,34
DMS,59,Y7W,34,34,False,-6.92557983264399,11.212959254162108,34
DMS,59,D8A,34,10,False,-0.986992383601278,11.212959254162108,34
DMS,59,D8C,34,30,False,-6.28739322925284,11.212959254162108,34
DMS,59,D8E,34,2,False,0.311421643479951,11.212959254162108,34
DMS,59,D8F,34,32,False,-7.33375828069672,11.212959254162108,34
DMS,59,D8G,34,11,False,-1.1539017794642,11.212959254162108,34
DMS,59,D8H,34,3,False,0.223888962289194,11.212959254162108,34
DMS,59,D8I,34,28,False,-5.00615479570123,11.212959254162108,34
DMS,59,D8K,34,6,False,-0.34382033490589,11.212959254162108,34
DMS,59,D8L,34,31,False,-6.74712807404389,11.212959254162108,34
DMS,59,D8M,34,15,False,-1.99862385071979,11.212959254162108,34
DMS,59,D8N,34,5,False,-0.0337105789627212,11.212959254162108,34
DMS,59,D8P,34,34,False,-8.0653377130339,11.212959254162108,34
DMS,59,D8Q,34,0,True,0.442843875689984,11.212959254162108,34
DMS,59,D8R,34,7,False,-0.508769308572008,11.212959254162108,34
DMS,59,D8S,34,12,False,-1.37253528657087,11.212959254162108,34
DMS,59,D8T,34,1,False,0.428673273874303,11.212959254162108,34
DMS,59,D8V,34,29,False,-5.30058284503987,11.212959254162108,34
DMS,59,D8W,34,33,False,-7.84184803167912,11.212959254162108,34
DMS,59,D8Y,34,27,False,-4.95707532710334,11.212959254162108,34
DMS,59,V9A,34,18,False,-4.98270697401728,11.212959254162108,34
DMS,59,V9C,34,21,False,-5.91963851799261,11.212959254162108,34
DMS,59,V9D,34,19,False,-5.86056247284499,11.212959254162108,34
DMS,59,V9E,34,23,False,-6.22766472144604,11.212959254162108,34
DMS,59,V9F,34,20,False,-5.91443497083296,11.212959254162108,34
DMS,59,V9G,34,27,False,-6.74995478827726,11.212959254162108,34
DMS,59,V9H,34,30,False,-7.2498220951543,11.212959254162108,34
DMS,59,V9I,34,0,True,0.0155178183191573,11.212959254162108,34
DMS,59,V9K,34,32,False,-7.75486928432942,11.212959254162108,34
DMS,59,V9L,34,13,False,-4.33857227209225,11.212959254162108,34
DMS,59,V9M,34,33,False,-8.25510985650195,11.212959254162108,34
DMS,59,V9N,34,31,False,-7.30870162519758,11.212959254162108,34
DMS,59,V9P,34,24,False,-6.45942167562878,11.212959254162108,34
DMS,59,V9Q,34,25,False,-6.69996058160547,11.212959254162108,34
DMS,59,V9R,34,26,False,-6.72391737482606,11.212959254162108,34
DMS,59,V9S,34,29,False,-7.23149998075402,11.212959254162108,34
DMS,59,V9T,34,28,False,-7.18104647481028,11.212959254162108,34
DMS,59,V9W,34,22,False,-6.21065539374023,11.212959254162108,34
DMS,59,V9Y,34,34,False,-9.96578428466209,11.212959254162108,34
DMS,59,A10C,34,23,False,-5.86691076948587,11.212959254162108,34
DMS,59,A10D,34,22,False,-5.86507860112341,11.212959254162108,34
DMS,59,A10E,34,25,False,-6.24721879507373,11.212959254162108,34
DMS,59,A10F,34,26,False,-6.32168825088862,11.212959254162108,34
DMS,59,A10G,34,3,False,-0.990483153874394,11.212959254162108,34
DMS,59,A10H,34,24,False,-5.89944995883426,11.212959254162108,34
DMS,59,A10I,34,32,False,-7.51787434397102,11.212959254162108,34
DMS,59,A10K,34,34,False,-7.87975508300034,11.212959254162108,34
DMS,59,A10L,34,30,False,-7.10064699280571,11.212959254162108,34
DMS,59,A10M,34,33,False,-7.82510148627481,11.212959254162108,34
DMS,59,A10N,34,27,False,-6.55373448126288,11.212959254162108,34
DMS,59,A10P,34,19,False,-5.7066292930459,11.212959254162108,34
DMS,59,A10Q,34,31,False,-7.20306131598435,11.212959254162108,34
DMS,59,A10R,34,20,False,-5.7272219537395,11.212959254162108,34
DMS,59,A10S,34,7,False,-2.41207836740555,11.212959254162108,34
DMS,59,A10T,34,9,False,-3.43154782758294,11.212959254162108,34
DMS,59,A10V,34,21,False,-5.77115977997759,11.212959254162108,34
DMS,59,A10W,34,28,False,-6.58059182207268,11.212959254162108,34
DMS,59,A10Y,34,29,False,-6.72714646863263,11.212959254162108,34
DMS,59,E11A,34,0,True,0.798174662337194,11.212959254162108,34
DMS,59,E11C,34,6,False,0.495273389150777,11.212959254162108,34
DMS,59,E11D,34,8,False,0.462547554656375,11.212959254162108,34
DMS,59,E11F,34,11,False,0.388800739895832,11.212959254162108,34
DMS,59,E11G,34,2,False,0.682674106655873,11.212959254162108,34
DMS,59,E11H,34,12,False,0.371004228682794,11.212959254162108,34
DMS,59,E11I,34,13,False,0.28724913160188,11.212959254162108,34
DMS,59,E11K,34,9,False,0.46127148357503,11.212959254162108,34
DMS,59,E11L,34,7,False,0.473923443100186,11.212959254162108,34
DMS,59,E11M,34,3,False,0.6151167826105,11.212959254162108,34
DMS,59,E11N,34,4,False,0.601771023275937,11.212959254162108,34
DMS,59,E11P,34,34,False,-7.85829007249473,11.212959254162108,34
DMS,59,E11Q,34,1,False,0.736389993147916,11.212959254162108,34
DMS,59,E11R,34,14,False,0.233890786358356,11.212959254162108,34
DMS,59,E11S,34,5,False,0.540386739756075,11.212959254162108,34
DMS,59,E11T,34,15,False,0.17483902775512,11.212959254162108,34
DMS,59,E11V,34,17,False,-0.0781409219706493,11.212959254162108,34
DMS,59,E11W,34,32,False,-4.72452237989734,11.212959254162108,34
DMS,59,E11Y,34,10,False,0.411602913564669,11.212959254162108,34
DMS,59,Y12A,34,8,False,0.436149546194609,11.212959254162108,34
DMS,59,Y12C,34,5,False,0.491086313053363,11.212959254162108,34
DMS,59,Y12D,34,33,False,-5.33245932035478,11.212959254162108,34
DMS,59,Y12E,34,12,False,0.328650810983793,11.212959254162108,34
DMS,59,Y12F,34,9,False,0.429273825193681,11.212959254162108,34
DMS,59,Y12G,34,32,False,-5.0660591964696,11.212959254162108,34
DMS,59,Y12H,34,0,True,0.599637835651794,11.212959254162108,34
DMS,59,Y12I,34,2,False,0.555248531929654,11.212959254162108,34
DMS,59,Y12K,34,1,False,0.559496143606841,11.212959254162108,34
DMS,59,Y12L,34,4,False,0.494306033225415,11.212959254162108,34
DMS,59,Y12M,34,6,False,0.467636478585846,11.212959254162108,34
DMS,59,Y12N,34,13,False,0.295168144312106,11.212959254162108,34
DMS,59,Y12P,34,34,False,-6.27688525987676,11.212959254162108,34
DMS,59,Y12Q,34,7,False,0.460936575594615,11.212959254162108,34
DMS,59,Y12R,34,11,False,0.370528491427906,11.212959254162108,34
DMS,59,Y12S,34,10,False,0.393787120787613,11.212959254162108,34
DMS,59,Y12T,34,3,False,0.527137479516868,11.212959254162108,34
DMS,59,Y12V,34,14,False,0.239101275037075,11.212959254162108,34
DMS,59,Y12W,34,15,False,0.183637284304888,11.212959254162108,34
DMS,59,A13C,34,0,True,0.5211338255346,11.212959254162108,34
DMS,59,A13D,34,22,False,-5.84623965738485,11.212959254162108,34
DMS,59,A13E,34,29,False,-6.50611566579245,11.212959254162108,34
DMS,59,A13F,34,34,False,-8.84467134205594,11.212959254162108,34
DMS,59,A13G,34,27,False,-6.28273406100017,11.212959254162108,34
DMS,59,A13H,34,24,False,-6.01379560156848,11.212959254162108,34
DMS,59,A13I,34,10,False,-2.17109240051327,11.212959254162108,34
DMS,59,A13K,34,31,False,-7.24780182897602,11.212959254162108,34
DMS,59,A13L,34,21,False,-4.7634730456495,11.212959254162108,34
DMS,59,A13M,34,32,False,-7.29718608320885,11.212959254162108,34
DMS,59,A13N,34,26,False,-6.15371374999588,11.212959254162108,34
DMS,59,A13P,34,23,False,-5.91963851799261,11.212959254162108,34
DMS,59,A13Q,34,33,False,-7.3535354814767,11.212959254162108,34
DMS,59,A13R,34,25,False,-6.10597932103609,11.212959254162108,34
DMS,59,A13S,34,2,False,0.0889801459718244,11.212959254162108,34
DMS,59,A13T,34,3,False,0.0177063700716863,11.212959254162108,34
DMS,59,A13V,34,1,False,0.20047082397919,11.212959254162108,34
DMS,59,A13W,34,28,False,-6.46738570193804,11.212959254162108,34
DMS,59,A13Y,34,30,False,-6.95553718990877,11.212959254162108,34
DMS,59,G14A,34,9,False,0.113094271637507,11.212959254162108,34
DMS,59,G14C,34,0,True,0.494269439808294,11.212959254162108,34
DMS,59,G14D,34,7,False,0.251568396433645,11.212959254162108,34
DMS,59,G14E,34,2,False,0.443824912839434,11.212959254162108,34
DMS,59,G14F,34,27,False,-5.61710133441075,11.212959254162108,34
DMS,59,G14H,34,4,False,0.334448293470868,11.212959254162108,34
DMS,59,G14I,34,31,False,-6.47661119176429,11.212959254162108,34
DMS,59,G14K,34,8,False,0.242413880302811,11.212959254162108,34
DMS,59,G14L,34,33,False,-7.09811550059636,11.212959254162108,34
DMS,59,G14M,34,19,False,-3.80944416564752,11.212959254162108,34
DMS,59,G14N,34,1,False,0.4490121032259,11.212959254162108,34
DMS,59,G14P,34,30,False,-6.0526515566165,11.212959254162108,34
DMS,59,G14Q,34,5,False,0.318160167718201,11.212959254162108,34
DMS,59,G14R,34,6,False,0.27676649555105,11.212959254162108,34
DMS,59,G14S,34,3,False,0.399115986599886,11.212959254162108,34
DMS,59,G14T,34,28,False,-5.70814937396187,11.212959254162108,34
DMS,59,G14V,34,29,False,-5.77115977997759,11.212959254162108,34
DMS,59,G14W,34,34,False,-9.04509577547808,11.212959254162108,34
DMS,59,G14Y,34,32,False,-6.87277488962708,11.212959254162108,34
DMS,59,V15A,34,22,False,-5.80165472204314,11.212959254162108,34
DMS,59,V15C,34,0,True,0.329163348805271,11.212959254162108,34
DMS,59,V15D,34,25,False,-6.21065539374023,11.212959254162108,34
DMS,59,V15E,34,26,False,-6.86743345588816,11.212959254162108,34
DMS,59,V15F,34,2,False,-0.170221019972142,11.212959254162108,34
DMS,59,V15G,34,16,False,-4.40622556918039,11.212959254162108,34
DMS,59,V15H,34,31,False,-7.2826118885557,11.212959254162108,34
DMS,59,V15I,34,20,False,-4.6866803499768,11.212959254162108,34
DMS,59,V15K,34,28,False,-7.09890722090606,11.212959254162108,34
DMS,59,V15L,34,12,False,-3.63619214194219,11.212959254162108,34
DMS,59,V15M,34,24,False,-5.90230273260176,11.212959254162108,34
DMS,59,V15N,34,30,False,-7.27967268778044,11.212959254162108,34
DMS,59,V15P,34,34,False,-8.71955914915247,11.212959254162108,34
DMS,59,V15Q,34,27,False,-7.01387121872421,11.212959254162108,34
DMS,59,V15R,34,29,False,-7.20657019530749,11.212959254162108,34
DMS,59,V15S,34,32,False,-8.00781892784022,11.212959254162108,34
DMS,59,V15T,34,23,False,-5.80187794473501,11.212959254162108,34
DMS,59,V15W,34,33,False,-8.06105037390589,11.212959254162108,34
DMS,59,V15Y,34,3,False,-0.545354740543966,11.212959254162108,34
DMS,59,S16A,34,18,False,-5.01133568504216,11.212959254162108,34
DMS,59,S16C,34,1,False,-0.0062463426801295,11.212959254162108,34
DMS,59,S16D,34,23,False,-6.91660062438439,11.212959254162108,34
DMS,59,S16E,34,29,False,-7.40175943924299,11.212959254162108,34
DMS,59,S16F,34,22,False,-6.89214861301947,11.212959254162108,34
DMS,59,S16G,34,34,False,-9.96578428466209,11.212959254162108,34
DMS,59,S16H,34,20,False,-6.00499661942513,11.212959254162108,34
DMS,59,S16I,34,21,False,-6.87809141321879,11.212959254162108,34
DMS,59,S16K,34,27,False,-7.23325859800995,11.212959254162108,34
DMS,59,S16L,34,28,False,-7.33135955526654,11.212959254162108,34
DMS,59,S16M,34,24,False,-7.02562977509786,11.212959254162108,34
DMS,59,S16N,34,25,False,-7.02695813264228,11.212959254162108,34
DMS,59,S16P,34,19,False,-5.84182398935709,11.212959254162108,34
DMS,59,S16Q,34,33,False,-7.51397800882244,11.212959254162108,34
DMS,59,S16R,34,30,False,-7.4121755724605,11.212959254162108,34
DMS,59,S16T,34,7,False,-2.18448240136174,11.212959254162108,34
DMS,59,S16V,34,26,False,-7.09016666799985,11.212959254162108,34
DMS,59,S16W,34,32,False,-7.46394896832957,11.212959254162108,34
DMS,59,S16Y,34,31,False,-7.46189509465202,11.212959254162108,34
DMS,59,Y17A,34,14,False,-4.41193080682308,11.212959254162108,34
DMS,59,Y17C,34,31,False,-6.96485462606375,11.212959254162108,34
DMS,59,Y17D,34,33,False,-7.18840103599668,11.212959254162108,34
DMS,59,Y17E,34,34,False,-7.34961004218072,11.212959254162108,34
DMS,59,Y17F,34,25,False,-5.80809668310133,11.212959254162108,34
DMS,59,Y17G,34,16,False,-4.47830250865956,11.212959254162108,34
DMS,59,Y17H,34,1,False,-0.795293621254862,11.212959254162108,34
DMS,59,Y17I,34,23,False,-5.47146179475929,11.212959254162108,34
DMS,59,Y17K,34,24,False,-5.64644810364867,11.212959254162108,34
DMS,59,Y17L,34,29,False,-6.92485292782729,11.212959254162108,34
DMS,59,Y17M,34,32,False,-7.17050199373883,11.212959254162108,34
DMS,59,Y17N,34,28,False,-6.6320230252098,11.212959254162108,34
DMS,59,Y17P,34,22,False,-5.23624114155297,11.212959254162108,34
DMS,59,Y17Q,34,27,False,-6.46374203569783,11.212959254162108,34
DMS,59,Y17R,34,17,False,-4.47993159800387,11.212959254162108,34
DMS,59,Y17S,34,21,False,-5.10134639212073,11.212959254162108,34
DMS,59,Y17T,34,26,False,-6.02836744143393,11.212959254162108,34
DMS,59,Y17V,34,30,False,-6.93778628421682,11.212959254162108,34
DMS,59,Y17W,34,20,False,-4.89944217744111,11.212959254162108,34
DMS,59,Q18A,34,7,False,-2.04082417929126,11.212959254162108,34
DMS,59,Q18C,34,29,False,-6.20000800755922,11.212959254162108,34
DMS,59,Q18D,34,30,False,-6.49355928856942,11.212959254162108,34
DMS,59,Q18E,34,28,False,-6.09644983440788,11.212959254162108,34
DMS,59,Q18F,34,33,False,-7.33042522478693,11.212959254162108,34
DMS,59,Q18G,34,4,False,-1.36579529930121,11.212959254162108,34
DMS,59,Q18H,34,24,False,-5.3863427786986,11.212959254162108,34
DMS,59,Q18I,34,23,False,-5.12929421053345,11.212959254162108,34
DMS,59,Q18K,34,25,False,-5.41094582744725,11.212959254162108,34
DMS,59,Q18L,34,26,False,-5.85143869709377,11.212959254162108,34
DMS,59,Q18M,34,0,True,0.147867743913335,11.212959254162108,34
DMS,59,Q18N,34,9,False,-2.98318824544907,11.212959254162108,34
DMS,59,Q18P,34,27,False,-5.95346017162362,11.212959254162108,34
DMS,59,Q18R,34,22,False,-5.05408860192141,11.212959254162108,34
DMS,59,Q18S,34,32,False,-7.2826118885557,11.212959254162108,34
DMS,59,Q18T,34,21,False,-5.04352653862594,11.212959254162108,34
DMS,59,Q18V,34,19,False,-4.62212218481988,11.212959254162108,34
DMS,59,Q18W,34,34,False,-7.54321403073395,11.212959254162108,34
DMS,59,Q18Y,34,31,False,-6.54905690396356,11.212959254162108,34
DMS,59,T19A,34,19,False,-5.84754138989845,11.212959254162108,34
DMS,59,T19C,34,22,False,-6.70064798860878,11.212959254162108,34
DMS,59,T19D,34,34,False,-8.79124338258082,11.212959254162108,34
DMS,59,T19E,34,29,False,-7.87975508300034,11.212959254162108,34
DMS,59,T19F,34,26,False,-7.46130750573525,11.212959254162108,34
DMS,59,T19G,34,25,False,-7.40698074927193,11.212959254162108,34
DMS,59,T19H,34,24,False,-7.24273428920278,11.212959254162108,34
DMS,59,T19I,34,17,False,-5.34607504662565,11.212959254162108,34
DMS,59,T19K,34,28,False,-7.50140647072091,11.212959254162108,34
DMS,59,T19L,34,20,False,-6.03049770967747,11.212959254162108,34
DMS,59,T19M,34,27,False,-7.49027520959451,11.212959254162108,34
DMS,59,T19N,34,18,False,-5.74325159119156,11.212959254162108,34
DMS,59,T19P,34,21,False,-6.04615927534999,11.212959254162108,34
DMS,59,T19Q,34,31,False,-8.11512542189384,11.212959254162108,34
DMS,59,T19R,34,23,False,-7.0945456594824,11.212959254162108,34
DMS,59,T19S,34,6,False,-2.67302663131555,11.212959254162108,34
DMS,59,T19V,34,33,False,-8.55058384354129,11.212959254162108,34
DMS,59,T19W,34,30,False,-8.01465905399831,11.212959254162108,34
DMS,59,T19Y,34,32,False,-8.14671015597938,11.212959254162108,34
DMS,59,V20A,34,17,False,-4.54273988837603,11.212959254162108,34
DMS,59,V20C,34,3,False,-1.16670452385443,11.212959254162108,34
DMS,59,V20D,34,33,False,-7.43269464070901,11.212959254162108,34
DMS,59,V20E,34,20,False,-5.9445597046837,11.212959254162108,34
DMS,59,V20F,34,24,False,-6.52777851900354,11.212959254162108,34
DMS,59,V20G,34,19,False,-5.17660008279536,11.212959254162108,34
DMS,59,V20H,34,22,False,-6.44976526665245,11.212959254162108,34
DMS,59,V20I,34,7,False,-2.77550782826298,11.212959254162108,34
DMS,59,V20K,34,30,False,-7.01136091198022,11.212959254162108,34
DMS,59,V20L,34,25,False,-6.59727987264483,11.212959254162108,34
DMS,59,V20M,34,34,False,-8.01692692299261,11.212959254162108,34
DMS,59,V20N,34,32,False,-7.42845375157846,11.212959254162108,34
DMS,59,V20P,34,21,False,-5.99975598515402,11.212959254162108,34
DMS,59,V20Q,34,29,False,-7.00821504573945,11.212959254162108,34
DMS,59,V20R,34,28,False,-6.9299314667479,11.212959254162108,34
DMS,59,V20S,34,31,False,-7.30295965277879,11.212959254162108,34
DMS,59,V20T,34,23,False,-6.48323045930358,11.212959254162108,34
DMS,59,V20W,34,27,False,-6.84944602335759,11.212959254162108,34
DMS,59,V20Y,34,26,False,-6.6203095834006,11.212959254162108,34
DMS,59,S21A,34,20,False,-5.76497349042754,11.212959254162108,34
DMS,59,S21C,34,34,False,-7.63160315836845,11.212959254162108,34
DMS,59,S21D,34,25,False,-6.36494917633882,11.212959254162108,34
DMS,59,S21E,34,29,False,-6.85076378655775,11.212959254162108,34
DMS,59,S21F,34,23,False,-6.21738385661898,11.212959254162108,34
DMS,59,S21G,34,26,False,-6.38058280887022,11.212959254162108,34
DMS,59,S21H,34,19,False,-5.7301652752381,11.212959254162108,34
DMS,59,S21I,34,27,False,-6.60847912592881,11.212959254162108,34
DMS,59,S21K,34,30,False,-6.8886505661469,11.212959254162108,34
DMS,59,S21L,34,28,False,-6.82218891369781,11.212959254162108,34
DMS,59,S21M,34,33,False,-7.49665107225449,11.212959254162108,34
DMS,59,S21N,34,32,False,-6.99872379296327,11.212959254162108,34
DMS,59,S21P,34,17,False,-5.21270233909659,11.212959254162108,34
DMS,59,S21Q,34,30,False,-6.8886505661469,11.212959254162108,34
DMS,59,S21R,34,22,False,-6.11543709311725,11.212959254162108,34
DMS,59,S21T,34,21,False,-6.00460805856588,11.212959254162108,34
DMS,59,S21V,34,24,False,-6.33751344806061,11.212959254162108,34
DMS,59,S21W,34,15,False,-4.65604879779902,11.212959254162108,34
DMS,59,S21Y,34,18,False,-5.40540901837851,11.212959254162108,34
DMS,59,R22A,34,18,False,-5.63461966126448,11.212959254162108,34
DMS,59,R22C,34,20,False,-5.78680213629326,11.212959254162108,34
DMS,59,R22D,34,21,False,-5.98135346156085,11.212959254162108,34
DMS,59,R22E,34,30,False,-7.21910778986701,11.212959254162108,34
DMS,59,R22F,34,26,False,-6.81777363815561,11.212959254162108,34
DMS,59,R22G,34,17,False,-5.44343245485765,11.212959254162108,34
DMS,59,R22H,34,16,False,-5.24959078997986,11.212959254162108,34
DMS,59,R22I,34,23,False,-6.42577657685873,11.212959254162108,34
DMS,59,R22K,34,22,False,-6.21065539374023,11.212959254162108,34
DMS,59,R22L,34,28,False,-6.84034510730497,11.212959254162108,34
DMS,59,R22M,34,31,False,-7.4121755724605,11.212959254162108,34
DMS,59,R22N,34,29,False,-7.21106478951782,11.212959254162108,34
DMS,59,R22P,34,24,False,-6.55905795752356,11.212959254162108,34
DMS,59,R22Q,34,34,False,-7.736445186824,11.212959254162108,34
DMS,59,R22S,34,19,False,-5.76590332188683,11.212959254162108,34
DMS,59,R22T,34,27,False,-6.83973580100622,11.212959254162108,34
DMS,59,R22V,34,32,False,-7.60705426858474,11.212959254162108,34
DMS,59,R22W,34,33,False,-7.72709512878485,11.212959254162108,34
DMS,59,R22Y,34,25,False,-6.80005211715036,11.212959254162108,34
DMS,59,V23A,34,20,False,-4.60556982480637,11.212959254162108,34
DMS,59,V23C,34,2,False,-0.0151241761507589,11.212959254162108,34
DMS,59,V23D,34,30,False,-7.01762608889577,11.212959254162108,34
DMS,59,V23E,34,24,False,-5.9243036644928,11.212959254162108,34
DMS,59,V23F,34,29,False,-6.95002004267759,11.212959254162108,34
DMS,59,V23G,34,14,False,-4.1919617431629,11.212959254162108,34
DMS,59,V23H,34,27,False,-6.48934455450788,11.212959254162108,34
DMS,59,V23I,34,13,False,-4.07931765108726,11.212959254162108,34
DMS,59,V23K,34,28,False,-6.60034470657492,11.212959254162108,34
DMS,59,V23L,34,25,False,-6.07122166531336,11.212959254162108,34
DMS,59,V23M,34,17,False,-4.43471064187881,11.212959254162108,34
DMS,59,V23N,34,34,False,-7.65891493881485,11.212959254162108,34
DMS,59,V23P,34,31,False,-7.09016666799985,11.212959254162108,34
DMS,59,V23Q,34,33,False,-7.34250663603551,11.212959254162108,34
DMS,59,V23R,34,32,False,-7.21181205751338,11.212959254162108,34
DMS,59,V23S,34,22,False,-5.11757441428196,11.212959254162108,34
DMS,59,V23T,34,0,True,0.111496944576495,11.212959254162108,34
DMS,59,V23W,34,26,False,-6.30585582005258,11.212959254162108,34
DMS,59,V23Y,34,23,False,-5.88219856470678,11.212959254162108,34
DMS,59,V24A,34,2,False,0.343312330165444,11.212959254162108,34
DMS,59,V24C,34,5,False,0.163654751646017,11.212959254162108,34
DMS,59,V24D,34,34,False,-5.73390835059321,11.212959254162108,34
DMS,59,V24E,34,30,False,-4.47215042264328,11.212959254162108,34
DMS,59,V24F,34,13,False,-0.265734581617657,11.212959254162108,34
DMS,59,V24G,34,20,False,-3.01739400423689,11.212959254162108,34
DMS,59,V24H,34,6,False,0.0473002014976384,11.212959254162108,34
DMS,59,V24I,34,1,False,0.349443006853921,11.212959254162108,34
DMS,59,V24K,34,22,False,-3.35054631013855,11.212959254162108,34
DMS,59,V24L,34,3,False,0.28978683304513,11.212959254162108,34
DMS,59,V24M,34,4,False,0.17957782401398,11.212959254162108,34
DMS,59,V24N,34,0,True,0.363952234908086,11.212959254162108,34
DMS,59,V24P,34,33,False,-5.70452720621946,11.212959254162108,34
DMS,59,V24Q,34,9,False,-0.0020828881486246,11.212959254162108,34
DMS,59,V24R,34,17,False,-1.77874358382716,11.212959254162108,34
DMS,59,V24S,34,12,False,-0.258516995424733,11.212959254162108,34
DMS,59,V24T,34,7,False,0.017937425886813,11.212959254162108,34
DMS,59,V24W,34,11,False,-0.118093608730694,11.212959254162108,34
DMS,59,V24Y,34,10,False,-0.0172561825519004,11.212959254162108,34
DMS,59,N25A,34,17,False,-4.69104336533902,11.212959254162108,34
DMS,59,N25C,34,21,False,-5.02982423585477,11.212959254162108,34
DMS,59,N25D,34,26,False,-6.22296321819699,11.212959254162108,34
DMS,59,N25E,34,28,False,-6.64833377198352,11.212959254162108,34
DMS,59,N25F,34,33,False,-7.33694801421241,11.212959254162108,34
DMS,59,N25G,34,20,False,-5.02536532711794,11.212959254162108,34
DMS,59,N25H,34,5,False,-1.86962040026407,11.212959254162108,34
DMS,59,N25I,34,27,False,-6.33545106941781,11.212959254162108,34
DMS,59,N25K,34,23,False,-5.55091971940173,11.212959254162108,34
DMS,59,N25L,34,30,False,-6.99394770223625,11.212959254162108,34
DMS,59,N25M,34,24,False,-5.66175603714295,11.212959254162108,34
DMS,59,N25P,34,34,False,-8.11914133366608,11.212959254162108,34
DMS,59,N25Q,34,32,False,-7.30542434932766,11.212959254162108,34
DMS,59,N25R,34,4,False,-1.66933976971422,11.212959254162108,34
DMS,59,N25S,34,18,False,-4.72243610973302,11.212959254162108,34
DMS,59,N25T,34,25,False,-6.11139247849238,11.212959254162108,34
DMS,59,N25V,34,31,False,-6.99872379296327,11.212959254162108,34
DMS,59,N25W,34,29,False,-6.97949567855354,11.212959254162108,34
DMS,59,N25Y,34,22,False,-5.34001754789126,11.212959254162108,34
DMS,59,Q26A,34,2,False,0.404580581477833,11.212959254162108,34
DMS,59,Q26C,34,7,False,0.25332751955046,11.212959254162108,34
DMS,59,Q26D,34,4,False,0.353780393001351,11.212959254162108,34
DMS,59,Q26E,34,8,False,0.250687698173787,11.212959254162108,34
DMS,59,Q26F,34,24,False,-3.76512256549076,11.212959254162108,34
DMS,59,Q26G,34,5,False,0.314304391354979,11.212959254162108,34
DMS,59,Q26H,34,0,True,0.659598954213183,11.212959254162108,34
DMS,59,Q26I,34,33,False,-5.6393714943384,11.212959254162108,34
DMS,59,Q26K,34,9,False,0.244776957038758,11.212959254162108,34
DMS,59,Q26L,34,14,False,-0.156858962294521,11.212959254162108,34
DMS,59,Q26M,34,6,False,0.285978445409076,11.212959254162108,34
DMS,59,Q26N,34,1,False,0.557383615520815,11.212959254162108,34
DMS,59,Q26P,34,31,False,-4.69476847987514,11.212959254162108,34
DMS,59,Q26R,34,12,False,0.0300940384249249,11.212959254162108,34
DMS,59,Q26S,34,10,False,0.183751274908322,11.212959254162108,34
DMS,59,Q26T,34,11,False,0.139960030270237,11.212959254162108,34
DMS,59,Q26V,34,17,False,-1.1629715462348,11.212959254162108,34
DMS,59,Q26W,34,34,False,-6.47162280290081,11.212959254162108,34
DMS,59,Q26Y,34,3,False,0.360751648161283,11.212959254162108,34
DMS,59,A27C,34,8,False,0.276974302741906,11.212959254162108,34
DMS,59,A27D,34,21,False,-1.89518132758005,11.212959254162108,34
DMS,59,A27E,34,19,False,-1.53923026206469,11.212959254162108,34
DMS,59,A27F,34,9,False,0.175988205273267,11.212959254162108,34
DMS,59,A27G,34,5,False,0.338887576217966,11.212959254162108,34
DMS,59,A27H,34,11,False,0.017185446290334,11.212959254162108,34
DMS,59,A27I,34,18,False,-1.53443768333223,11.212959254162108,34
DMS,59,A27K,34,1,False,0.448266864413327,11.212959254162108,34
DMS,59,A27L,34,14,False,-0.14718246251295,11.212959254162108,34
DMS,59,A27M,34,6,False,0.304650964901449,11.212959254162108,34
DMS,59,A27N,34,7,False,0.278932708199265,11.212959254162108,34
DMS,59,A27P,34,20,False,-1.64100056767015,11.212959254162108,34
DMS,59,A27Q,34,2,False,0.445086967008197,11.212959254162108,34
DMS,59,A27R,34,3,False,0.414494459214458,11.212959254162108,34
DMS,59,A27S,34,10,False,0.121463193795507,11.212959254162108,34
DMS,59,A27T,34,13,False,-0.0185745857406955,11.212959254162108,34
DMS,59,A27V,34,0,True,0.568634465857958,11.212959254162108,34
DMS,59,A27W,34,24,False,-2.94888159151601,11.212959254162108,34
DMS,59,A27Y,34,4,False,0.377996153749088,11.212959254162108,34
DMS,59,S28A,34,0,True,0.781837203678306,11.212959254162108,34
DMS,59,S28C,34,4,False,0.415686367557892,11.212959254162108,34
DMS,59,S28D,34,14,False,0.158202708623211,11.212959254162108,34
DMS,59,S28E,34,3,False,0.429036351011171,11.212959254162108,34
DMS,59,S28F,34,13,False,0.18798527893851,11.212959254162108,34
DMS,59,S28G,34,2,False,0.474246010970887,11.212959254162108,34
DMS,59,S28H,34,5,False,0.411353893563458,11.212959254162108,34
DMS,59,S28I,34,12,False,0.204520607813065,11.212959254162108,34
DMS,59,S28K,34,17,False,0.0354275403352096,11.212959254162108,34
DMS,59,S28L,34,7,False,0.314125047663749,11.212959254162108,34
DMS,59,S28M,34,6,False,0.315042087310486,11.212959254162108,34
DMS,59,S28N,34,9,False,0.284667790357666,11.212959254162108,34
DMS,59,S28P,34,11,False,0.249274868124543,11.212959254162108,34
DMS,59,S28Q,34,16,False,0.0754301407284808,11.212959254162108,34
DMS,59,S28R,34,1,False,0.496904228476539,11.212959254162108,34
DMS,59,S28T,34,15,False,0.148781292355565,11.212959254162108,34
DMS,59,S28V,34,8,False,0.301913416473145,11.212959254162108,34
DMS,59,S28W,34,19,False,-0.700934802238952,11.212959254162108,34
DMS,59,S28Y,34,10,False,0.260095125853692,11.212959254162108,34
DMS,59,H29A,34,1,False,0.451027875421086,11.212959254162108,34
DMS,59,H29C,34,5,False,0.252593269304602,11.212959254162108,34
DMS,59,H29D,34,32,False,-4.5365781799349,11.212959254162108,34
DMS,59,H29E,34,27,False,-4.2163716819105,11.212959254162108,34
DMS,59,H29F,34,12,False,-0.436705406831458,11.212959254162108,34
DMS,59,H29G,34,0,True,0.577145405704327,11.212959254162108,34
DMS,59,H29I,34,16,False,-1.17264385576306,11.212959254162108,34
DMS,59,H29K,34,4,False,0.347021140783285,11.212959254162108,34
DMS,59,H29L,34,17,False,-1.37924030062657,11.212959254162108,34
DMS,59,H29M,34,10,False,-0.203022148130025,11.212959254162108,34
DMS,59,H29N,34,3,False,0.43904342037772,11.212959254162108,34
DMS,59,H29P,34,19,False,-1.65728431888033,11.212959254162108,34
DMS,59,H29Q,34,6,False,0.0383724126150644,11.212959254162108,34
DMS,59,H29R,34,15,False,-1.0240849278466,11.212959254162108,34
DMS,59,H29S,34,2,False,0.440058552418976,11.212959254162108,34
DMS,59,H29T,34,11,False,-0.225605544315734,11.212959254162108,34
DMS,59,H29V,34,9,False,-0.0366604159255822,11.212959254162108,34
DMS,59,H29W,34,34,False,-5.67371555543173,11.212959254162108,34
DMS,59,H29Y,34,8,False,-0.014168694651133,11.212959254162108,34
DMS,59,V30A,34,20,False,-5.64259289142425,11.212959254162108,34
DMS,59,V30C,34,22,False,-5.81752958538252,11.212959254162108,34
DMS,59,V30D,34,18,False,-5.13949969096501,11.212959254162108,34
DMS,59,V30E,34,29,False,-7.25786491317696,11.212959254162108,34
DMS,59,V30F,34,32,False,-7.53407430510308,11.212959254162108,34
DMS,59,V30G,34,21,False,-5.66175603714295,11.212959254162108,34
DMS,59,V30H,34,30,False,-7.30439809617591,11.212959254162108,34
DMS,59,V30I,34,3,False,-1.16567738256374,11.212959254162108,34
DMS,59,V30K,34,33,False,-7.69847367164355,11.212959254162108,34
DMS,59,V30L,34,19,False,-5.38559005991915,11.212959254162108,34
DMS,59,V30M,34,27,False,-7.09367125957114,11.212959254162108,34
DMS,59,V30N,34,26,False,-6.87809141321879,11.212959254162108,34
DMS,59,V30P,34,23,False,-6.19196228141191,11.212959254162108,34
DMS,59,V30Q,34,24,False,-6.28772535472588,11.212959254162108,34
DMS,59,V30R,34,34,False,-7.94613552116037,11.212959254162108,34
DMS,59,V30S,34,25,False,-6.59050928067851,11.212959254162108,34
DMS,59,V30T,34,17,False,-4.84864902561441,11.212959254162108,34
DMS,59,V30W,34,28,False,-7.23149998075402,11.212959254162108,34
DMS,59,V30Y,34,31,False,-7.30679112634491,11.212959254162108,34
DMS,59,S31A,34,0,True,0.5622812042094,11.212959254162108,34
DMS,59,S31C,34,25,False,-5.66670914995621,11.212959254162108,34
DMS,59,S31D,34,30,False,-6.86743345588816,11.212959254162108,34
DMS,59,S31E,34,26,False,-5.73929601294543,11.212959254162108,34
DMS,59,S31F,34,31,False,-7.1359953514344,11.212959254162108,34
DMS,59,S31G,34,8,False,-1.49732512638194,11.212959254162108,34
DMS,59,S31H,34,10,False,-1.93121688232441,11.212959254162108,34
DMS,59,S31I,34,34,False,-9.96578428466209,11.212959254162108,34
DMS,59,S31K,34,1,False,0.547548981556276,11.212959254162108,34
DMS,59,S31L,34,32,False,-7.20657019530749,11.212959254162108,34
DMS,59,S31M,34,29,False,-6.74315909489891,11.212959254162108,34
DMS,59,S31N,34,17,False,-4.11425955842401,11.212959254162108,34
DMS,59,S31P,34,24,False,-4.93295594722999,11.212959254162108,34
DMS,59,S31Q,34,22,False,-4.62239672653611,11.212959254162108,34
DMS,59,S31R,34,2,False,0.376831775663862,11.212959254162108,34
DMS,59,S31T,34,3,False,0.184188123608606,11.212959254162108,34
DMS,59,S31V,34,28,False,-6.63414033559051,11.212959254162108,34
DMS,59,S31W,34,33,False,-7.27770865969976,11.212959254162108,34
DMS,59,S31Y,34,27,False,-6.0526515566165,11.212959254162108,34
DMS,59,A32C,34,16,False,0.265751742798946,11.212959254162108,34
DMS,59,A32D,34,5,False,0.43053882537934,11.212959254162108,34
DMS,59,A32E,34,3,False,0.4742254152893,11.212959254162108,34
DMS,59,A32F,34,12,False,0.315930751099489,11.212959254162108,34
DMS,59,A32G,34,6,False,0.426591287500436,11.212959254162108,34
DMS,59,A32H,34,10,False,0.33632337761555,11.212959254162108,34
DMS,59,A32I,34,15,False,0.281096391319659,11.212959254162108,34
DMS,59,A32K,34,13,False,0.314086784790713,11.212959254162108,34
DMS,59,A32L,34,14,False,0.283008562666113,11.212959254162108,34
DMS,59,A32M,34,18,False,0.0170784277319671,11.212959254162108,34
DMS,59,A32N,34,17,False,0.232206119333903,11.212959254162108,34
DMS,59,A32P,34,1,False,0.550495496589045,11.212959254162108,34
DMS,59,A32Q,34,0,True,0.625878126748448,11.212959254162108,34
DMS,59,A32R,34,4,False,0.430821897615111,11.212959254162108,34
DMS,59,A32S,34,11,False,0.325047238280909,11.212959254162108,34
DMS,59,A32T,34,8,False,0.388822840221153,11.212959254162108,34
DMS,59,A32V,34,9,False,0.363696008242775,11.212959254162108,34
DMS,59,A32W,34,7,False,0.415770699567496,11.212959254162108,34
DMS,59,A32Y,34,2,False,0.49278962297646,11.212959254162108,34
DMS,59,K33A,34,0,True,0.67082687208593,11.212959254162108,34
DMS,59,K33C,34,15,False,0.164843911573138,11.212959254162108,34
DMS,59,K33D,34,21,False,-1.36440011514303,11.212959254162108,34
DMS,59,K33E,34,17,False,-0.0830991554081663,11.212959254162108,34
DMS,59,K33F,34,14,False,0.168891041561529,11.212959254162108,34
DMS,59,K33G,34,7,False,0.371661778373838,11.212959254162108,34
DMS,59,K33H,34,3,False,0.47577716017814,11.212959254162108,34
DMS,59,K33I,34,2,False,0.488592635398733,11.212959254162108,34
DMS,59,K33L,34,5,False,0.466968413962821,11.212959254162108,34
DMS,59,K33M,34,11,False,0.274904607540503,11.212959254162108,34
DMS,59,K33N,34,9,False,0.315391932113436,11.212959254162108,34
DMS,59,K33P,34,13,False,0.182463138710529,11.212959254162108,34
DMS,59,K33Q,34,4,False,0.468926378858692,11.212959254162108,34
DMS,59,K33R,34,1,False,0.551653488267675,11.212959254162108,34
DMS,59,K33S,34,8,False,0.351282996328668,11.212959254162108,34
DMS,59,K33T,34,12,False,0.244032200024267,11.212959254162108,34
DMS,59,K33V,34,6,False,0.432967403856397,11.212959254162108,34
DMS,59,K33W,34,20,False,-1.19527985402998,11.212959254162108,34
DMS,59,K33Y,34,10,False,0.313807579970465,11.212959254162108,34
DMS,59,T34A,34,4,False,-0.9319580643357,11.212959254162108,34
DMS,59,T34C,34,9,False,-3.11983292937101,11.212959254162108,34
DMS,59,T34D,34,31,False,-7.15820590419379,11.212959254162108,34
DMS,59,T34E,34,22,False,-5.83927474087404,11.212959254162108,34
DMS,59,T34F,34,34,False,-9.12389431244711,11.212959254162108,34
DMS,59,T34G,34,33,False,-8.98758656638106,11.212959254162108,34
DMS,59,T34H,34,28,False,-6.48981358719285,11.212959254162108,34
DMS,59,T34I,34,26,False,-6.33079800613725,11.212959254162108,34
DMS,59,T34K,34,24,False,-6.20321179916258,11.212959254162108,34
DMS,59,T34L,34,25,False,-6.21559315741936,11.212959254162108,34
DMS,59,T34M,34,0,True,0.463816261039405,11.212959254162108,34
DMS,59,T34N,34,23,False,-5.94024330100311,11.212959254162108,34
DMS,59,T34P,34,21,False,-5.49996898035228,11.212959254162108,34
DMS,59,T34Q,34,30,False,-6.92485292782729,11.212959254162108,34
DMS,59,T34R,34,27,False,-6.38351814413755,11.212959254162108,34
DMS,59,T34S,34,5,False,-1.3873018325839,11.212959254162108,34
DMS,59,T34V,34,20,False,-5.39426553035412,11.212959254162108,34
DMS,59,T34W,34,29,False,-6.66930867130184,11.212959254162108,34
DMS,59,T34Y,34,32,False,-7.35809646027632,11.212959254162108,34
DMS,59,R35A,34,3,False,-0.716410562222806,11.212959254162108,34
DMS,59,R35C,34,16,False,-3.23760559118058,11.212959254162108,34
DMS,59,R35D,34,32,False,-6.88338323636204,11.212959254162108,34
DMS,59,R35E,34,33,False,-7.2376424796247,11.212959254162108,34
DMS,59,R35F,34,24,False,-4.24175629713474,11.212959254162108,34
DMS,59,R35G,34,30,False,-5.72082176180022,11.212959254162108,34
DMS,59,R35H,34,19,False,-3.69957605155207,11.212959254162108,34
DMS,59,R35I,34,8,False,-1.51326772087799,11.212959254162108,34
DMS,59,R35K,34,1,False,0.0865016887973276,11.212959254162108,34
DMS,59,R35L,34,9,False,-1.53109342742423,11.212959254162108,34
DMS,59,R35M,34,6,False,-1.07569653000887,11.212959254162108,34
DMS,59,R35N,34,34,False,-7.33973103722069,11.212959254162108,34
DMS,59,R35P,34,31,False,-6.5119307433418,11.212959254162108,34
DMS,59,R35Q,34,0,True,0.130670351899003,11.212959254162108,34
DMS,59,R35S,34,22,False,-4.10249679059786,11.212959254162108,34
DMS,59,R35T,34,10,False,-1.70198099012676,11.212959254162108,34
DMS,59,R35V,34,13,False,-2.81863539862637,11.212959254162108,34
DMS,59,R35W,34,23,False,-4.13417717460427,11.212959254162108,34
DMS,59,R35Y,34,14,False,-3.01450596053059,11.212959254162108,34
DMS,59,E36A,34,12,False,0.346814058343712,11.212959254162108,34
DMS,59,E36C,34,9,False,0.391641265826093,11.212959254162108,34
DMS,59,E36D,34,17,False,0.161707018878686,11.212959254162108,34
DMS,59,E36F,34,2,False,0.472601993401989,11.212959254162108,34
DMS,59,E36G,34,11,False,0.36514312674103,11.212959254162108,34
DMS,59,E36H,34,15,False,0.272531348053646,11.212959254162108,34
DMS,59,E36I,34,10,False,0.375617733368325,11.212959254162108,34
DMS,59,E36K,34,5,False,0.43428817982862,11.212959254162108,34
DMS,59,E36L,34,7,False,0.398745816216991,11.212959254162108,34
DMS,59,E36M,34,1,False,0.550556235635999,11.212959254162108,34
DMS,59,E36N,34,14,False,0.286482362588328,11.212959254162108,34
DMS,59,E36P,34,34,False,-6.80005211715036,11.212959254162108,34
DMS,59,E36Q,34,16,False,0.271477260346967,11.212959254162108,34
DMS,59,E36R,34,3,False,0.454053418483717,11.212959254162108,34
DMS,59,E36S,34,4,False,0.453660071661965,11.212959254162108,34
DMS,59,E36T,34,0,True,0.751906585216751,11.212959254162108,34
DMS,59,E36V,34,6,False,0.410360353200381,11.212959254162108,34
DMS,59,E36W,34,13,False,0.318184706830399,11.212959254162108,34
DMS,59,E36Y,34,8,False,0.395191200244901,11.212959254162108,34
DMS,59,K37A,34,3,False,0.376616260055816,11.212959254162108,34
DMS,59,K37C,34,11,False,-0.108322061473129,11.212959254162108,34
DMS,59,K37D,34,30,False,-5.68331728838518,11.212959254162108,34
DMS,59,K37E,34,21,False,-3.83724189557452,11.212959254162108,34
DMS,59,K37F,34,33,False,-6.90430762801887,11.212959254162108,34
DMS,59,K37G,34,29,False,-5.13304969911243,11.212959254162108,34
DMS,59,K37H,34,7,False,0.0894412268632452,11.212959254162108,34
DMS,59,K37I,34,6,False,0.174236584493568,11.212959254162108,34
DMS,59,K37L,34,4,False,0.304640237234889,11.212959254162108,34
DMS,59,K37M,34,2,False,0.447529441655322,11.212959254162108,34
DMS,59,K37N,34,5,False,0.298922345317914,11.212959254162108,34
DMS,59,K37P,34,32,False,-6.28273406100017,11.212959254162108,34
DMS,59,K37Q,34,9,False,-0.0774253536647645,11.212959254162108,34
DMS,59,K37R,34,0,True,0.696474177092754,11.212959254162108,34
DMS,59,K37S,34,12,False,-0.449756144068552,11.212959254162108,34
DMS,59,K37T,34,10,False,-0.0885354648490126,11.212959254162108,34
DMS,59,K37V,34,1,False,0.517835893049108,11.212959254162108,34
DMS,59,K37W,34,34,False,-6.94464671262323,11.212959254162108,34
DMS,59,K37Y,34,31,False,-5.9858696390813,11.212959254162108,34
DMS,59,V38A,34,20,False,-5.82258038794498,11.212959254162108,34
DMS,59,V38C,34,7,False,-2.62156852044533,11.212959254162108,34
DMS,59,V38D,34,34,False,-8.80454981419251,11.212959254162108,34
DMS,59,V38E,34,18,False,-5.21512880252645,11.212959254162108,34
DMS,59,V38F,34,25,False,-6.80005211715036,11.212959254162108,34
DMS,59,V38G,34,19,False,-5.29818794989507,11.212959254162108,34
DMS,59,V38H,34,23,False,-6.40962292351347,11.212959254162108,34
DMS,59,V38I,34,3,False,-1.26169197404414,11.212959254162108,34
DMS,59,V38K,34,32,False,-7.38060453224098,11.212959254162108,34
DMS,59,V38L,34,21,False,-6.11543709311725,11.212959254162108,34
DMS,59,V38M,34,22,False,-6.24206095604584,11.212959254162108,34
DMS,59,V38N,34,27,False,-6.85125755674094,11.212959254162108,34
DMS,59,V38P,34,33,False,-7.87443687851032,11.212959254162108,34
DMS,59,V38Q,34,24,False,-6.66567320594886,11.212959254162108,34
DMS,59,V38R,34,28,False,-6.92428723397998,11.212959254162108,34
DMS,59,V38S,34,30,False,-7.26410617013849,11.212959254162108,34
DMS,59,V38T,34,31,False,-7.27770865969976,11.212959254162108,34
DMS,59,V38W,34,26,False,-6.80508806904079,11.212959254162108,34
DMS,59,V38Y,34,29,False,-6.93498726554877,11.212959254162108,34
DMS,59,E39A,34,6,False,0.381309763575509,11.212959254162108,34
DMS,59,E39C,34,1,False,0.574206902683206,11.212959254162108,34
DMS,59,E39D,34,16,False,-0.255065693388511,11.212959254162108,34
DMS,59,E39F,34,14,False,0.183377327643064,11.212959254162108,34
DMS,59,E39G,34,13,False,0.200255660299226,11.212959254162108,34
DMS,59,E39H,34,9,False,0.361252153636312,11.212959254162108,34
DMS,59,E39I,34,2,False,0.486717467819884,11.212959254162108,34
DMS,59,E39K,34,12,False,0.219758101643051,11.212959254162108,34
DMS,59,E39L,34,8,False,0.36595303300335,11.212959254162108,34
DMS,59,E39M,34,0,True,0.663613005764099,11.212959254162108,34
DMS,59,E39N,34,3,False,0.444354472643482,11.212959254162108,34
DMS,59,E39P,34,34,False,-6.99326373224904,11.212959254162108,34
DMS,59,E39Q,34,7,False,0.374758457537496,11.212959254162108,34
DMS,59,E39R,34,11,False,0.328529199897086,11.212959254162108,34
DMS,59,E39S,34,10,False,0.341832281716512,11.212959254162108,34
DMS,59,E39T,34,4,False,0.425497761724514,11.212959254162108,34
DMS,59,E39V,34,5,False,0.401494120490748,11.212959254162108,34
DMS,59,E39W,34,18,False,-0.552916629222056,11.212959254162108,34
DMS,59,E39Y,34,17,False,-0.364761852162574,11.212959254162108,34
DMS,59,A40C,34,5,False,0.448708421629126,11.212959254162108,34
DMS,59,A40D,34,10,False,0.265119980994226,11.212959254162108,34
DMS,59,A40E,34,11,False,0.263543956365641,11.212959254162108,34
DMS,59,A40F,34,15,False,0.224491654937192,11.212959254162108,34
DMS,59,A40G,34,14,False,0.23051305693372,11.212959254162108,34
DMS,59,A40H,34,0,True,0.688130203717039,11.212959254162108,34
DMS,59,A40I,34,13,False,0.23336593812313,11.212959254162108,34
DMS,59,A40K,34,8,False,0.344821834313615,11.212959254162108,34
DMS,59,A40L,34,4,False,0.485411880524554,11.212959254162108,34
DMS,59,A40M,34,7,False,0.399158071611444,11.212959254162108,34
DMS,59,A40N,34,12,False,0.245341688768635,11.212959254162108,34
DMS,59,A40P,34,33,False,-4.73179937652876,11.212959254162108,34
DMS,59,A40Q,34,3,False,0.49145856702314,11.212959254162108,34
DMS,59,A40R,34,2,False,0.532139809821891,11.212959254162108,34
DMS,59,A40S,34,1,False,0.576020900817988,11.212959254162108,34
DMS,59,A40T,34,9,False,0.274100251918958,11.212959254162108,34
DMS,59,A40V,34,6,False,0.442372796389702,11.212959254162108,34
DMS,59,A40W,34,17,False,0.217758583524806,11.212959254162108,34
DMS,59,A40Y,34,16,False,0.22360231747256,11.212959254162108,34
DMS,59,A41C,34,0,True,0.508300846262429,11.212959254162108,34
DMS,59,A41D,34,25,False,-5.48554232664677,11.212959254162108,34
DMS,59,A41E,34,30,False,-6.4914537650205,11.212959254162108,34
DMS,59,A41F,34,33,False,-7.1359953514344,11.212959254162108,34
DMS,59,A41G,34,16,False,-4.18930989621171,11.212959254162108,34
DMS,59,A41H,34,31,False,-6.99235112008149,11.212959254162108,34
DMS,59,A41I,34,8,False,-1.51858531674838,11.212959254162108,34
DMS,59,A41K,34,22,False,-4.85027236404522,11.212959254162108,34
DMS,59,A41L,34,34,False,-7.85420759556704,11.212959254162108,34
DMS,59,A41M,34,24,False,-5.19429763615735,11.212959254162108,34
DMS,59,A41N,34,32,False,-7.04843228005703,11.212959254162108,34
DMS,59,A41P,34,28,False,-6.12013940186144,11.212959254162108,34
DMS,59,A41Q,34,29,False,-6.37813129299462,11.212959254162108,34
DMS,59,A41R,34,26,False,-5.59374107860933,11.212959254162108,34
DMS,59,A41S,34,3,False,-0.301297009652837,11.212959254162108,34
DMS,59,A41T,34,4,False,-0.457773204045728,11.212959254162108,34
DMS,59,A41V,34,1,False,0.240553504358306,11.212959254162108,34
DMS,59,A41W,34,23,False,-4.90151413360343,11.212959254162108,34
DMS,59,A41Y,34,27,False,-5.99370039862028,11.212959254162108,34
DMS,59,M42A,34,7,False,-1.14582706311451,11.212959254162108,34
DMS,59,M42C,34,0,True,0.242819758289272,11.212959254162108,34
DMS,59,M42D,34,34,False,-8.3181995269374,11.212959254162108,34
DMS,59,M42E,34,30,False,-6.70345591272319,11.212959254162108,34
DMS,59,M42F,34,11,False,-2.14045199635046,11.212959254162108,34
DMS,59,M42G,34,27,False,-6.0326868940197,11.212959254162108,34
DMS,59,M42H,34,28,False,-6.3687703994283,11.212959254162108,34
DMS,59,M42I,34,2,False,0.148909651358775,11.212959254162108,34
DMS,59,M42K,34,23,False,-4.9724564297711,11.212959254162108,34
DMS,59,M42L,34,1,False,0.184902730492344,11.212959254162108,34
DMS,59,M42N,34,31,False,-6.7567109802123,11.212959254162108,34
DMS,59,M42P,34,29,False,-6.4507343821225,11.212959254162108,34
DMS,59,M42Q,34,33,False,-8.22413456100031,11.212959254162108,34
DMS,59,M42R,34,17,False,-3.98762901489923,11.212959254162108,34
DMS,59,M42S,34,26,False,-5.90024769764807,11.212959254162108,34
DMS,59,M42T,34,24,False,-5.38478982807961,11.212959254162108,34
DMS,59,M42V,34,3,False,0.0030019267264176,11.212959254162108,34
DMS,59,M42W,34,25,False,-5.73570672650818,11.212959254162108,34
DMS,59,M42Y,34,32,False,-6.89015104741879,11.212959254162108,34
DMS,59,A43C,34,10,False,0.205580094626517,11.212959254162108,34
DMS,59,A43D,34,14,False,0.147830023656162,11.212959254162108,34
DMS,59,A43E,34,1,False,0.30608697341725,11.212959254162108,34
DMS,59,A43F,34,15,False,0.121607475347145,11.212959254162108,34
DMS,59,A43G,34,16,False,0.0490260363189907,11.212959254162108,34
DMS,59,A43H,34,13,False,0.159086437902528,11.212959254162108,34
DMS,59,A43I,34,6,False,0.232315165785968,11.212959254162108,34
DMS,59,A43K,34,5,False,0.246830778782055,11.212959254162108,34
DMS,59,A43L,34,11,False,0.202004213181317,11.212959254162108,34
DMS,59,A43M,34,8,False,0.225841652351473,11.212959254162108,34
DMS,59,A43N,34,7,False,0.228320141992677,11.212959254162108,34
DMS,59,A43P,34,33,False,-4.61577529117931,11.212959254162108,34
DMS,59,A43Q,34,12,False,0.195857466192638,11.212959254162108,34
DMS,59,A43R,34,3,False,0.287789366170205,11.212959254162108,34
DMS,59,A43S,34,9,False,0.219446869949461,11.212959254162108,34
DMS,59,A43T,34,2,False,0.288439520354929,11.212959254162108,34
DMS,59,A43V,34,0,True,0.420649267322615,11.212959254162108,34
DMS,59,A43W,34,18,False,-0.006421426471524,11.212959254162108,34
DMS,59,A43Y,34,4,False,0.282403712525333,11.212959254162108,34
DMS,59,E44A,34,0,True,0.518378566643784,11.212959254162108,34
DMS,59,E44C,34,12,False,0.0870941950967887,11.212959254162108,34
DMS,59,E44D,34,5,False,0.288134758993794,11.212959254162108,34
DMS,59,E44F,34,17,False,-0.699786524115505,11.212959254162108,34
DMS,59,E44G,34,15,False,-0.185480123070533,11.212959254162108,34
DMS,59,E44H,34,1,False,0.471143660666835,11.212959254162108,34
DMS,59,E44I,34,8,False,0.198471805502461,11.212959254162108,34
DMS,59,E44K,34,4,False,0.313604055061326,11.212959254162108,34
DMS,59,E44L,34,16,False,-0.309858065119237,11.212959254162108,34
DMS,59,E44M,34,6,False,0.283145038915009,11.212959254162108,34
DMS,59,E44N,34,13,False,0.0732780808942103,11.212959254162108,34
DMS,59,E44P,34,34,False,-7.14576848129737,11.212959254162108,34
DMS,59,E44Q,34,3,False,0.405996770412393,11.212959254162108,34
DMS,59,E44R,34,10,False,0.0919038761541618,11.212959254162108,34
DMS,59,E44S,34,7,False,0.210252532993389,11.212959254162108,34
DMS,59,E44T,34,9,False,0.12803605242484,11.212959254162108,34
DMS,59,E44V,34,11,False,0.0898315469960974,11.212959254162108,34
DMS,59,E44W,34,33,False,-6.67942857767699,11.212959254162108,34
DMS,59,E44Y,34,2,False,0.424951754558458,11.212959254162108,34
DMS,59,L45A,34,33,False,-7.54093699671798,11.212959254162108,34
DMS,59,L45C,34,9,False,-3.47084159848818,11.212959254162108,34
DMS,59,L45D,34,28,False,-6.78225120560051,11.212959254162108,34
DMS,59,L45E,34,26,False,-6.07895959811764,11.212959254162108,34
DMS,59,L45F,34,21,False,-5.41904638867681,11.212959254162108,34
DMS,59,L45G,34,29,False,-6.84283435583468,11.212959254162108,34
DMS,59,L45H,34,27,False,-6.25917088238813,11.212959254162108,34
DMS,59,L45I,34,7,False,-2.5030829380948,11.212959254162108,34
DMS,59,L45K,34,32,False,-7.4627171453885,11.212959254162108,34
DMS,59,L45M,34,1,False,0.0004010543164892,11.212959254162108,34
DMS,59,L45N,34,34,False,-7.62290697484126,11.212959254162108,34
DMS,59,L45P,34,14,False,-4.16905490749229,11.212959254162108,34
DMS,59,L45Q,34,22,False,-5.62803361296238,11.212959254162108,34
DMS,59,L45R,34,23,False,-5.83452697882687,11.212959254162108,34
DMS,59,L45S,34,31,False,-7.21910778986701,11.212959254162108,34
DMS,59,L45T,34,15,False,-4.28480718498827,11.212959254162108,34
DMS,59,L45V,34,25,False,-5.99891171805529,11.212959254162108,34
DMS,59,L45W,34,30,False,-7.04843228005703,11.212959254162108,34
DMS,59,L45Y,34,24,False,-5.86228868781133,11.212959254162108,34
DMS,59,N46A,34,6,False,0.278513002397411,11.212959254162108,34
DMS,59,N46C,34,2,False,0.484877435905697,11.212959254162108,34
DMS,59,N46D,34,15,False,-1.29377783254783,11.212959254162108,34
DMS,59,N46E,34,13,False,-0.864825724717178,11.212959254162108,34
DMS,59,N46F,34,31,False,-5.08968633512099,11.212959254162108,34
DMS,59,N46G,34,14,False,-0.888441331124453,11.212959254162108,34
DMS,59,N46H,34,3,False,0.334170674878526,11.212959254162108,34
DMS,59,N46I,34,32,False,-5.30308200800006,11.212959254162108,34
DMS,59,N46K,34,5,False,0.297063634459211,11.212959254162108,34
DMS,59,N46L,34,21,False,-3.59365110893872,11.212959254162108,34
DMS,59,N46M,34,7,False,0.101242806171412,11.212959254162108,34
DMS,59,N46P,34,34,False,-7.38060453224098,11.212959254162108,34
DMS,59,N46Q,34,0,True,0.569658683734831,11.212959254162108,34
DMS,59,N46R,34,1,False,0.525488571281164,11.212959254162108,34
DMS,59,N46S,34,4,False,0.329925842542283,11.212959254162108,34
DMS,59,N46T,34,10,False,-0.813988314673381,11.212959254162108,34
DMS,59,N46V,34,29,False,-4.59265478953007,11.212959254162108,34
DMS,59,N46W,34,33,False,-6.81260097061428,11.212959254162108,34
DMS,59,N46Y,34,9,False,-0.300956051032055,11.212959254162108,34
DMS,59,Y47A,34,28,False,-6.78991378355803,11.212959254162108,34
DMS,59,Y47C,34,18,False,-4.82777825150271,11.212959254162108,34
DMS,59,Y47D,34,33,False,-7.25068674801095,11.212959254162108,34
DMS,59,Y47E,34,30,False,-6.99872379296327,11.212959254162108,34
DMS,59,Y47F,34,16,False,-4.52945996963674,11.212959254162108,34
DMS,59,Y47G,34,21,False,-6.00984361349397,11.212959254162108,34
DMS,59,Y47H,34,20,False,-5.79197445355606,11.212959254162108,34
DMS,59,Y47I,34,19,False,-5.77614614571899,11.212959254162108,34
DMS,59,Y47K,34,32,False,-7.18840103599668,11.212959254162108,34
DMS,59,Y47L,34,34,False,-7.30951934537963,11.212959254162108,34
DMS,59,Y47M,34,22,False,-6.03570176212826,11.212959254162108,34
DMS,59,Y47N,34,23,False,-6.14129412799262,11.212959254162108,34
DMS,59,Y47P,34,25,False,-6.5756019354272,11.212959254162108,34
DMS,59,Y47Q,34,29,False,-6.85667500586565,11.212959254162108,34
DMS,59,Y47R,34,24,False,-6.18566837871802,11.212959254162108,34
DMS,59,Y47S,34,27,False,-6.66421586885746,11.212959254162108,34
DMS,59,Y47T,34,31,False,-7.12471739442543,11.212959254162108,34
DMS,59,Y47V,34,26,False,-6.61494673762469,11.212959254162108,34
DMS,59,Y47W,34,0,True,0.228633218100601,11.212959254162108,34
DMS,59,I48A,34,33,False,-8.22938394151842,11.212959254162108,34
DMS,59,I48C,34,30,False,-6.56555904132068,11.212959254162108,34
DMS,59,I48D,34,32,False,-7.50613936406375,11.212959254162108,34
DMS,59,I48E,34,28,False,-6.47162280290081,11.212959254162108,34
DMS,59,I48F,34,19,False,-4.47505701052046,11.212959254162108,34
DMS,59,I48G,34,31,False,-6.85667500586565,11.212959254162108,34
DMS,59,I48H,34,29,False,-6.55994290116008,11.212959254162108,34
DMS,59,I48K,34,26,False,-6.11292197535556,11.212959254162108,34
DMS,59,I48L,34,8,False,-2.99211916254299,11.212959254162108,34
DMS,59,I48M,34,7,False,-2.71378851009536,11.212959254162108,34
DMS,59,I48N,34,23,False,-5.27787711740892,11.212959254162108,34
DMS,59,I48P,34,27,False,-6.26510392043531,11.212959254162108,34
DMS,59,I48Q,34,22,False,-5.03440712848741,11.212959254162108,34
DMS,59,I48R,34,25,False,-5.54694735073118,11.212959254162108,34
DMS,59,I48S,34,16,False,-4.40260003865003,11.212959254162108,34
DMS,59,I48T,34,11,False,-3.53525960679521,11.212959254162108,34
DMS,59,I48V,34,1,False,-0.19429057822335,11.212959254162108,34
DMS,59,I48W,34,34,False,-9.06875707819841,11.212959254162108,34
DMS,59,I48Y,34,24,False,-5.52591246169321,11.212959254162108,34
DMS,59,P49A,34,19,False,-5.60340184482823,11.212959254162108,34
DMS,59,P49C,34,33,False,-8.22763808322165,11.212959254162108,34
DMS,59,P49D,34,30,False,-7.40175943924299,11.212959254162108,34
DMS,59,P49E,34,6,False,-2.50609344901663,11.212959254162108,34
DMS,59,P49F,34,31,False,-7.57013636783256,11.212959254162108,34
DMS,59,P49G,34,28,False,-6.95200933486471,11.212959254162108,34
DMS,59,P49H,34,20,False,-5.61710133441075,11.212959254162108,34
DMS,59,P49I,34,26,False,-6.81260097061428,11.212959254162108,34
DMS,59,P49K,34,34,False,-8.56052732285807,11.212959254162108,34
DMS,59,P49L,34,23,False,-6.09986151925023,11.212959254162108,34
DMS,59,P49M,34,25,False,-6.73718012690098,11.212959254162108,34
DMS,59,P49N,34,22,False,-6.00110564541445,11.212959254162108,34
DMS,59,P49Q,34,18,False,-5.18571717734346,11.212959254162108,34
DMS,59,P49R,34,24,False,-6.21738385661898,11.212959254162108,34
DMS,59,P49S,34,16,False,-4.56645497514153,11.212959254162108,34
DMS,59,P49T,34,21,False,-5.90533457869441,11.212959254162108,34
DMS,59,P49V,34,27,False,-6.84497461045404,11.212959254162108,34
DMS,59,P49W,34,29,False,-6.97301214498941,11.212959254162108,34
DMS,59,P49Y,34,32,False,-7.96076615572291,11.212959254162108,34
DMS,59,N50A,34,31,False,-6.860990554827,11.212959254162108,34
DMS,59,N50C,34,1,False,0.0256369769670493,11.212959254162108,34
DMS,59,N50D,34,28,False,-5.97004038580387,11.212959254162108,34
DMS,59,N50E,34,34,False,-7.40698074927193,11.212959254162108,34
DMS,59,N50F,34,21,False,-4.70959396933608,11.212959254162108,34
DMS,59,N50G,34,29,False,-6.14396586799487,11.212959254162108,34
DMS,59,N50H,34,23,False,-4.8733928187357,11.212959254162108,34
DMS,59,N50I,34,26,False,-5.82258038794498,11.212959254162108,34
DMS,59,N50K,34,16,False,-4.29310335585118,11.212959254162108,34
DMS,59,N50L,34,27,False,-5.83577808933155,11.212959254162108,34
DMS,59,N50M,34,24,False,-5.47440270849762,11.212959254162108,34
DMS,59,N50P,34,25,False,-5.58911554506111,11.212959254162108,34
DMS,59,N50Q,34,32,False,-7.120457860844,11.212959254162108,34
DMS,59,N50R,34,30,False,-6.16338625811579,11.212959254162108,34
DMS,59,N50S,34,0,True,0.0262386376110911,11.212959254162108,34
DMS,59,N50T,34,9,False,-2.41667397437871,11.212959254162108,34
DMS,59,N50V,34,33,False,-7.28051329583549,11.212959254162108,34
DMS,59,N50W,34,5,False,-0.999526106389445,11.212959254162108,34
DMS,59,N50Y,34,11,False,-3.35925325512897,11.212959254162108,34
DMS,59,R51A,34,1,False,0.0909224540901285,11.212959254162108,34
DMS,59,R51C,34,28,False,-4.49972337484223,11.212959254162108,34
DMS,59,R51D,34,34,False,-6.54436095518853,11.212959254162108,34
DMS,59,R51E,34,33,False,-5.97590174803832,11.212959254162108,34
DMS,59,R51F,34,7,False,-1.49453751717665,11.212959254162108,34
DMS,59,R51G,34,24,False,-4.37777329116079,11.212959254162108,34
DMS,59,R51H,34,14,False,-2.41235940321647,11.212959254162108,34
DMS,59,R51I,34,16,False,-3.10487983871567,11.212959254162108,34
DMS,59,R51K,34,0,True,0.155951459578575,11.212959254162108,34
DMS,59,R51L,34,8,False,-1.58038097634153,11.212959254162108,34
DMS,59,R51M,34,9,False,-1.77528537244307,11.212959254162108,34
DMS,59,R51N,34,32,False,-4.85926886181556,11.212959254162108,34
DMS,59,R51P,34,31,False,-4.83486313376513,11.212959254162108,34
DMS,59,R51Q,34,13,False,-2.35134218747941,11.212959254162108,34
DMS,59,R51S,34,18,False,-3.41152685108915,11.212959254162108,34
DMS,59,R51T,34,26,False,-4.41344823587258,11.212959254162108,34
DMS,59,R51V,34,12,False,-2.23374986598847,11.212959254162108,34
DMS,59,R51W,34,3,False,-0.148210110659782,11.212959254162108,34
DMS,59,R51Y,34,15,False,-2.65773536510555,11.212959254162108,34
DMS,59,V52A,34,5,False,0.364067741022816,11.212959254162108,34
DMS,59,V52C,34,4,False,0.372428503507766,11.212959254162108,34
DMS,59,V52D,34,31,False,-4.48102610361943,11.212959254162108,34
DMS,59,V52E,34,23,False,-3.51529388591893,11.212959254162108,34
DMS,59,V52F,34,1,False,0.431015474337288,11.212959254162108,34
DMS,59,V52G,34,13,False,-0.0383855309567942,11.212959254162108,34
DMS,59,V52H,34,6,False,0.335533854596111,11.212959254162108,34
DMS,59,V52I,34,2,False,0.415560286268771,11.212959254162108,34
DMS,59,V52K,34,34,False,-4.92936498268295,11.212959254162108,34
DMS,59,V52L,34,3,False,0.406294738392827,11.212959254162108,34
DMS,59,V52M,34,8,False,0.333284824940928,11.212959254162108,34
DMS,59,V52N,34,0,True,0.532219618822013,11.212959254162108,34
DMS,59,V52P,34,11,False,0.239898193632608,11.212959254162108,34
DMS,59,V52Q,34,14,False,-0.188092980817843,11.212959254162108,34
DMS,59,V52R,34,28,False,-4.32706222527183,11.212959254162108,34
DMS,59,V52S,34,9,False,0.32270658962882,11.212959254162108,34
DMS,59,V52T,34,20,False,-2.72067937718907,11.212959254162108,34
DMS,59,V52W,34,10,False,0.282164279133901,11.212959254162108,34
DMS,59,V52Y,34,7,False,0.333722241906975,11.212959254162108,34
DMS,59,A53C,34,27,False,-7.42419513352144,11.212959254162108,34
DMS,59,A53D,34,30,False,-7.74015921532069,11.212959254162108,34
DMS,59,A53E,34,18,False,-4.63154593673191,11.212959254162108,34
DMS,59,A53F,34,25,False,-6.89493931844787,11.212959254162108,34
DMS,59,A53G,34,23,False,-6.27835005956508,11.212959254162108,34
DMS,59,A53H,34,33,False,-8.23805478265049,11.212959254162108,34
DMS,59,A53I,34,21,False,-6.24444416476733,11.212959254162108,34
DMS,59,A53K,34,31,False,-8.01056157927797,11.212959254162108,34
DMS,59,A53L,34,26,False,-6.95273184251498,11.212959254162108,34
DMS,59,A53M,34,29,False,-7.62962234869523,11.212959254162108,34
DMS,59,A53N,34,34,False,-8.51278528540049,11.212959254162108,34
DMS,59,A53P,34,11,False,-3.74659283911059,11.212959254162108,34
DMS,59,A53Q,34,24,False,-6.46570074270369,11.212959254162108,34
DMS,59,A53R,34,28,False,-7.46394896832957,11.212959254162108,34
DMS,59,A53S,34,4,False,-1.71459498687579,11.212959254162108,34
DMS,59,A53T,34,7,False,-2.48492447468066,11.212959254162108,34
DMS,59,A53V,34,20,False,-5.24289116332427,11.212959254162108,34
DMS,59,A53W,34,32,False,-8.12711424099206,11.212959254162108,34
DMS,59,A53Y,34,22,False,-6.26256467353384,11.212959254162108,34
DMS,59,Q54A,34,4,False,-1.11926097651529,11.212959254162108,34
DMS,59,Q54C,34,26,False,-6.31415727861605,11.212959254162108,34
DMS,59,Q54D,34,29,False,-6.84283435583468,11.212959254162108,34
DMS,59,Q54E,34,25,False,-6.12423951927871,11.212959254162108,34
DMS,59,Q54F,34,33,False,-7.75486928432942,11.212959254162108,34
DMS,59,Q54G,34,32,False,-7.50908607616864,11.212959254162108,34
DMS,59,Q54H,34,8,False,-3.00460227553214,11.212959254162108,34
DMS,59,Q54I,34,24,False,-6.09191054116995,11.212959254162108,34
DMS,59,Q54K,34,21,False,-5.33804701518109,11.212959254162108,34
DMS,59,Q54L,34,23,False,-6.07025107557927,11.212959254162108,34
DMS,59,Q54M,34,14,False,-4.23606939408575,11.212959254162108,34
DMS,59,Q54N,34,31,False,-7.38947203785631,11.212959254162108,34
DMS,59,Q54P,34,22,False,-5.80566683303527,11.212959254162108,34
DMS,59,Q54R,34,3,False,-1.0860454350584,11.212959254162108,34
DMS,59,Q54S,34,17,False,-4.4130834366666,11.212959254162108,34
DMS,59,Q54T,34,28,False,-6.71499102520577,11.212959254162108,34
DMS,59,Q54V,34,34,False,-7.89552196741757,11.212959254162108,34
DMS,59,Q54W,34,27,False,-6.48576668849485,11.212959254162108,34
DMS,59,Q54Y,34,30,False,-7.06596890074486,11.212959254162108,34
DMS,59,Q55A,34,2,False,0.409619727809621,11.212959254162108,34
DMS,59,Q55C,34,0,True,0.932165567194825,11.212959254162108,34
DMS,59,Q55D,34,34,False,-6.63056517168038,11.212959254162108,34
DMS,59,Q55E,34,29,False,-4.45299249030639,11.212959254162108,34
DMS,59,Q55F,34,14,False,-1.18816099886218,11.212959254162108,34
DMS,59,Q55G,34,33,False,-5.06117496213394,11.212959254162108,34
DMS,59,Q55H,34,6,False,0.290958707001928,11.212959254162108,34
DMS,59,Q55I,34,1,False,0.592526214879587,11.212959254162108,34
DMS,59,Q55K,34,9,False,0.068027218026568,11.212959254162108,34
DMS,59,Q55L,34,7,False,0.279639555031869,11.212959254162108,34
DMS,59,Q55M,34,5,False,0.300184013281524,11.212959254162108,34
DMS,59,Q55N,34,18,False,-2.23843033003429,11.212959254162108,34
DMS,59,Q55P,34,20,False,-2.55189718640741,11.212959254162108,34
DMS,59,Q55R,34,3,False,0.332588595248117,11.212959254162108,34
DMS,59,Q55S,34,10,False,0.0061240633091209,11.212959254162108,34
DMS,59,Q55T,34,4,False,0.331056720434928,11.212959254162108,34
DMS,59,Q55V,34,8,False,0.0836964109764666,11.212959254162108,34
DMS,59,Q55W,34,26,False,-4.08467527554659,11.212959254162108,34
DMS,59,Q55Y,34,19,False,-2.42499400975798,11.212959254162108,34
DMS,59,L56A,34,29,False,-7.18668181513371,11.212959254162108,34
DMS,59,L56C,34,34,False,-8.20637699081434,11.212959254162108,34
DMS,59,L56D,34,21,False,-6.37648708792704,11.212959254162108,34
DMS,59,L56E,34,22,False,-6.44816738358832,11.212959254162108,34
DMS,59,L56F,34,20,False,-6.12887017702028,11.212959254162108,34
DMS,59,L56G,34,30,False,-7.30583456954428,11.212959254162108,34
DMS,59,L56H,34,32,False,-7.4528081416087,11.212959254162108,34
DMS,59,L56I,34,23,False,-6.52347711335557,11.212959254162108,34
DMS,59,L56K,34,24,False,-6.85667500586565,11.212959254162108,34
DMS,59,L56M,34,15,False,-4.34452363263623,11.212959254162108,34
DMS,59,L56N,34,27,False,-6.97949567855354,11.212959254162108,34
DMS,59,L56P,34,11,False,-3.92798060099535,11.212959254162108,34
DMS,59,L56Q,34,13,False,-4.01677691948599,11.212959254162108,34
DMS,59,L56R,34,7,False,-3.37691114766685,11.212959254162108,34
DMS,59,L56S,34,33,False,-7.47008563233635,11.212959254162108,34
DMS,59,L56T,34,26,False,-6.95002004267759,11.212959254162108,34
DMS,59,L56V,34,25,False,-6.89679598690615,11.212959254162108,34
DMS,59,L56W,34,28,False,-7.04356049351917,11.212959254162108,34
DMS,59,L56Y,34,31,False,-7.33508852370139,11.212959254162108,34
DMS,59,A57C,34,18,False,-4.73600703431594,11.212959254162108,34
DMS,59,A57D,34,25,False,-6.53491340788376,11.212959254162108,34
DMS,59,A57E,34,23,False,-5.79883880245912,11.212959254162108,34
DMS,59,A57F,34,26,False,-6.54386557065498,11.212959254162108,34
DMS,59,A57G,34,8,False,-3.55208267424741,11.212959254162108,34
DMS,59,A57H,34,32,False,-7.5612437572184,11.212959254162108,34
DMS,59,A57I,34,27,False,-7.01970666142601,11.212959254162108,34
DMS,59,A57K,34,22,False,-5.75797837655366,11.212959254162108,34
DMS,59,A57L,34,34,False,-7.94120350577226,11.212959254162108,34
DMS,59,A57M,34,28,False,-7.06351959447863,11.212959254162108,34
DMS,59,A57N,34,24,False,-6.44636724137183,11.212959254162108,34
DMS,59,A57P,34,21,False,-5.67876529237896,11.212959254162108,34
DMS,59,A57Q,34,29,False,-7.15820590419379,11.212959254162108,34
DMS,59,A57R,34,31,False,-7.32103561113323,11.212959254162108,34
DMS,59,A57S,34,17,False,-4.57918054990127,11.212959254162108,34
DMS,59,A57T,34,20,False,-5.45477085333718,11.212959254162108,34
DMS,59,A57V,34,12,False,-4.22012330501687,11.212959254162108,34
DMS,59,A57W,34,33,False,-7.83769031395599,11.212959254162108,34
DMS,59,A57Y,34,30,False,-7.20393961333305,11.212959254162108,34
DMS,59,G58A,34,22,False,-5.77115977997759,11.212959254162108,34
DMS,59,G58C,34,20,False,-5.13573268408105,11.212959254162108,34
DMS,59,G58D,34,19,False,-4.96474272350624,11.212959254162108,34
DMS,59,G58E,34,31,False,-6.73948336568692,11.212959254162108,34
DMS,59,G58F,34,34,False,-7.69847367164355,11.212959254162108,34
DMS,59,G58H,34,24,False,-5.8252307722921,11.212959254162108,34
DMS,59,G58I,34,29,False,-6.56996322012863,11.212959254162108,34
DMS,59,G58K,34,7,False,-2.5452542243918,11.212959254162108,34
DMS,59,G58L,34,33,False,-7.10180530628288,11.212959254162108,34
DMS,59,G58M,34,30,False,-6.59883685357011,11.212959254162108,34
DMS,59,G58N,34,26,False,-5.93704564434981,11.212959254162108,34
DMS,59,G58P,34,27,False,-5.99671399190816,11.212959254162108,34
DMS,59,G58Q,34,25,False,-5.90880736546189,11.212959254162108,34
DMS,59,G58R,34,1,False,-0.621067692757933,11.212959254162108,34
DMS,59,G58S,34,10,False,-3.51270155499513,11.212959254162108,34
DMS,59,G58T,34,21,False,-5.60340184482823,11.212959254162108,34
DMS,59,G58V,34,23,False,-5.78025086065299,11.212959254162108,34
DMS,59,G58W,34,32,False,-6.89911256121551,11.212959254162108,34
DMS,59,G58Y,34,28,False,-6.36961794062003,11.212959254162108,34
DMS,59,K59A,34,10,False,-2.58528056074361,11.212959254162108,34
DMS,59,K59C,34,27,False,-5.06829190846793,11.212959254162108,34
DMS,59,K59D,34,33,False,-7.02385615551481,11.212959254162108,34
DMS,59,K59E,34,28,False,-5.17941194680268,11.212959254162108,34
DMS,59,K59F,34,16,False,-3.76936415173135,11.212959254162108,34
DMS,59,K59G,34,29,False,-5.31550801205623,11.212959254162108,34
DMS,59,K59H,34,9,False,-2.52000684359769,11.212959254162108,34
DMS,59,K59I,34,32,False,-6.74315909489891,11.212959254162108,34
DMS,59,K59L,34,17,False,-3.82771858474209,11.212959254162108,34
DMS,59,K59M,34,26,False,-4.81743229891783,11.212959254162108,34
DMS,59,K59N,34,11,False,-3.04531841743382,11.212959254162108,34
DMS,59,K59P,34,31,False,-6.00360835525755,11.212959254162108,34
DMS,59,K59Q,34,24,False,-4.52983837553325,11.212959254162108,34
DMS,59,K59R,34,0,True,0.0536621853537648,11.212959254162108,34
DMS,59,K59S,34,8,False,-2.43151515901925,11.212959254162108,34
DMS,59,K59T,34,13,False,-3.24040495335985,11.212959254162108,34
DMS,59,K59V,34,7,False,-2.11154688252988,11.212959254162108,34
DMS,59,K59W,34,34,False,-7.29718608320885,11.212959254162108,34
DMS,59,K59Y,34,30,False,-5.42077579623766,11.212959254162108,34
DMS,59,Q60A,34,6,False,0.257031618532258,11.212959254162108,34
DMS,59,Q60C,34,11,False,0.164900489523258,11.212959254162108,34
DMS,59,Q60D,34,18,False,-0.208177744620326,11.212959254162108,34
DMS,59,Q60E,34,7,False,0.245721294016761,11.212959254162108,34
DMS,59,Q60F,34,4,False,0.336998145978031,11.212959254162108,34
DMS,59,Q60G,34,5,False,0.291954707449156,11.212959254162108,34
DMS,59,Q60H,34,15,False,0.0048152761527426,11.212959254162108,34
DMS,59,Q60I,34,3,False,0.443726058684858,11.212959254162108,34
DMS,59,Q60K,34,10,False,0.190559261279463,11.212959254162108,34
DMS,59,Q60L,34,0,True,0.865500174787234,11.212959254162108,34
DMS,59,Q60M,34,8,False,0.229261021745032,11.212959254162108,34
DMS,59,Q60N,34,12,False,0.121723464353688,11.212959254162108,34
DMS,59,Q60P,34,2,False,0.459144597426216,11.212959254162108,34
DMS,59,Q60R,34,19,False,-0.37775925045832,11.212959254162108,34
DMS,59,Q60S,34,17,False,-0.177486350220955,11.212959254162108,34
DMS,59,Q60T,34,9,False,0.203148305107908,11.212959254162108,34
DMS,59,Q60V,34,13,False,0.0859941097914711,11.212959254162108,34
DMS,59,Q60W,34,14,False,0.0345845303649101,11.212959254162108,34
DMS,59,Q60Y,34,1,False,0.469171703421114,11.212959254162108,34
LGF,63,Anc593,145,127,False,-9.96578428466209,7.169515383165788,34
LGF,63,Anc594,120,83,False,-7.05941729475909,7.169515383165788,34
LGF,63,Anc595,107,95,False,-7.77039478031519,7.169515383165788,34
LGF,63,Anc596,119,96,False,-7.35003127812787,7.169515383165788,34
LGF,63,Anc597,122,3,False,-3.99069008521289,7.169515383165788,34
LGF,63,Anc598,195,76,False,-5.38106311803269,7.169515383165788,34
LGF,63,Anc599,200,150,False,-6.65387367483243,7.169515383165788,34
LGF,63,Anc600,211,192,False,-7.25285927022378,7.169515383165788,34
LGF,63,Anc601,226,190,False,-6.66794299364557,7.169515383165788,34
LGF,63,Anc910,168,108,False,-6.98415157980051,7.169515383165788,34
LGF,63,Anc911,161,103,False,-6.98415157980051,7.169515383165788,34
LGF,63,Anc927,158,102,False,-6.98415157980051,7.169515383165788,34
LGF,63,Anc932,160,135,False,-9.96578428466209,7.169515383165788,34
LGF,63,Anc946,156,44,False,-5.58049715619462,7.169515383165788,34
LGF,63,Anc602,205,171,False,-6.57082181027863,7.169515383165788,34
LGF,63,Anc603,223,31,False,-4.68004624991019,7.169515383165788,34
LGF,63,Anc604,203,109,False,-5.53115060838735,7.169515383165788,34
LGF,63,Anc605,196,107,False,-5.53115060838735,7.169515383165788,34
LGF,63,Anc606,243,50,False,-4.84252200019333,7.169515383165788,34
LGF,63,Anc643,203,54,False,-5.0001869150848,7.169515383165788,34
LGF,63,Anc644,162,10,False,-4.00675591333471,7.169515383165788,34
LGF,63,Anc645,128,74,False,-5.51864710226138,7.169515383165788,34
LGF,63,Anc646,50,36,False,-5.97622067821365,7.169515383165788,34
LGF,63,Anc654,100,56,False,-5.50692937522968,7.169515383165788,34
LGF,63,Anc676,196,141,False,-6.05304780498623,7.169515383165788,34
LGF,63,Anc677,245,16,False,-4.2919761759831,7.169515383165788,34
LGF,63,Anc678,294,69,False,-4.97755004896118,7.169515383165788,34
LGF,63,Anc679,288,68,False,-4.97755004896118,7.169515383165788,34
LGF,63,Anc680,193,86,False,-5.48915500984255,7.169515383165788,34
LGF,63,Anc681,183,81,False,-5.48915500984255,7.169515383165788,34
LGF,63,Anc682,175,77,False,-5.48915500984255,7.169515383165788,34
LGF,63,Anc698,138,65,False,-5.57199023855206,7.169515383165788,34
LGF,63,Anc699,133,16,False,-4.65981612323624,7.169515383165788,34
LGF,63,Anc700,133,35,False,-5.13699344897793,7.169515383165788,34
LGF,63,Anc787,142,38,False,-5.05917719706537,7.169515383165788,34
LGF,63,Anc789,41,1,False,-4.1158785750379,7.169515383165788,34
LGF,63,Anc947,140,83,False,-6.89505788298906,7.169515383165788,34
LGF,63,Anc948,136,57,False,-6.00494212243054,7.169515383165788,34
LGF,63,Anc949,133,56,False,-6.00494212243054,7.169515383165788,34
LGF,63,Anc950,109,38,False,-5.68943530118753,7.169515383165788,34
LGF,63,Anc993,149,60,False,-5.97348668746875,7.169515383165788,34
LGF,63,Anc994,151,23,False,-5.03415391716808,7.169515383165788,34
LGF,63,Anc995,156,125,False,-9.96578428466209,7.169515383165788,34
LGF,63,Anc996,153,20,False,-4.91501180351653,7.169515383165788,34
LGF,63,Anc1018,174,28,False,-4.93766016728186,7.169515383165788,34
LGF,63,Anc1019,174,28,False,-4.93766016728186,7.169515383165788,34
LGF,63,Anc1020,146,98,False,-6.99822048465681,7.169515383165788,34
LGF,63,Anc1021,85,59,False,-7.55741982208857,7.169515383165788,34
LGF,63,Anc1100,123,20,False,-4.94400205508871,7.169515383165788,34
LGF,63,Anc583,34,16,False,-5.74518565117848,7.169515383165788,34
LGF,63,Anc584,34,16,False,-5.74518565117848,7.169515383165788,34
LGF,63,Anc585,46,13,False,-5.66006624187205,7.169515383165788,34
LGF,63,Anc586,34,32,False,-9.96578428466209,7.169515383165788,34
LGF,63,Anc587,34,24,False,-5.75544361796306,7.169515383165788,34
LGF,63,Anc588,65,9,False,-4.97138216981616,7.169515383165788,34
LGF,63,Anc589,96,44,False,-5.8027362522542,7.169515383165788,34
LGF,63,Anc590,43,7,False,-5.07347529559465,7.169515383165788,34
LGF,63,Anc591,36,27,False,-7.20186603803405,7.169515383165788,34
LGF,63,Anc592,131,53,False,-5.90026319411417,7.169515383165788,34
LGF,63,Anc607,159,29,False,-4.8083823851892,7.169515383165788,34
LGF,63,Anc608,151,140,False,-6.45398003986426,7.169515383165788,34
LGF,63,Anc609,66,54,False,-6.07849382493841,7.169515383165788,34
LGF,63,Anc610,37,25,False,-6.05369024858396,7.169515383165788,34
LGF,63,Anc611,66,26,False,-5.17798645291316,7.169515383165788,34
LGF,63,Anc612,47,46,False,-6.71365962853543,7.169515383165788,34
LGF,63,Anc613,149,29,False,-4.8083823851892,7.169515383165788,34
LGF,63,Anc614,127,10,False,-4.45596195269364,7.169515383165788,34
LGF,63,Anc615,84,20,False,-4.83194493746349,7.169515383165788,34
LGF,63,Anc616,84,43,False,-5.65466945950665,7.169515383165788,34
LGF,63,Anc617,79,56,False,-6.0571538077437,7.169515383165788,34
LGF,63,Anc618,75,52,False,-6.0571538077437,7.169515383165788,34
LGF,63,Anc619,74,51,False,-6.0571538077437,7.169515383165788,34
LGF,63,Anc620,72,50,False,-6.0571538077437,7.169515383165788,34
LGF,63,Anc621,84,66,False,-6.3090411239691,7.169515383165788,34
LGF,63,Anc622,73,41,False,-5.72674635835539,7.169515383165788,34
LGF,63,Anc623,106,17,False,-4.7442395761974,7.169515383165788,34
LGF,63,Anc624,82,69,False,-6.42576814917311,7.169515383165788,34
LGF,63,Anc625,77,67,False,-6.42576814917311,7.169515383165788,34
LGF,63,Anc626,73,32,False,-5.3706661607823,7.169515383165788,34
LGF,63,Anc627,79,75,False,-7.06929565020563,7.169515383165788,34
LGF,63,Anc628,190,116,False,-5.7547799771063,7.169515383165788,34
LGF,63,Anc629,57,50,False,-6.34615742101833,7.169515383165788,34
LGF,63,Anc630,52,25,False,-5.38106311803269,7.169515383165788,34
LGF,63,Anc631,111,65,False,-5.73336195946361,7.169515383165788,34
LGF,63,Anc632,37,4,False,-4.5905199322973,7.169515383165788,34
LGF,63,Anc633,37,4,False,-4.5905199322973,7.169515383165788,34
LGF,63,Anc634,35,35,False,-6.47608547668994,7.169515383165788,34
LGF,63,Anc635,39,27,False,-5.81021952996066,7.169515383165788,34
LGF,63,Anc636,179,23,False,-4.68004624991019,7.169515383165788,34
LGF,63,Anc637,60,3,False,-4.30427462912098,7.169515383165788,34
LGF,63,Anc638,43,21,False,-5.07490352298557,7.169515383165788,34
LGF,63,Anc639,45,0,True,-3.75341012108842,7.169515383165788,34
LGF,63,Anc640,41,29,False,-5.78106366607119,7.169515383165788,34
LGF,63,Anc641,46,39,False,-6.19852244257964,7.169515383165788,34
LGF,63,Anc642,50,35,False,-5.75600489467683,7.169515383165788,34
LGF,63,Anc647,40,15,False,-5.06166525170394,7.169515383165788,34
LGF,63,Anc648,40,33,False,-6.03231525454358,7.169515383165788,34
LGF,63,Anc649,37,2,False,-4.08342954901276,7.169515383165788,34
LGF,63,Anc650,36,9,False,-4.95374520325398,7.169515383165788,34
LGF,63,Anc651,36,34,False,-7.85212567326691,7.169515383165788,34
LGF,63,Anc652,35,32,False,-7.28016594969025,7.169515383165788,34
LGF,63,Anc653,38,29,False,-6.3090411239691,7.169515383165788,34
LGF,63,Anc655,72,17,False,-4.90933936450163,7.169515383165788,34
LGF,63,Anc656,69,28,False,-5.1706516985101,7.169515383165788,34
LGF,63,Anc657,49,5,False,-4.32716010771042,7.169515383165788,34
LGF,63,Anc658,44,0,True,-3.61570284422995,7.169515383165788,34
LGF,63,Anc659,73,39,False,-5.47771800459346,7.169515383165788,34
LGF,63,Anc660,61,58,False,-9.96578428466209,7.169515383165788,34
LGF,63,Anc661,55,47,False,-6.88814183714142,7.169515383165788,34
LGF,63,Anc662,63,2,False,-3.96306473698101,7.169515383165788,34
LGF,63,Anc663,63,44,False,-5.87390678892448,7.169515383165788,34
LGF,63,Anc664,50,26,False,-5.38247459673678,7.169515383165788,34
LGF,63,Anc665,60,27,False,-5.19818196106754,7.169515383165788,34
LGF,63,Anc666,68,28,False,-5.16487887687151,7.169515383165788,34
LGF,63,Anc667,63,22,False,-5.12360714485339,7.169515383165788,34
LGF,63,Anc668,62,21,False,-5.12360714485339,7.169515383165788,34
LGF,63,Anc669,49,19,False,-5.35395596418267,7.169515383165788,34
LGF,63,Anc670,62,21,False,-5.12360714485339,7.169515383165788,34
LGF,63,Anc671,57,3,False,-3.97996799513458,7.169515383165788,34
LGF,63,Anc672,51,44,False,-6.96990344724126,7.169515383165788,34
LGF,63,Anc673,51,16,False,-5.02742844465116,7.169515383165788,34
LGF,63,Anc674,48,44,False,-9.96578428466209,7.169515383165788,34
LGF,63,Anc675,46,34,False,-5.92973487121994,7.169515383165788,34
LGF,63,Anc683,147,65,False,-5.48915500984255,7.169515383165788,34
LGF,63,Anc697,142,65,False,-5.48915500984255,7.169515383165788,34
LGF,63,Anc684,187,112,False,-5.77061419207522,7.169515383165788,34
LGF,63,Anc685,180,109,False,-5.77061419207522,7.169515383165788,34
LGF,63,Anc686,175,106,False,-5.77061419207522,7.169515383165788,34
LGF,63,Anc687,45,25,False,-5.58342904522127,7.169515383165788,34
LGF,63,Anc688,40,36,False,-6.47608547668994,7.169515383165788,34
LGF,63,Anc689,46,26,False,-5.73874973670735,7.169515383165788,34
LGF,63,Anc690,41,3,False,-4.40899896026231,7.169515383165788,34
LGF,63,Anc691,83,2,False,-4.21107238616776,7.169515383165788,34
LGF,63,Anc692,54,41,False,-6.45398003986426,7.169515383165788,34
LGF,63,Anc693,40,37,False,-7.47611616220377,7.169515383165788,34
LGF,63,Anc694,37,37,False,-9.96578428466209,7.169515383165788,34
LGF,63,Anc695,42,22,False,-5.56039811382559,7.169515383165788,34
LGF,63,Anc696,58,48,False,-7.09361028216895,7.169515383165788,34
LGF,63,Anc701,122,68,False,-5.74411521572439,7.169515383165788,34
LGF,63,Anc702,113,42,False,-5.32644803214155,7.169515383165788,34
LGF,63,Anc703,46,34,False,-9.96578428466209,7.169515383165788,34
LGF,63,Anc704,38,26,False,-9.96578428466209,7.169515383165788,34
LGF,63,Anc705,38,26,False,-9.96578428466209,7.169515383165788,34
LGF,63,Anc706,44,33,False,-9.96578428466209,7.169515383165788,34
LGF,63,Anc707,44,6,False,-4.77584170811139,7.169515383165788,34
LGF,63,Anc708,64,50,False,-9.96578428466209,7.169515383165788,34
LGF,63,Anc709,44,6,False,-4.77584170811139,7.169515383165788,34
LGF,63,Anc710,43,32,False,-9.96578428466209,7.169515383165788,34
LGF,63,Anc711,45,6,False,-4.8083823851892,7.169515383165788,34
LGF,63,Anc712,41,27,False,-6.43430085488171,7.169515383165788,34
LGF,63,Anc713,35,24,False,-9.96578428466209,7.169515383165788,34
LGF,63,Anc714,46,33,False,-9.96578428466209,7.169515383165788,34
LGF,63,Anc715,52,40,False,-6.08853013900215,7.169515383165788,34
LGF,63,Anc716,112,43,False,-5.35451021232266,7.169515383165788,34
LGF,63,Anc717,99,16,False,-4.80242758171569,7.169515383165788,34
LGF,63,Anc718,105,43,False,-5.37717379434895,7.169515383165788,34
LGF,63,Anc719,100,40,False,-5.3057340803415,7.169515383165788,34
LGF,63,Anc720,89,50,False,-5.66296297596998,7.169515383165788,34
LGF,63,Anc721,82,68,False,-7.54916830105481,7.169515383165788,34
LGF,63,Anc722,79,24,False,-5.08839675956227,7.169515383165788,34
LGF,63,Anc723,43,33,False,-6.09351845360808,7.169515383165788,34
LGF,63,Anc724,39,35,False,-9.96578428466209,7.169515383165788,34
LGF,63,Anc725,96,6,False,-4.48857358442555,7.169515383165788,34
LGF,63,Anc726,94,6,False,-4.48857358442555,7.169515383165788,34
LGF,63,Anc727,84,20,False,-4.95859065112202,7.169515383165788,34
LGF,63,Anc728,80,19,False,-4.95859065112202,7.169515383165788,34
LGF,63,Anc729,85,9,False,-4.56060297112085,7.169515383165788,34
LGF,63,Anc730,70,8,False,-4.60789603311872,7.169515383165788,34
LGF,63,Anc731,80,52,False,-5.95594958669194,7.169515383165788,34
LGF,63,Anc732,80,52,False,-5.95594958669194,7.169515383165788,34
LGF,63,Anc733,62,4,False,-4.55910645793225,7.169515383165788,34
LGF,63,Anc734,59,44,False,-6.17168383989985,7.169515383165788,34
LGF,63,Anc735,90,72,False,-7.1580409571911,7.169515383165788,34
LGF,63,Anc736,64,62,False,-9.96578428466209,7.169515383165788,34
LGF,63,Anc737,88,42,False,-5.44962137340064,7.169515383165788,34
LGF,63,Anc738,82,45,False,-5.6033500155155,7.169515383165788,34
LGF,63,Anc739,75,47,False,-5.86946089251769,7.169515383165788,34
LGF,63,Anc740,40,26,False,-6.17168383989985,7.169515383165788,34
LGF,63,Anc741,51,10,False,-4.82726489394376,7.169515383165788,34
LGF,63,Anc742,58,52,False,-8.2927151601274,7.169515383165788,34
LGF,63,Anc743,48,24,False,-5.57266894906752,7.169515383165788,34
LGF,63,Anc744,62,51,False,-9.96578428466209,7.169515383165788,34
LGF,63,Anc745,58,39,False,-5.91065572736717,7.169515383165788,34
LGF,63,Anc746,54,23,False,-5.42900857535338,7.169515383165788,34
LGF,63,Anc747,49,37,False,-6.22120387032716,7.169515383165788,34
LGF,63,Anc748,44,25,False,-5.77236164638677,7.169515383165788,34
LGF,63,Anc749,45,36,False,-7.17245066589433,7.169515383165788,34
LGF,63,Anc750,45,36,False,-7.17245066589433,7.169515383165788,34
LGF,63,Anc751,46,18,False,-5.53026143121527,7.169515383165788,34
LGF,63,Anc752,64,18,False,-5.04750524783895,7.169515383165788,34
LGF,63,Anc753,54,1,False,-3.98352219511965,7.169515383165788,34
LGF,63,Anc754,38,14,False,-5.29144298739526,7.169515383165788,34
LGF,63,Anc755,99,83,False,-6.53486398151127,7.169515383165788,34
LGF,63,Anc756,88,68,False,-6.43600021904153,7.169515383165788,34
LGF,63,Anc757,76,26,False,-5.19818196106754,7.169515383165788,34
LGF,63,Anc758,50,49,False,-8.19693728162347,7.169515383165788,34
LGF,63,Anc759,40,32,False,-5.88978559627406,7.169515383165788,34
LGF,63,Anc760,38,19,False,-5.48557119642726,7.169515383165788,34
LGF,63,Anc761,39,15,False,-5.27604955514959,7.169515383165788,34
LGF,63,Anc762,39,15,False,-5.27604955514959,7.169515383165788,34
LGF,63,Anc763,38,28,False,-6.14984405118983,7.169515383165788,34
LGF,63,Anc764,61,60,False,-9.96578428466209,7.169515383165788,34
LGF,63,Anc765,54,20,False,-5.23335041692609,7.169515383165788,34
LGF,63,Anc766,53,20,False,-5.23335041692609,7.169515383165788,34
LGF,63,Anc767,43,12,False,-5.03208810381795,7.169515383165788,34
LGF,63,Anc768,51,19,False,-5.23335041692609,7.169515383165788,34
LGF,63,Anc769,208,50,False,-4.97755004896118,7.169515383165788,34
LGF,63,Anc770,110,26,False,-4.83194493746349,7.169515383165788,34
LGF,63,Anc771,124,20,False,-4.70984228224429,7.169515383165788,34
LGF,63,Anc772,34,23,False,-5.57571880744392,7.169515383165788,34
LGF,63,Anc773,150,15,False,-4.52801283623184,7.169515383165788,34
LGF,63,Anc774,90,58,False,-5.70837764532438,7.169515383165788,34
LGF,63,Anc775,86,57,False,-5.70837764532438,7.169515383165788,34
LGF,63,Anc776,83,30,False,-5.09161513710521,7.169515383165788,34
LGF,63,Anc777,45,40,False,-6.55040713335231,7.169515383165788,34
LGF,63,Anc778,53,12,False,-4.88481320634921,7.169515383165788,34
LGF,63,Anc779,53,12,False,-4.88481320634921,7.169515383165788,34
LGF,63,Anc780,42,32,False,-5.98438755738873,7.169515383165788,34
LGF,63,Anc781,40,34,False,-6.1620243452099,7.169515383165788,34
LGF,63,Anc782,40,39,False,-7.13142441605254,7.169515383165788,34
LGF,63,Anc783,61,26,False,-5.28998457337437,7.169515383165788,34
LGF,63,Anc784,52,18,False,-4.99674282484133,7.169515383165788,34
LGF,63,Anc785,48,21,False,-5.37717379434895,7.169515383165788,34
LGF,63,Anc786,45,10,False,-4.83194493746349,7.169515383165788,34
LGF,63,Anc788,43,37,False,-7.1634671395147,7.169515383165788,34
LGF,63,Anc790,72,7,False,-4.62670437037559,7.169515383165788,34
LGF,63,Anc791,41,21,False,-5.60152595976604,7.169515383165788,34
LGF,63,Anc792,43,31,False,-5.8590268517648,7.169515383165788,34
LGF,63,Anc793,37,7,False,-4.633236015063,7.169515383165788,34
LGF,63,Anc794,43,14,False,-5.3376411488745,7.169515383165788,34
LGF,63,Anc795,43,7,False,-4.99674282484133,7.169515383165788,34
LGF,63,Anc796,39,27,False,-6.00056550237264,7.169515383165788,34
LGF,63,Anc797,40,29,False,-5.94421959502288,7.169515383165788,34
LGF,63,Anc798,35,10,False,-5.05413173812815,7.169515383165788,34
LGF,63,Anc799,64,55,False,-6.87652081370456,7.169515383165788,34
LGF,63,Anc800,58,29,False,-5.6410790128027,7.169515383165788,34
LGF,63,Anc801,59,2,False,-4.36300845860121,7.169515383165788,34
LGF,63,Anc802,39,11,False,-5.24000893488551,7.169515383165788,34
LGF,63,Anc803,36,31,False,-7.6624853283269,7.169515383165788,34
LGF,63,Anc804,36,31,False,-7.6624853283269,7.169515383165788,34
LGF,63,Anc805,54,53,False,-8.60496572343991,7.169515383165788,34
LGF,63,Anc806,54,25,False,-5.56450115533071,7.169515383165788,34
LGF,63,Anc807,48,32,False,-6.17408708580922,7.169515383165788,34
LGF,63,Anc808,54,31,False,-5.78668871991616,7.169515383165788,34
LGF,63,Anc809,47,6,False,-4.51022566191589,7.169515383165788,34
LGF,63,Anc810,43,34,False,-7.08879023961275,7.169515383165788,34
LGF,63,Anc811,44,34,False,-7.1634671395147,7.169515383165788,34
LGF,63,Anc812,39,26,False,-6.26659891088228,7.169515383165788,34
LGF,63,Anc813,36,14,False,-5.74945857153354,7.169515383165788,34
LGF,63,Anc814,49,38,False,-6.65858214811719,7.169515383165788,34
LGF,63,Anc815,120,79,False,-5.8578289735025,7.169515383165788,34
LGF,63,Anc816,61,50,False,-6.53382056049955,7.169515383165788,34
LGF,63,Anc817,56,32,False,-5.82505701517844,7.169515383165788,34
LGF,63,Anc818,40,29,False,-6.39102543553478,7.169515383165788,34
LGF,63,Anc819,47,42,False,-6.7203657270563,7.169515383165788,34
LGF,63,Anc820,59,29,False,-5.62063465806996,7.169515383165788,34
LGF,63,Anc821,64,59,False,-6.78538383507304,7.169515383165788,34
LGF,63,Anc822,73,31,False,-5.52288236588123,7.169515383165788,34
LGF,63,Anc823,60,21,False,-5.42185469977049,7.169515383165788,34
LGF,63,Anc824,45,8,False,-5.11686371114132,7.169515383165788,34
LGF,63,Anc825,47,31,False,-6.48698825519029,7.169515383165788,34
LGF,63,Anc826,43,7,False,-5.02236228588067,7.169515383165788,34
LGF,63,Anc827,40,25,False,-5.84018121424573,7.169515383165788,34
LGF,63,Anc828,45,8,False,-5.11686371114132,7.169515383165788,34
LGF,63,Anc829,104,83,False,-6.10688892369666,7.169515383165788,34
LGF,63,Anc830,62,4,False,-4.33953433342213,7.169515383165788,34
LGF,63,Anc831,51,20,False,-5.29919437725196,7.169515383165788,34
LGF,63,Anc832,49,29,False,-5.60880697940887,7.169515383165788,34
LGF,63,Anc833,43,33,False,-6.37684610284485,7.169515383165788,34
LGF,63,Anc834,43,25,False,-5.96564275661632,7.169515383165788,34
LGF,63,Anc835,106,0,True,4.33136076819398,7.169515383165788,34
LGF,63,Anc836,95,24,False,-4.92116667464909,7.169515383165788,34
LGF,63,Anc837,56,55,False,-8.3940260931419,7.169515383165788,34
LGF,63,Anc838,39,13,False,-4.97938969721239,7.169515383165788,34
LGF,63,Anc839,38,23,False,-5.61243235297955,7.169515383165788,34
LGF,63,Anc840,39,16,False,-4.98635765955966,7.169515383165788,34
LGF,63,Anc841,39,16,False,-4.98635765955966,7.169515383165788,34
LGF,63,Anc842,38,6,False,-4.69147366737625,7.169515383165788,34
LGF,63,Anc843,38,22,False,-5.75690243163037,7.169515383165788,34
LGF,63,Anc844,40,19,False,-5.07406874293757,7.169515383165788,34
LGF,63,Anc845,47,11,False,-4.8500738563955,7.169515383165788,34
LGF,63,Anc846,79,64,False,-7.09840921899736,7.169515383165788,34
LGF,63,Anc847,56,44,False,-6.93347136939708,7.169515383165788,34
LGF,63,Anc848,97,3,False,-1.73489442354423,7.169515383165788,34
LGF,63,Anc849,79,4,False,-2.04932141177514,7.169515383165788,34
LGF,63,Anc850,71,2,False,1.36358843052087,7.169515383165788,34
LGF,63,Anc851,51,1,False,2.76900653147802,7.169515383165788,34
LGF,63,Anc852,45,17,False,-5.0557832909918,7.169515383165788,34
LGF,63,Anc853,48,33,False,-6.12303973026779,7.169515383165788,34
LGF,63,Anc854,48,37,False,-6.3369830100756,7.169515383165788,34
LGF,63,Anc855,39,17,False,-5.15901195778554,7.169515383165788,34
LGF,63,Anc856,43,5,False,-3.6097499849599,7.169515383165788,34
LGF,63,Anc857,43,29,False,-6.06110056123748,7.169515383165788,34
LGF,63,Anc858,42,8,False,-4.48310702956448,7.169515383165788,34
LGF,63,Anc859,42,33,False,-6.50208828891874,7.169515383165788,34
LGF,63,Anc860,40,31,False,-6.576878706865,7.169515383165788,34
LGF,63,Anc861,41,6,False,-4.27482325651918,7.169515383165788,34
LGF,63,Anc862,34,12,False,-5.11551096019732,7.169515383165788,34
LGF,63,Anc863,35,25,False,-6.69102411297309,7.169515383165788,34
LGF,63,Anc864,35,6,False,-4.31038319857251,7.169515383165788,34
LGF,63,Anc865,36,34,False,-7.53245565003263,7.169515383165788,34
LGF,63,Anc866,36,15,False,-5.39650740948302,7.169515383165788,34
LGF,63,Anc867,92,12,False,-4.50349584037112,7.169515383165788,34
LGF,63,Anc868,35,1,False,-4.49673300746428,7.169515383165788,34
LGF,63,Anc869,38,14,False,-5.66563940978912,7.169515383165788,34
LGF,63,Anc870,39,8,False,-4.49853967525283,7.169515383165788,34
LGF,63,Anc871,85,29,False,-5.63753234216699,7.169515383165788,34
LGF,63,Anc872,79,55,False,-6.89198927986087,7.169515383165788,34
LGF,63,Anc873,80,45,False,-5.77098884539288,7.169515383165788,34
LGF,63,Anc874,69,58,False,-6.92790348265009,7.169515383165788,34
LGF,63,Anc875,60,18,False,0.776769535045026,7.169515383165788,34
LGF,63,Anc876,58,14,False,2.03835234144791,7.169515383165788,34
LGF,63,Anc877,53,19,False,-0.689503665601886,7.169515383165788,34
LGF,63,Anc878,52,19,False,-0.689503665601886,7.169515383165788,34
LGF,63,Anc879,47,4,False,6.54394317119949,7.169515383165788,34
LGF,63,Anc880,47,7,False,6.1553057033493,7.169515383165788,34
LGF,63,Anc881,44,5,False,6.53543541407083,7.169515383165788,34
LGF,63,Anc882,45,2,False,6.92427124181224,7.169515383165788,34
LGF,63,Anc883,46,9,False,5.72998397114365,7.169515383165788,34
LGF,63,Anc884,46,10,False,4.39359482837607,7.169515383165788,34
LGF,63,Anc885,42,6,False,6.26734495845453,7.169515383165788,34
LGF,63,P03023,47,0,True,6.92621405280688,7.169515383165788,34
LGF,63,Anc887,43,27,False,-4.66996849824068,7.169515383165788,34
LGF,63,Anc888,43,35,False,-5.71958394126056,7.169515383165788,34
LGF,63,Anc889,43,41,False,-7.42409050283941,7.169515383165788,34
LGF,63,Anc890,46,16,False,1.12014615392769,7.169515383165788,34
LGF,63,Anc891,47,29,False,-5.13699344897793,7.169515383165788,34
LGF,63,Anc892,45,17,False,0.788749055865521,7.169515383165788,34
LGF,63,Anc893,44,26,False,-5.17283813133055,7.169515383165788,34
LGF,63,Anc894,42,28,False,-5.68584019221081,7.169515383165788,34
LGF,63,Anc895,41,26,False,-5.19187879257215,7.169515383165788,34
LGF,63,Anc896,34,29,False,-7.75714951178212,7.169515383165788,34
LGF,63,Anc897,34,29,False,-7.75714951178212,7.169515383165788,34
LGF,63,Anc898,54,35,False,-5.84699751526997,7.169515383165788,34
LGF,63,Anc899,56,50,False,-8.23211307914392,7.169515383165788,34
LGF,63,Anc900,44,22,False,-6.11372163105772,7.169515383165788,34
LGF,63,Anc901,36,14,False,-5.95854165391675,7.169515383165788,34
LGF,63,Anc902,36,18,False,-6.30715555868109,7.169515383165788,34
LGF,63,Anc903,37,21,False,-6.41429714048727,7.169515383165788,34
LGF,63,Anc904,38,11,False,-5.48317656602506,7.169515383165788,34
LGF,63,Anc905,93,3,False,-4.58316730386984,7.169515383165788,34
LGF,63,Anc906,69,63,False,-8.17874091321563,7.169515383165788,34
LGF,63,Anc907,34,26,False,-7.50359912588477,7.169515383165788,34
LGF,63,Anc908,55,50,False,-8.30323262907156,7.169515383165788,34
LGF,63,Anc909,57,36,False,-6.84893546141155,7.169515383165788,34
LGF,63,Anc912,34,14,False,-6.05945757999344,7.169515383165788,34
LGF,63,Anc913,34,14,False,-6.05945757999344,7.169515383165788,34
LGF,63,Anc914,34,14,False,-6.05945757999344,7.169515383165788,34
LGF,63,Anc915,35,0,True,-5.00611522889016,7.169515383165788,34
LGF,63,Anc916,36,5,False,-5.57199023855206,7.169515383165788,34
LGF,63,Anc917,34,22,False,-6.81657325349132,7.169515383165788,34
LGF,63,Anc918,34,18,False,-6.1408674814421,7.169515383165788,34
LGF,63,Anc919,34,19,False,-6.48077017002843,7.169515383165788,34
LGF,63,Anc920,34,30,False,-8.0420450249091,7.169515383165788,34
LGF,63,Anc921,34,14,False,-6.02660144186814,7.169515383165788,34
LGF,63,Anc922,34,1,False,-5.15204512469474,7.169515383165788,34
LGF,63,Anc923,34,2,False,-5.32801098353723,7.169515383165788,34
LGF,63,Anc924,34,19,False,-6.51169632887037,7.169515383165788,34
LGF,63,Anc925,34,22,False,-6.86478003288769,7.169515383165788,34
LGF,63,Anc926,34,8,False,-5.92324408372626,7.169515383165788,34
LGF,63,Anc928,148,40,False,-5.42028462326468,7.169515383165788,34
LGF,63,Anc929,36,0,True,-4.44453551742316,7.169515383165788,34
LGF,63,Anc930,34,15,False,-5.79658111877703,7.169515383165788,34
LGF,63,Anc931,122,50,False,-5.76272130219504,7.169515383165788,34
LGF,63,Anc933,102,71,False,-7.59963842631899,7.169515383165788,34
LGF,63,Anc934,63,17,False,-5.23335041692609,7.169515383165788,34
LGF,63,Anc935,60,51,False,-9.96578428466209,7.169515383165788,34
LGF,63,Anc936,35,19,False,-6.05817822557873,7.169515383165788,34
LGF,63,Anc937,35,6,False,-4.93601112386116,7.169515383165788,34
LGF,63,Anc938,37,19,False,-6.69193798342328,7.169515383165788,34
LGF,63,Anc939,38,8,False,-5.35913470673089,7.169515383165788,34
LGF,63,Anc940,38,4,False,-5.22519029378116,7.169515383165788,34
LGF,63,Anc941,39,22,False,-6.88118346973254,7.169515383165788,34
LGF,63,Anc942,36,28,False,-8.12808587451751,7.169515383165788,34
LGF,63,Anc943,35,31,False,-8.37769334215866,7.169515383165788,34
LGF,63,Anc944,98,71,False,-7.59963842631899,7.169515383165788,34
LGF,63,Anc945,82,22,False,-5.67257252135648,7.169515383165788,34
LGF,63,Anc951,72,45,False,-6.97705017337482,7.169515383165788,34
LGF,63,Anc952,71,56,False,-9.96578428466209,7.169515383165788,34
LGF,63,Anc953,65,16,False,-5.23335041692609,7.169515383165788,34
LGF,63,Anc954,68,33,False,-6.06328788109081,7.169515383165788,34
LGF,63,Anc955,58,8,False,-4.97938969721239,7.169515383165788,34
LGF,63,Anc956,58,8,False,-4.97938969721239,7.169515383165788,34
LGF,63,Anc957,55,41,False,-8.05285341664961,7.169515383165788,34
LGF,63,Anc958,55,16,False,-5.60880697940887,7.169515383165788,34
LGF,63,Anc959,38,31,False,-9.96578428466209,7.169515383165788,34
LGF,63,Anc960,41,3,False,-4.84709523247305,7.169515383165788,34
LGF,63,Anc961,70,56,False,-9.96578428466209,7.169515383165788,34
LGF,63,Anc962,67,54,False,-8.77475132170024,7.169515383165788,34
LGF,63,Anc963,43,6,False,-5.13299152824478,7.169515383165788,34
LGF,63,Anc964,53,45,False,-9.96578428466209,7.169515383165788,34
LGF,63,Anc965,50,29,False,-6.61185338045536,7.169515383165788,34
LGF,63,Anc966,42,13,False,-5.33215810804318,7.169515383165788,34
LGF,63,Anc967,35,5,False,-4.82021456149458,7.169515383165788,34
LGF,63,Anc968,37,0,True,-3.79504817370016,7.169515383165788,34
LGF,63,Anc969,36,4,False,-4.73956927557772,7.169515383165788,34
LGF,63,Anc970,36,3,False,-4.50702508206901,7.169515383165788,34
LGF,63,Anc971,35,28,False,-9.96578428466209,7.169515383165788,34
LGF,63,Anc972,34,29,False,-9.96578428466209,7.169515383165788,34
LGF,63,Anc973,34,29,False,-9.96578428466209,7.169515383165788,34
LGF,63,Anc974,35,20,False,-6.63963439410608,7.169515383165788,34
LGF,63,Anc975,34,26,False,-6.98238044860722,7.169515383165788,34
LGF,63,Anc976,34,1,False,-4.43301376463467,7.169515383165788,34
LGF,63,Anc977,34,16,False,-6.57082181027863,7.169515383165788,34
LGF,63,Anc978,37,18,False,-6.18007503492679,7.169515383165788,34
LGF,63,Anc979,106,75,False,-7.34656736593561,7.169515383165788,34
LGF,63,Anc980,107,61,False,-6.82549018006938,7.169515383165788,34
LGF,63,Anc981,132,57,False,-5.94265311031821,7.169515383165788,34
LGF,63,Anc982,35,31,False,-9.96578428466209,7.169515383165788,34
LGF,63,Anc983,59,12,False,-5.24295767089185,7.169515383165788,34
LGF,63,Anc984,43,34,False,-9.96578428466209,7.169515383165788,34
LGF,63,Anc985,35,28,False,-8.10824077196044,7.169515383165788,34
LGF,63,Anc986,35,30,False,-9.96578428466209,7.169515383165788,34
LGF,63,Anc987,36,0,True,-3.91198434881773,7.169515383165788,34
LGF,63,Anc988,35,30,False,-7.99354185341337,7.169515383165788,34
LGF,63,Anc989,34,16,False,-5.20832466388381,7.169515383165788,34
LGF,63,Anc990,34,1,False,-4.33128081202003,7.169515383165788,34
LGF,63,Anc991,34,16,False,-5.20832466388381,7.169515383165788,34
LGF,63,Anc992,34,32,False,-9.96578428466209,7.169515383165788,34
LGF,63,Anc997,65,36,False,-6.42918843338614,7.169515383165788,34
LGF,63,Anc998,47,2,False,-4.55069578030573,7.169515383165788,34
LGF,63,Anc999,38,12,False,-5.46305050021646,7.169515383165788,34
LGF,63,Anc1000,41,34,False,-7.45357616407092,7.169515383165788,34
LGF,63,Anc1001,40,16,False,-5.65166156959808,7.169515383165788,34
LGF,63,Anc1002,41,24,False,-5.93119076322823,7.169515383165788,34
LGF,63,Anc1003,39,37,False,-8.64104028707012,7.169515383165788,34
LGF,63,Anc1004,41,20,False,-5.76495238156981,7.169515383165788,34
LGF,63,Anc1005,40,26,False,-6.07849382493841,7.169515383165788,34
LGF,63,Anc1006,38,14,False,-5.50371545360384,7.169515383165788,34
LGF,63,Anc1007,36,22,False,-6.02445209592125,7.169515383165788,34
LGF,63,Anc1008,42,32,False,-6.791689533237,7.169515383165788,34
LGF,63,Anc1009,45,21,False,-5.84699751526997,7.169515383165788,34
LGF,63,Anc1010,46,26,False,-5.9463781889663,7.169515383165788,34
LGF,63,Anc1011,40,37,False,-8.47047902311354,7.169515383165788,34
LGF,63,Anc1012,35,11,False,-5.23335041692609,7.169515383165788,34
LGF,63,Anc1013,36,9,False,-5.04750524783895,7.169515383165788,34
LGF,63,Anc1014,38,12,False,-5.46305050021646,7.169515383165788,34
LGF,63,Anc1015,38,14,False,-5.48317656602506,7.169515383165788,34
LGF,63,Anc1016,36,24,False,-6.72259256212963,7.169515383165788,34
LGF,63,Anc1017,34,10,False,-5.40606954985632,7.169515383165788,34
LGF,63,Anc1022,77,32,False,-5.72009685522765,7.169515383165788,34
LGF,63,Anc1023,43,24,False,-6.6358080653343,7.169515383165788,34
LGF,63,Anc1024,46,4,False,-4.58851856618614,7.169515383165788,34
LGF,63,Anc1025,34,28,False,-9.96578428466209,7.169515383165788,34
LGF,63,Anc1026,35,11,False,-5.17421294927349,7.169515383165788,34
LGF,63,Anc1027,37,24,False,-7.20765366986188,7.169515383165788,34
LGF,63,Anc1028,37,30,False,-9.96578428466209,7.169515383165788,34
LGF,63,Anc1029,34,28,False,-9.96578428466209,7.169515383165788,34
LGF,63,Anc1030,66,47,False,-8.00876291835629,7.169515383165788,34
LGF,63,Anc1031,57,39,False,-7.92981775171147,7.169515383165788,34
LGF,63,Anc1032,47,25,False,-6.14831314166692,7.169515383165788,34
LGF,63,Anc1033,46,25,False,-6.14831314166692,7.169515383165788,34
LGF,63,Anc1034,47,4,False,-4.57577515114514,7.169515383165788,34
LGF,63,Anc1035,49,39,False,-9.96578428466209,7.169515383165788,34
LGF,63,Anc1036,56,23,False,-5.40742995631463,7.169515383165788,34
LGF,63,Anc1037,48,21,False,-5.34164773400444,7.169515383165788,34
LGF,63,Anc1038,45,3,False,-4.37677583298485,7.169515383165788,34
LGF,63,Anc1039,40,30,False,-7.44671499539683,7.169515383165788,34
LGF,63,Anc1040,44,11,False,-5.08678468412672,7.169515383165788,34
LGF,63,Anc1041,43,11,False,-5.08678468412672,7.169515383165788,34
LGF,63,Anc1042,44,29,False,-7.1634671395147,7.169515383165788,34
LGF,63,Anc1043,56,32,False,-6.28045009711285,7.169515383165788,34
LGF,63,Anc1044,43,18,False,-5.18282255990155,7.169515383165788,34
LGF,63,Anc1045,39,0,True,-4.36300845860121,7.169515383165788,34
LGF,63,Anc1046,39,20,False,-5.35755445294802,7.169515383165788,34
LGF,63,Anc1047,45,38,False,-9.96578428466209,7.169515383165788,34
LGF,63,Anc1048,40,9,False,-4.94400205508871,7.169515383165788,34
LGF,63,Anc1049,39,9,False,-4.94400205508871,7.169515383165788,34
LGF,63,Anc1050,42,11,False,-5.08678468412672,7.169515383165788,34
LGF,63,Anc1051,42,2,False,-4.36553389577806,7.169515383165788,34
LGF,63,Anc1052,45,14,False,-5.10600344972618,7.169515383165788,34
LGF,63,Anc1053,44,14,False,-5.10600344972618,7.169515383165788,34
LGF,63,Anc1054,36,24,False,-6.56828899181717,7.169515383165788,34
LGF,63,Anc1055,89,58,False,-6.2478859755854,7.169515383165788,34
LGF,63,Anc1056,77,43,False,-5.81951296010959,7.169515383165788,34
LGF,63,Anc1057,68,6,False,-4.76614264653355,7.169515383165788,34
LGF,63,Anc1058,37,36,False,-8.53364868379775,7.169515383165788,34
LGF,63,Anc1059,37,9,False,-4.99203216935072,7.169515383165788,34
LGF,63,Anc1060,36,17,False,-5.25322734104919,7.169515383165788,34
LGF,63,Anc1061,34,21,False,-5.90026319411417,7.169515383165788,34
LGF,63,Anc1062,36,28,False,-5.97129525631465,7.169515383165788,34
LGF,63,Anc1063,73,0,True,-4.25268113222811,7.169515383165788,34
LGF,63,Anc1064,74,57,False,-7.46716047719409,7.169515383165788,34
LGF,63,Anc1065,53,32,False,-5.64461607459425,7.169515383165788,34
LGF,63,Anc1066,50,33,False,-5.83790106274553,7.169515383165788,34
LGF,63,Anc1067,45,18,False,-5.2158816206509,7.169515383165788,34
LGF,63,Anc1068,40,3,False,-4.53174626204936,7.169515383165788,34
LGF,63,Anc1069,36,21,False,-5.4711377862723,7.169515383165788,34
LGF,63,Anc1070,36,21,False,-5.4711377862723,7.169515383165788,34
LGF,63,Anc1071,35,22,False,-5.57571880744392,7.169515383165788,34
LGF,63,Anc1072,35,31,False,-7.58176711954226,7.169515383165788,34
LGF,63,Anc1073,34,18,False,-5.38364968335663,7.169515383165788,34
LGF,63,Anc1074,36,35,False,-9.96578428466209,7.169515383165788,34
LGF,63,Anc1075,34,33,False,-9.96578428466209,7.169515383165788,34
LGF,63,Anc1076,39,9,False,-4.98635765955966,7.169515383165788,34
LGF,63,Anc1077,39,9,False,-4.98635765955966,7.169515383165788,34
LGF,63,Anc1078,37,9,False,-4.98635765955966,7.169515383165788,34
LGF,63,Anc1079,37,9,False,-4.98635765955966,7.169515383165788,34
LGF,63,Anc1080,37,9,False,-4.98635765955966,7.169515383165788,34
LGF,63,Anc1081,44,18,False,-5.2158816206509,7.169515383165788,34
LGF,63,Anc1082,84,68,False,-7.64010287288506,7.169515383165788,34
LGF,63,Anc1083,63,38,False,-5.85377786796457,7.169515383165788,34
LGF,63,Anc1084,43,3,False,-4.75176735645598,7.169515383165788,34
LGF,63,Anc1085,40,12,False,-5.19160165834662,7.169515383165788,34
LGF,63,Anc1086,82,67,False,-7.64010287288506,7.169515383165788,34
LGF,63,Anc1087,64,3,False,-4.42721665513052,7.169515383165788,34
LGF,63,Anc1088,43,25,False,-5.41177389545632,7.169515383165788,34
LGF,63,Anc1089,77,18,False,-4.99203216935072,7.169515383165788,34
LGF,63,Anc1090,57,36,False,-5.91410122709997,7.169515383165788,34
LGF,63,Anc1091,46,7,False,-4.91020384075845,7.169515383165788,34
LGF,63,Anc1092,38,15,False,-5.4711377862723,7.169515383165788,34
LGF,63,Anc1093,38,15,False,-5.4711377862723,7.169515383165788,34
LGF,63,Anc1094,35,35,False,-8.19693728162347,7.169515383165788,34
LGF,63,Anc1095,35,18,False,-6.16252929157195,7.169515383165788,34
LGF,63,Anc1096,35,27,False,-7.1173971747637,7.169515383165788,34
LGF,63,Anc1097,34,3,False,-4.83970946914856,7.169515383165788,34
LGF,63,Anc1098,42,29,False,-6.4842717881726,7.169515383165788,34
LGF,63,Anc1099,41,28,False,-6.4842717881726,7.169515383165788,34
LGF,63,Anc1101,68,38,False,-6.45118822756704,7.169515383165788,34
LGF,63,Anc1102,40,25,False,-6.74025580183851,7.169515383165788,34
LGF,63,Anc1103,40,25,False,-6.74025580183851,7.169515383165788,34
LGF,63,Anc1104,37,32,False,-7.19604700177103,7.169515383165788,34
LGF,63,Anc1105,40,25,False,-6.74025580183851,7.169515383165788,34
LGF,63,Anc1106,37,14,False,-5.24200004457813,7.169515383165788,34
LGF,63,Anc1107,62,50,False,-9.96578428466209,7.169515383165788,34
LGF,63,Anc1108,52,20,False,-5.67878092892826,7.169515383165788,34
LGF,63,Anc1109,35,30,False,-9.96578428466209,7.169515383165788,34
LGF,63,Anc1110,35,30,False,-9.96578428466209,7.169515383165788,34
LGF,63,Anc1111,35,5,False,-4.39191398469317,7.169515383165788,34
LGF,63,Anc1112,35,30,False,-9.96578428466209,7.169515383165788,34
LGF,63,Anc1113,49,35,False,-8.70453887913086,7.169515383165788,34
LGF,63,Anc1114,41,26,False,-6.50529950814145,7.169515383165788,34
LGF,63,Anc1115,39,2,False,-4.69978806435183,7.169515383165788,34
LGF,63,Anc1116,39,15,False,-5.07532071932011,7.169515383165788,34
LGF,63,Anc1117,37,1,False,-4.67351299466154,7.169515383165788,34
LGF,63,Anc1118,36,15,False,-5.40561577053944,7.169515383165788,34
LGF,63,Anc1119,37,20,False,-5.77783832161925,7.169515383165788,34
LGF,63,Anc1120,34,14,False,-5.4951064714444,7.169515383165788,34
LGF,63,Anc1121,40,5,False,-4.78742587846014,7.169515383165788,34
LGF,63,Anc1122,37,31,False,-9.96578428466209,7.169515383165788,34
LGF,63,Anc1123,41,10,False,-5.00584049458311,7.169515383165788,34
LGF,63,Anc1124,41,11,False,-5.04750524783895,7.169515383165788,34
LGF,63,Anc1125,35,3,False,-4.59133446914981,7.169515383165788,34
LGF,63,Anc1126,36,27,False,-9.96578428466209,7.169515383165788,34
LGF,63,Anc1127,36,29,False,-9.96578428466209,7.169515383165788,34
LGF,63,Anc1128,35,28,False,-9.96578428466209,7.169515383165788,34
LGF,63,Anc1129,35,28,False,-9.96578428466209,7.169515383165788,34
LGF,63,Anc1130,72,21,False,-5.48915500984255,7.169515383165788,34
LGF,63,Anc1131,46,13,False,-5.44364242050573,7.169515383165788,34
LGF,63,Anc1132,34,31,False,-9.96578428466209,7.169515383165788,34
LGF,63,Anc1133,108,49,False,-6.60572682917711,7.169515383165788,34
LGF,63,Anc1134,71,47,False,-8.24912183895372,7.169515383165788,34
LGF,63,Anc1135,54,17,False,-5.67257252135648,7.169515383165788,34
LGF,63,Anc1136,45,25,False,-7.36056812600323,7.169515383165788,34
LGF,63,Anc1137,42,8,False,-5.20410786264271,7.169515383165788,34
LGF,63,Anc1138,40,0,True,-2.92536556980002,7.169515383165788,34
LGF,63,Anc1139,40,19,False,-6.6864440475157,7.169515383165788,34
LGF,63,Anc1140,39,25,False,-9.96578428466209,7.169515383165788,34
LGF,63,Anc1141,36,23,False,-9.96578428466209,7.169515383165788,34
LGF,63,Anc1142,38,23,False,-9.96578428466209,7.169515383165788,34
LGF,63,Anc1143,44,28,False,-9.96578428466209,7.169515383165788,34
LGF,63,Anc1144,40,1,False,-3.37703136382623,7.169515383165788,34
LGF,63,Anc1145,37,20,False,-9.96578428466209,7.169515383165788,34
LGF,63,Anc1146,35,19,False,-9.96578428466209,7.169515383165788,34
LGF,63,Anc1147,35,20,False,-9.96578428466209,7.169515383165788,34
LGF,63,Anc1148,35,20,False,-9.96578428466209,7.169515383165788,34
LGF,63,Anc1149,35,20,False,-9.96578428466209,7.169515383165788,34
LGF,63,Anc1150,40,10,False,-5.35755445294802,7.169515383165788,34
LGF,63,Anc1151,35,22,False,-9.96578428466209,7.169515383165788,34
LGF,63,Anc1152,39,10,False,-5.35755445294802,7.169515383165788,34
LGF,63,Anc1153,38,19,False,-7.46716047719409,7.169515383165788,34
LGF,63,Anc1154,39,16,False,-6.19393612704588,7.169515383165788,34
LGF,63,Anc1155,36,19,False,-9.96578428466209,7.169515383165788,34
LGF,63,Anc1156,37,2,False,-4.18501776113612,7.169515383165788,34
LGF,63,Anc1157,37,20,False,-9.96578428466209,7.169515383165788,34
LGF,63,Anc1158,36,19,False,-9.96578428466209,7.169515383165788,34
LGF,63,Anc1159,34,19,False,-9.96578428466209,7.169515383165788,34
LGF,63,Anc886,45,0,True,6.92621405280688,7.169515383165788,34
LGF,63,A0A1K3L4M6,35,10,False,-5.54801148776673,7.169515383165788,34
LGF,63,A0A1B3JJR0,34,19,False,-9.96578428466209,7.169515383165788,34
LGF,63,A0A059IAA2,36,19,False,-9.96578428466209,7.169515383165788,34
LGF,63,A0A1W1UHL0,35,8,False,-4.93298185956531,7.169515383165788,34
LGF,63,A0A0Q7ASG2,36,32,False,-7.46329784554798,7.169515383165788,34
LGF,63,A0A0N0JCM4,37,0,True,-4.37391890031588,7.169515383165788,34
LGF,63,M5TBB3,34,1,False,-4.77901980418844,7.169515383165788,34
LGF,63,S9PAM8,35,13,False,-5.62369730542081,7.169515383165788,34
LGF,63,L0A0F6,34,24,False,-6.43793943822259,7.169515383165788,34
LGF,63,A0A1H6YBA6,35,26,False,-6.96415308448248,7.169515383165788,34
LGF,63,A0A221SZ12,35,16,False,-5.91180525905955,7.169515383165788,34
LGF,63,C1D2X2,36,5,False,-5.26861287602188,7.169515383165788,34
LGF,63,A0A1H4GSL5,34,5,False,-4.75810479805629,7.169515383165788,34
LGF,63,A0A1W1UCG5,39,38,False,-9.96578428466209,7.169515383165788,34
LGF,63,A0A1F8VUX3,36,26,False,-6.64439993795681,7.169515383165788,34
LGF,63,A0A1U7P1P7,34,7,False,-4.80472096782744,7.169515383165788,34
LGF,63,A0A0Q7WB73,38,30,False,-7.03127837071262,7.169515383165788,34
LGF,63,A0A1M7Q1L8,34,3,False,-4.5893366807156,7.169515383165788,34
LGF,63,A0A085EQI2,35,3,False,-4.56635436524738,7.169515383165788,34
LGF,63,A0A1M7N8F1,36,1,False,-4.41972731635801,7.169515383165788,34
LGF,63,A0A0B5IGS7,34,30,False,-7.55741982208857,7.169515383165788,34
LGF,63,U4E003,35,28,False,-7.41879730260185,7.169515383165788,34
LGF,63,A0A1H5SEP9,34,31,False,-9.96578428466209,7.169515383165788,34
LGF,63,A0A1H1LAX5,35,25,False,-6.12512207338578,7.169515383165788,34
LGF,63,A0JW80,36,4,False,-4.41288343259075,7.169515383165788,34
LGF,63,A0A090T7F3,39,32,False,-7.68435604416665,7.169515383165788,34
LGF,63,A0A1X0WDM9,34,4,False,-4.91582550379515,7.169515383165788,34
LGF,63,W3YGY5,34,27,False,-9.96578428466209,7.169515383165788,34
LGF,63,C6DD30,41,15,False,1.74165502247152,7.169515383165788,34
LGF,63,A0A127L6S5,44,21,False,-3.95205699719542,7.169515383165788,34
LGF,63,E0SHJ3,36,11,False,3.88695715881665,7.169515383165788,34
LGF,63,A0A087KYI5,34,4,False,-4.88912756314496,7.169515383165788,34
LGF,63,I0QQ91,41,29,False,-5.11432618686013,7.169515383165788,34
LGF,63,A0A0E1CSG8,40,8,False,5.8059438317479,7.169515383165788,34
LGF,63,A0A0G4JQF3,36,3,False,6.68595987332592,7.169515383165788,34
LGF,63,A0A0A8VEL0,35,25,False,-4.53682104434005,7.169515383165788,34
LGF,63,A0A0J8VTB2,39,13,False,3.34844263308938,7.169515383165788,34
LGF,63,K9DEA6,34,16,False,-6.22853789129919,7.169515383165788,34
LGF,63,A0A246BHK8,37,17,False,-5.74181844383924,7.169515383165788,34
LGF,63,A7NGP9,34,1,False,-4.57577515114514,7.169515383165788,34
LGF,63,A0A1W1UL06,35,16,False,-4.90459417155906,7.169515383165788,34
LGF,63,A0A1H2FH35,34,25,False,-6.99401839048232,7.169515383165788,34
LGF,63,D8MUA6,39,21,False,-1.36712824067358,7.169515383165788,34
LGF,63,A0A0J8YPA1,39,21,False,-1.03650120470538,7.169515383165788,34
LGF,63,A0A0U5L282,38,34,False,-6.8706655324837,7.169515383165788,34
LGF,63,A0A0F3M1C7,40,24,False,-4.11844215463676,7.169515383165788,34
LGF,63,A0A0U1HS86,43,25,False,-4.28659924357142,7.169515383165788,34
LGF,63,A0A193KAD4,34,26,False,-7.53245565003263,7.169515383165788,34
LGF,63,A0A0T7E980,34,7,False,-4.84646732279696,7.169515383165788,34
LGF,63,E4NJL7,50,39,False,-6.16605821489916,7.169515383165788,34
LGF,63,A0A0A0BXP1,41,3,False,-4.47222352878964,7.169515383165788,34
LGF,63,A0A1H1W8H1,36,9,False,-5.22089600753265,7.169515383165788,34
LGF,63,H0K1T0,47,9,False,-4.75471339471392,7.169515383165788,34
LGF,63,A0A1R1IAY1,35,13,False,-5.28071074643995,7.169515383165788,34
LGF,63,A0A1H3TDU9,38,33,False,-6.5908927985635,7.169515383165788,34
LGF,63,A0A0P7CBU0,37,14,False,-5.15783549224582,7.169515383165788,34
LGF,63,A0A1I1GU41,35,24,False,-6.8477952611434,7.169515383165788,34
LGF,63,A0A259PLQ7,37,27,False,-9.96578428466209,7.169515383165788,34
LGF,63,A0A1H3M597,35,20,False,-5.57092298340334,7.169515383165788,34
LGF,63,A0A1H0PDG2,34,22,False,-5.84699751526997,7.169515383165788,34
LGF,63,A9GMR9,34,16,False,-5.40998693898234,7.169515383165788,34
LGF,63,C7Q3C1,38,22,False,-5.60471639114388,7.169515383165788,34
LGF,63,C7PZQ1,40,31,False,-6.32464277183475,7.169515383165788,34
LGF,63,F4FCZ3,34,26,False,-5.94581890426398,7.169515383165788,34
LGF,63,A0A1C5ARW6,34,27,False,-6.11257587203616,7.169515383165788,34
LGF,63,A0A1C5IA62,35,33,False,-6.18007503492679,7.169515383165788,34
LGF,63,A0A1H2H9P2,48,26,False,-5.52446708209295,7.169515383165788,34
LGF,63,A0A1I7BBG4,36,21,False,-5.52640136896547,7.169515383165788,34
LGF,63,A0A0T9LVU6,37,2,False,-4.40248885856903,7.169515383165788,34
LGF,63,A0A1I2DH06,38,38,False,-6.94922979879739,7.169515383165788,34
LGF,63,A0A1M7RMN3,38,0,True,-4.31494702973317,7.169515383165788,34
LGF,63,A0A0M8W6D7,34,32,False,-6.62522134661585,7.169515383165788,34
LGF,63,A0A1V4EIM5,34,27,False,-6.37922079392262,7.169515383165788,34
LGF,63,A0A1I1AJ09,41,21,False,-5.79578987183823,7.169515383165788,34
LGF,63,A0A1G8DQI9,34,32,False,-6.53113329778992,7.169515383165788,34
LGF,63,A0A1X7PHZ2,34,9,False,-5.13077846363452,7.169515383165788,34
LGF,63,A0A239N9J1,35,30,False,-7.18578720448082,7.169515383165788,34
LGF,63,A0A1I6IRI3,37,6,False,-4.56489927078029,7.169515383165788,34
LGF,63,A0A0Q6J4J1,51,35,False,-6.06110056123748,7.169515383165788,34
LGF,63,D7BTY1,36,26,False,-6.36129709007685,7.169515383165788,34
LGF,63,A0A1K1SIY8,41,14,False,-5.24952285329879,7.169515383165788,34
LGF,63,A4FHU2,39,25,False,-5.49114181685425,7.169515383165788,34
LGF,63,A0A1M4EBQ8,39,2,False,-4.28116104863776,7.169515383165788,34
LGF,63,A0A1I5L4N2,34,33,False,-8.67813605770924,7.169515383165788,34
LGF,63,A0A0D6HF30,45,3,False,-4.58978643628763,7.169515383165788,34
LGF,63,A0A1H1WY64,41,27,False,-5.91551726816932,7.169515383165788,34
LGF,63,A0A126Z944,35,35,False,-9.96578428466209,7.169515383165788,34
LGF,63,A0A0Q8V6W0,43,24,False,-5.58684131373941,7.169515383165788,34
LGF,63,A0A1I0Z9W4,37,1,False,-4.27540678400705,7.169515383165788,34
LGF,63,A0A0Q8E755,39,0,True,-4.04599855884832,7.169515383165788,34
LGF,63,A0A1H1W7K0,40,21,False,-5.51864710226138,7.169515383165788,34
LGF,63,A0A1H3TKI9,34,28,False,-5.93246330831333,7.169515383165788,34
LGF,63,K0UME0,39,11,False,-5.26550199595655,7.169515383165788,34
LGF,63,A0A0S9R733,41,5,False,-4.64049950035939,7.169515383165788,34
LGF,63,A0A1V1W7H9,34,34,False,-6.791689533237,7.169515383165788,34
LGF,63,A0A1H1X0D0,35,16,False,-5.44527572727445,7.169515383165788,34
LGF,63,A0A0S9DC93,42,20,False,-5.32824526806605,7.169515383165788,34
LGF,63,A0A1H1UBD5,34,24,False,-5.99573372312841,7.169515383165788,34
LGF,63,A0A0Q4DR81,40,4,False,-4.22491018020568,7.169515383165788,34
LGF,63,A0A1I4G0J2,39,27,False,-6.1620243452099,7.169515383165788,34
LGF,63,A0A0Q5J240,34,1,False,-4.54360182309747,7.169515383165788,34
LGF,63,A0A1M6E344,34,23,False,-9.96578428466209,7.169515383165788,34
LGF,63,A0A0L7BTT1,36,32,False,-7.90891010432018,7.169515383165788,34
LGF,63,A0A1H9D0N9,37,28,False,-6.49779328510622,7.169515383165788,34
LGF,63,A0A1N7EMZ7,37,10,False,-5.20040724556651,7.169515383165788,34
LGF,63,A0A0Q9S7Q8,40,23,False,-5.53191228206152,7.169515383165788,34
LGF,63,A0A1E8CRY9,34,16,False,-5.30252768922631,7.169515383165788,34
LGF,63,A0A0F0ENK7,40,38,False,-7.217993222062,7.169515383165788,34
LGF,63,A0A0Q6V868,35,18,False,-5.53603036499706,7.169515383165788,34
LGF,63,A0A1I3LXW3,37,0,True,-4.07156054232221,7.169515383165788,34
LGF,63,E4NJJ5,44,35,False,-6.154073743793,7.169515383165788,34
LGF,63,A0A1W1VWL2,35,15,False,-5.04750524783895,7.169515383165788,34
LGF,63,A0A0T2IH80,40,9,False,-5.0935991255032,7.169515383165788,34
LGF,63,J7M001,36,20,False,-5.46073072142947,7.169515383165788,34
LGF,63,B5HW79,37,13,False,-5.05148504356722,7.169515383165788,34
LGF,63,A0A1A1ZC00,35,23,False,-5.48077758080791,7.169515383165788,34
LGF,63,A0A1T4LQW1,42,35,False,-5.88978559627406,7.169515383165788,34
LGF,63,D9VME1,37,3,False,-4.43698521524766,7.169515383165788,34
LGF,63,A0A1C4NJN9,35,10,False,-4.87849191023738,7.169515383165788,34
LGF,63,D6AFV3,38,6,False,-4.70608059624049,7.169515383165788,34
LGF,63,A0A1H4MG28,36,21,False,-5.72591703125225,7.169515383165788,34
LGF,63,A0A136PRW1,40,27,False,-5.81787780490352,7.169515383165788,34
LGF,63,A0A1T5FTY1,36,21,False,-5.71158429435518,7.169515383165788,34
LGF,63,A0A1I7BET3,36,11,False,-4.89156007071058,7.169515383165788,34
LGF,63,A0A0Q9AB37,34,1,False,-4.31572472120937,7.169515383165788,34
LGF,63,A0A0A5I278,34,16,False,-5.87390678892448,7.169515383165788,34
LGF,63,A0A1E4CZH0,35,35,False,-8.49884547063544,7.169515383165788,34
LGF,63,A0A1Y6FQG5,39,37,False,-8.10488586712741,7.169515383165788,34
LGF,63,A0A1G7WHR0,38,34,False,-6.98009915239824,7.169515383165788,34
LGF,63,A0A1Z3LFP3,38,33,False,-6.78748956010109,7.169515383165788,34
LGF,63,A0A1S2JF62,34,31,False,-7.73179479947582,7.169515383165788,34
LGF,63,Z9JQ40,34,16,False,-5.24857692803576,7.169515383165788,34
LGF,63,A0A011TZL6,34,0,True,-4.38628356399083,7.169515383165788,34
LGF,63,A0A1X6XTZ9,34,14,False,-5.28706295363793,7.169515383165788,34
LGF,63,A0A0Q5KHT9,34,3,False,-4.9522508058647,7.169515383165788,34
LGF,63,C4B4W0,34,16,False,-5.43272573927165,7.169515383165788,34
LGF,63,A0A1I6U933,37,35,False,-7.33274165489129,7.169515383165788,34
LGF,63,A0A1X6X5B9,34,24,False,-5.94021252605481,7.169515383165788,34
LGF,63,A0A1H5L195,37,9,False,-4.75176735645598,7.169515383165788,34
LGF,63,D3Q985,39,1,False,-4.51022566191589,7.169515383165788,34
LGF,63,A0A259PHU3,35,15,False,-5.72591703125225,7.169515383165788,34
LGF,63,A0A1C7NWS8,34,26,False,-9.96578428466209,7.169515383165788,34
LGF,63,A0A0J7Z144,36,4,False,-4.67389643218711,7.169515383165788,34
LGF,63,A0A1I0XJM5,44,43,False,-7.37297374836708,7.169515383165788,34
LGF,63,A0A0A0B5A4,40,16,False,-5.2939394219951,7.169515383165788,34
LGF,63,F4H0N4,58,2,False,-4.46753993402402,7.169515383165788,34
LGF,63,A0A1I3U3Z6,46,29,False,-5.95972792425594,7.169515383165788,34
LGF,63,A0A1I2CQ75,43,5,False,-4.56161967133217,7.169515383165788,34
LGF,63,D1BB84,41,29,False,-5.65166156959808,7.169515383165788,34
LGF,63,A0A222XBP2,41,22,False,-5.68383860967107,7.169515383165788,34
LGF,63,A0A1M3F1W2,40,17,False,-5.35395596418267,7.169515383165788,34
LGF,63,A0A1I1AIW4,38,38,False,-7.9819458230607,7.169515383165788,34
LGF,63,D5UL43,36,24,False,-5.81951296010959,7.169515383165788,34
LGF,63,A0A0M0FCT2,46,17,False,-4.98572568790817,7.169515383165788,34
LGF,63,A5CLW8,34,11,False,-4.97938969721239,7.169515383165788,34
LGF,63,A0A0Q8UXF3,35,21,False,-5.50339362977771,7.169515383165788,34
LGF,63,A0A0S2YSG1,34,27,False,-5.90026319411417,7.169515383165788,34
LGF,63,A0A1R1LV45,34,10,False,-4.97938969721239,7.169515383165788,34
LGF,63,A0JRF0,41,14,False,-4.94001247250144,7.169515383165788,34
LGF,63,A0A021VVY7,36,36,False,-9.96578428466209,7.169515383165788,34
LGF,63,U2PT50,34,20,False,-5.60880697940887,7.169515383165788,34
LGF,63,T0HF28,35,14,False,-5.55091216756082,7.169515383165788,34
LGF,63,A0A0Q4IHQ5,34,29,False,-7.62296763779462,7.169515383165788,34
LGF,63,A0A1G8DR42,34,10,False,-5.27003258295263,7.169515383165788,34
LGF,63,A0A0P0DWM4,39,21,False,-5.19331393508626,7.169515383165788,34
LGF,63,A0A0C7P0X1,36,28,False,-7.59371760557032,7.169515383165788,34
LGF,63,A0A0A8T9M5,35,31,False,-6.06765117806986,7.169515383165788,34
LGF,63,A0A0Q8AK68,35,24,False,-5.81487462097277,7.169515383165788,34
LGF,63,A0A0M2HPP4,34,30,False,-6.72259256212963,7.169515383165788,34
LGF,63,A0A1G6R7D0,37,14,False,-5.08031703357488,7.169515383165788,34
LGF,63,A0A1G6IZU0,37,35,False,-6.42918843338614,7.169515383165788,34
LGF,63,H8E3S9,35,9,False,-4.88912756314496,7.169515383165788,34
LGF,63,A0A1G6GMT3,36,26,False,-6.20764470140094,7.169515383165788,34
LGF,63,A0A1E4CM19,35,27,False,-6.04012985518189,7.169515383165788,34
LGF,63,A0A147EH44,37,10,False,-4.86426264684497,7.169515383165788,34
LGF,63,A0A163HIY3,36,19,False,-5.39009412428422,7.169515383165788,34
LGF,63,A0A0L6HZ54,44,30,False,-5.68290348340413,7.169515383165788,34
LGF,63,A0A1E4D7W4,38,5,False,-4.30141472867143,7.169515383165788,34
LGF,63,A0A1Z3LNJ8,34,26,False,-6.56320716210946,7.169515383165788,34
LGF,63,A0A1G7ZPC2,34,25,False,-6.13134844007831,7.169515383165788,34
LGF,63,A0A086ZT29,34,0,True,-4.04003255163998,7.169515383165788,34
LGF,63,A0A0U5BXX7,40,36,False,-6.52122814090789,7.169515383165788,34
LGF,63,A0A1G6TYG9,42,0,True,-3.62201819784845,7.169515383165788,34
LGF,63,A0A0Q8VPQ8,43,29,False,-5.64974384060258,7.169515383165788,34
LGF,63,A0A1H8AGE9,36,18,False,-5.24857692803576,7.169515383165788,34
LGF,63,A0A1V2ZF46,39,28,False,-5.65166156959808,7.169515383165788,34
LGF,63,A0A1S2HE60,35,31,False,-7.04610705630127,7.169515383165788,34
LGF,63,A0A0Q4FHD4,39,34,False,-7.0527822253818,7.169515383165788,34
LGF,63,A0A0D7QNV7,47,40,False,-6.78538383507304,7.169515383165788,34
LGF,63,A0A1H1NPJ6,34,5,False,-4.3760907067918,7.169515383165788,34
LGF,63,A0A1G8I245,35,33,False,-9.96578428466209,7.169515383165788,34
LGF,63,A0A0Q5LLE1,41,6,False,-4.79244479034036,7.169515383165788,34
LGF,63,A0A1I6MP79,35,2,False,-4.60671966038341,7.169515383165788,34
LGF,63,A0A0A6VVZ9,35,32,False,-7.0633792676076,7.169515383165788,34
LGF,63,A0A143QM87,36,36,False,-7.47611616220377,7.169515383165788,34
LGF,63,A0A286HC04,38,36,False,-6.90649183414873,7.169515383165788,34
LGF,63,A1SDN7,35,12,False,-5.15762147867057,7.169515383165788,34
LGF,63,C7R598,35,26,False,-9.96578428466209,7.169515383165788,34
LGF,63,A0A0F0LLG4,35,16,False,-5.50187540058169,7.169515383165788,34
LGF,63,A0A1H4G5D6,40,18,False,-5.33362246257291,7.169515383165788,34
LGF,63,A0A1Y3M831,38,21,False,-5.45491339018497,7.169515383165788,34
LGF,63,A0A060ZYA4,34,34,False,-7.64762182007391,7.169515383165788,34
LGF,63,W1TKP5,34,18,False,-5.44980213235218,7.169515383165788,34
LGF,63,A0A0Q6YBJ1,34,32,False,-6.95547193180843,7.169515383165788,34
LGF,63,A0A1J5REB6,36,7,False,-4.88110426057491,7.169515383165788,34
LGF,63,A0A0U3H4B0,36,11,False,-5.08193685752809,7.169515383165788,34
LGF,63,D6KDT6,34,22,False,-5.61288481907559,7.169515383165788,34
LGF,63,M9U968,35,28,False,-6.42576814917311,7.169515383165788,34
LGF,63,A0A1N6PR17,36,9,False,-5.01387627035891,7.169515383165788,34
LGF,63,A0A0S2LWU0,34,10,False,-5.22367368532464,7.169515383165788,34
LGF,63,A0A1I2N8I2,36,4,False,-4.65556368532788,7.169515383165788,34
LGF,63,A0A062UD88,36,14,False,-5.84699751526997,7.169515383165788,34
LGF,63,A0A0Q5CK58,36,17,False,-5.45395278010943,7.169515383165788,34
LGF,63,A0A1T5KR52,41,14,False,-5.41556319389412,7.169515383165788,34
LGF,63,D1BDP0,41,30,False,-6.15366315066585,7.169515383165788,34
LGF,63,A0A1H5IF87,34,31,False,-7.53875600558566,7.169515383165788,34
LGF,63,A0A143BTN6,35,26,False,-6.51911649087187,7.169515383165788,34
LGF,63,A0A286CQM6,35,9,False,-5.22921181017473,7.169515383165788,34
LGF,63,A0A117R4E0,35,30,False,-8.06352405622822,7.169515383165788,34
LGF,63,A0A229TAW8,36,15,False,-5.80398648404969,7.169515383165788,34
LGF,63,A0A1G7AJX5,39,10,False,-5.21147857834817,7.169515383165788,34
LGF,63,A0A1L8QK12,35,4,False,-4.78957910069402,7.169515383165788,34
LGF,63,A0A1B1ZVH3,39,16,False,-5.41177389545632,7.169515383165788,34
LGF,63,A0A1A9BAL0,45,27,False,-5.59787020600535,7.169515383165788,34
LGF,63,A0A1Q5DG62,46,6,False,-4.75691876388888,7.169515383165788,34
LGF,63,A0A285HMG4,34,33,False,-6.99296539064487,7.169515383165788,34
LGF,63,A0A1H7P7U1,35,34,False,-6.88814183714142,7.169515383165788,34
LGF,63,A0A0F0LE68,39,38,False,-7.46039114463523,7.169515383165788,34
LGF,63,A0A1T4YF09,34,29,False,-6.8409301128307,7.169515383165788,34
LGF,63,A0A251XR00,34,10,False,-4.51623148716619,7.169515383165788,34
LGF,63,C7QZ41,39,37,False,-9.96578428466209,7.169515383165788,34
LGF,63,A0A1M6HTN2,36,21,False,-5.21147857834817,7.169515383165788,34
LGF,63,A0A286HBA7,40,26,False,-5.49170892655905,7.169515383165788,34
LGF,63,A0A096KSS2,34,11,False,-4.99674282484133,7.169515383165788,34
LGF,63,A0A0N1GL78,34,31,False,-6.89964529753309,7.169515383165788,34
LGF,63,A0A0M8U3L5,34,0,True,-3.86574142595834,7.169515383165788,34
LGF,63,A0A1G9G0E8,38,17,False,-5.28303525226362,7.169515383165788,34
LGF,63,A0A177KDQ6,35,31,False,-7.11110444684597,7.169515383165788,34
LGF,63,A0A163R0Y6,34,6,False,-4.90960331559135,7.169515383165788,34
LGF,63,A0A0S9K9M7,52,18,False,-5.04163121674675,7.169515383165788,34
LGF,63,A0A1Y6F8Z4,40,33,False,-6.73145764133559,7.169515383165788,34
LGF,63,A0A1H8XIA7,42,14,False,-5.04750524783895,7.169515383165788,34
LGF,63,A0A1B1BFS5,37,6,False,-4.65186754568503,7.169515383165788,34
LGF,63,A0A221NI33,34,2,False,-4.62193449199572,7.169515383165788,34
LGF,63,A0A175S0Y7,35,12,False,-4.99275795347555,7.169515383165788,34
LGF,63,A0A0Q8LJQ2,35,30,False,-7.90891010432018,7.169515383165788,34
LGF,63,A0A1Q5DF70,51,16,False,-5.12238357684676,7.169515383165788,34
LGF,63,A0A0Q5PSM2,49,45,False,-7.58176711954226,7.169515383165788,34
LGF,63,A0A0Q7S4A5,38,15,False,-5.11921308789485,7.169515383165788,34
LGF,63,A0A0M8MLA8,41,32,False,-6.37773715324697,7.169515383165788,34
LGF,63,A0A0Q5CAV3,34,21,False,-5.44672586368766,7.169515383165788,34
LGF,63,A0A0P0DN25,34,15,False,-5.55034289647004,7.169515383165788,34
LGF,63,A0A161SE13,34,31,False,-9.96578428466209,7.169515383165788,34
LGF,63,A0A134DJA8,34,12,False,-5.14363696068264,7.169515383165788,34
LGF,63,A0A1H3MMA4,42,16,False,-5.13328837557313,7.169515383165788,34
LGF,63,A0A1X7KEB1,50,8,False,-4.77490760056015,7.169515383165788,34
LGF,63,A0A1Q4A1T8,36,19,False,-5.41039327713124,7.169515383165788,34
LGF,63,A0A095X2E2,37,0,True,-3.47418021779849,7.169515383165788,34
LGF,63,W1TR21,34,21,False,-5.93246330831333,7.169515383165788,34
LGF,63,A0A1N1VUQ6,35,4,False,-4.86083649550235,7.169515383165788,34
LGF,63,A0A0F0L2F1,39,1,False,-4.32854906053084,7.169515383165788,34
LGF,63,A0A0U3QQE6,36,34,False,-9.96578428466209,7.169515383165788,34
LGF,63,A0A225CK20,37,32,False,-8.16011799214589,7.169515383165788,34
LGF,63,A0A0Q7U949,34,10,False,-4.92595583080873,7.169515383165788,34
LGF,63,A0A0N7FBC0,39,35,False,-9.96578428466209,7.169515383165788,34
LGF,63,A0A0S9QFK6,35,31,False,-9.96578428466209,7.169515383165788,34
LGF,63,A0A1B9NIF4,36,23,False,-6.29958428788263,7.169515383165788,34
LGF,63,A0A1D2I9D4,36,0,True,-3.85263756952939,7.169515383165788,34
LGF,63,A0A1H6DRG6,40,28,False,-5.66365172687419,7.169515383165788,34
LGF,63,A0A0S9DAV9,36,13,False,-5.38687581646264,7.169515383165788,34
LGF,63,A0A1H2DDS1,36,33,False,-8.61168068319187,7.169515383165788,34
LGF,63,B4V8E3,39,38,False,-9.96578428466209,7.169515383165788,34
LGF,63,J1HK41,34,16,False,-5.57199023855206,7.169515383165788,34
LGF,63,D1BB53,34,33,False,-7.79152178057353,7.169515383165788,34
LGF,63,A0A1Y5P2C6,37,21,False,-5.47717090439758,7.169515383165788,34
LGF,63,L7FC76,37,2,False,-4.49566215321451,7.169515383165788,34
LGF,63,A0A1I3KX99,34,17,False,-5.76594273890676,7.169515383165788,34
LGF,63,A0A1I6I5X0,38,30,False,-6.07616635311368,7.169515383165788,34
LGF,63,A0A161SE73,34,12,False,-5.10838662892117,7.169515383165788,34
LGF,63,W0Z6Q4,35,34,False,-9.96578428466209,7.169515383165788,34
LGF,63,A0A1H0ZKQ3,34,33,False,-9.96578428466209,7.169515383165788,34
LGF,63,A0A031FY84,35,8,False,-4.78957910069402,7.169515383165788,34
LGF,63,A0A1H0PN91,35,10,False,-5.03319518230491,7.169515383165788,34
LGF,63,A0A1W2FUK4,36,33,False,-9.96578428466209,7.169515383165788,34
LGF,63,A0A1G7G014,34,5,False,-5.14363696068264,7.169515383165788,34
LGF,63,A0A0R0AJW0,34,30,False,-9.96578428466209,7.169515383165788,34
LGF,63,A0A1I3ATA6,34,11,False,-5.32419807019294,7.169515383165788,34
LGF,63,J0MY36,34,5,False,-4.68179136384361,7.169515383165788,34
LGF,63,J3J4J3,35,35,False,-7.37912113028053,7.169515383165788,34
LGF,63,A0A1M7RP04,35,10,False,-5.53531063088107,7.169515383165788,34
LGF,63,A0A1H2DYB4,36,11,False,-5.30102873004349,7.169515383165788,34
LGF,63,E8JL32,37,28,False,-5.95594958669194,7.169515383165788,34
LGF,63,A0A243W4X2,35,1,False,-4.58098117557457,7.169515383165788,34
LGF,63,A0A1F8NDM9,34,9,False,-5.42811645236875,7.169515383165788,34
LGF,63,A0A1F8QRT5,35,29,False,-7.76710115894784,7.169515383165788,34
LGF,63,A0A1F8TB12,35,23,False,-6.96631292596038,7.169515383165788,34
LGF,63,A0A0P6XHA1,34,6,False,-5.27099712232046,7.169515383165788,34
LGF,63,A0A285Y2W8,34,32,False,-9.96578428466209,7.169515383165788,34
LGF,63,A9AYR0,34,17,False,-6.18007503492679,7.169515383165788,34
LGF,63,A0A1V5WDU7,34,21,False,-6.80627024830389,7.169515383165788,34
LGF,63,A0A0Q0DN51,34,4,False,-4.99674282484133,7.169515383165788,34
LGF,63,U2H7G6,34,10,False,-4.95684828412635,7.169515383165788,34
LGF,63,A0A1X7D7X5,34,31,False,-8.36819164714474,7.169515383165788,34
LGF,63,A0A1H7FLM4,34,25,False,-6.63004524327542,7.169515383165788,34
LGF,63,A0A0Q7RYN9,34,34,False,-9.96578428466209,7.169515383165788,34
LGF,63,A0A1Q5XDP7,34,31,False,-9.96578428466209,7.169515383165788,34
LGF,63,A0A1C0ZXS6,34,30,False,-9.96578428466209,7.169515383165788,34
LGF,63,A0A1C4C6Z5,34,2,False,-4.5048953000435,7.169515383165788,34
LGF,63,A0A1H9TXD8,34,21,False,-6.81657325349132,7.169515383165788,34
LGF,63,A0A1B7ISH0,38,30,False,-5.27003258295263,7.169515383165788,34
LGF,63,A0A1S2BJS9,35,31,False,-5.86052263025631,7.169515383165788,34
LGF,63,H5V2R9,34,33,False,-8.35856395980307,7.169515383165788,34
LGF,63,S0AGK7,35,35,False,-9.96578428466209,7.169515383165788,34
LGF,63,W0HUK6,42,10,False,3.42979531196107,7.169515383165788,34
LGF,63,A0A1X3KQU6,35,33,False,-6.13950895584104,7.169515383165788,34
LGF,63,A0A0Q5AUM2,34,24,False,-6.24126906666856,7.169515383165788,34
LGF,63,A0A1I6IUV5,37,20,False,-5.87148366441913,7.169515383165788,34
LGF,63,A0A0Q8LNK5,34,26,False,-6.93347136939708,7.169515383165788,34
LGF,63,A0A1H4GAF9,34,19,False,-6.0351625160149,7.169515383165788,34
LGF,63,L8TSE5,34,17,False,-6.00056550237264,7.169515383165788,34
LGF,63,A0A0C5L7P3,34,6,False,-4.60789603311872,7.169515383165788,34
LGF,63,A0A0C2S5V3,36,21,False,-6.26882556057921,7.169515383165788,34
LGF,63,A0A1Y6G9Q2,34,8,False,-5.59052793814261,7.169515383165788,34
LGF,63,S5Z6C4,34,24,False,-6.98768544937991,7.169515383165788,34
LGF,63,A0A0A0INS8,35,28,False,-9.96578428466209,7.169515383165788,34
LGF,63,A0A1H7HH43,34,2,False,-4.35709779615942,7.169515383165788,34
LGF,63,A0A0M5MJB0,34,11,False,-5.16988734256088,7.169515383165788,34
LGF,63,A0A1M6LNU0,34,27,False,-9.96578428466209,7.169515383165788,34
LGF,63,A0A1N6N190,34,10,False,-5.02005319497538,7.169515383165788,34
LGF,63,A0A0H2Y663,34,5,False,-5.1723222113302,7.169515383165788,34
LGF,63,G9Z317,34,9,False,-4.94400205508871,7.169515383165788,34
LGF,63,A0A099S9K8,34,6,False,-5.06728791543716,7.169515383165788,34
LGF,63,R3WCY8,35,30,False,-9.96578428466209,7.169515383165788,34
LGF,63,B7R5Z6,35,11,False,-5.39343290249887,7.169515383165788,34
LGF,63,A0A150FR77,35,8,False,-5.03981867082095,7.169515383165788,34
LGF,63,A0A239FAU8,35,23,False,-6.87652081370456,7.169515383165788,34
LGF,63,C9P703,34,4,False,-4.65981612323624,7.169515383165788,34
LGF,63,A4SPJ1,34,8,False,-4.93242849347231,7.169515383165788,34
LGF,63,F0EV20,35,34,False,-8.23211307914392,7.169515383165788,34
LGF,63,M4U7D4,36,2,False,-4.40348650858455,7.169515383165788,34
LGF,63,D4HWS4,34,11,False,-5.67257252135648,7.169515383165788,34
LGF,63,A0A0H2W5X1,38,16,False,-5.12023965195946,7.169515383165788,34
LGF,63,A0A1N6XSS6,37,15,False,-5.20410786264271,7.169515383165788,34
LGF,63,A0A1Y1B530,34,11,False,-5.28203953117918,7.169515383165788,34
LGF,63,Q084Z8,34,31,False,-9.96578428466209,7.169515383165788,34
LGF,63,A3YCK8,34,28,False,-9.96578428466209,7.169515383165788,34
LGF,63,R9PKH5,34,15,False,-5.90026319411417,7.169515383165788,34
LGF,63,A0A066UXB9,34,28,False,-9.96578428466209,7.169515383165788,34
LGF,63,G8LPN3,34,6,False,-5.01953952764685,7.169515383165788,34
LGF,63,A0A240AUL7,34,25,False,-7.24731242671043,7.169515383165788,34
LGF,63,U2LSW6,34,22,False,-6.10140064336168,7.169515383165788,34
LGF,63,C9XZL7,39,31,False,-9.96578428466209,7.169515383165788,34
LGF,63,A0A1X1LCI3,34,2,False,-4.54010965375023,7.169515383165788,34
LGF,63,A0A1I5TH43,34,29,False,-9.96578428466209,7.169515383165788,34
LGF,63,A0A220U334,34,12,False,-5.15390648231881,7.169515383165788,34
LGF,63,A0A0S6UFN3,34,18,False,-6.27658739361477,7.169515383165788,34
LGF,63,A0A090P2F4,34,28,False,-9.96578428466209,7.169515383165788,34
LGF,61,A0A1V3IX86,34,21,False,-9.96578428466209,7.433021570017735,34
LGF,61,A0A0F5EQY1,35,26,False,-9.96578428466209,7.433021570017735,34
LGF,61,A0A077MSU0,45,16,False,-5.72142948390216,7.433021570017735,34
LGF,61,C4LAK1,43,27,False,-7.36802934878542,7.433021570017735,34
LGF,61,A0A0G3CW57,38,23,False,-9.96578428466209,7.433021570017735,34
LGF,61,A0A242NIW0,40,26,False,-9.96578428466209,7.433021570017735,34
LGF,61,A0A0J5P2M5,44,3,False,-4.4785349618205,7.433021570017735,34
LGF,61,V9ZZE6,35,15,False,-6.55414494545269,7.433021570017735,34
LGF,61,A0A1B8HQH7,42,29,False,-9.96578428466209,7.433021570017735,34
LGF,61,A0A066RR29,47,3,False,-4.26074449517177,7.433021570017735,34
LGF,61,A0A0J1HGF6,42,11,False,-5.3654369959298,7.433021570017735,34
LGF,61,A0A1M7RR64,61,30,False,-6.17168383989985,7.433021570017735,34
LGF,61,A0A1M5QGZ9,35,6,False,-5.06728791543716,7.433021570017735,34
LGF,61,A0A193KA50,35,10,False,-5.76272130219504,7.433021570017735,34
LGF,61,E8LUB2,66,34,False,-6.38513739078281,7.433021570017735,34
LGF,61,A0A1C3EGN1,41,24,False,-6.4184063708831,7.433021570017735,34
LGF,61,W1N7X5,35,1,False,-4.57577515114514,7.433021570017735,34
LGF,61,A0A0Q9SE70,44,25,False,-6.003776499101,7.433021570017735,34
LGF,61,A0A0F5FS33,36,16,False,-5.75758836382747,7.433021570017735,34
LGF,61,I2F844,64,35,False,-6.61916369433998,7.433021570017735,34
LGF,61,K9ZXM6,41,30,False,-9.96578428466209,7.433021570017735,34
LGF,61,A0A1H4J8R0,39,16,False,-5.8027362522542,7.433021570017735,34
LGF,61,A0A1S7BF47,34,30,False,-9.96578428466209,7.433021570017735,34
LGF,61,F4H0P6,42,32,False,-9.96578428466209,7.433021570017735,34
LGF,61,A0A0Q4PKE7,36,1,False,-4.84486134835731,7.433021570017735,34
LGF,61,A0A0Q7SD62,37,1,False,-4.23215137183675,7.433021570017735,34
LGF,61,A0A0Q5MNM5,47,12,False,-5.5213891228391,7.433021570017735,34
LGF,61,A0A0C2N6S2,39,32,False,-8.94170724600432,7.433021570017735,34
LGF,61,A0A1Q6Z695,38,11,False,-5.73994398619066,7.433021570017735,34
LGF,61,A0A1X7CJN3,43,15,False,-5.57571880744392,7.433021570017735,34
LGF,61,J7LHG4,47,26,False,-6.58590668975534,7.433021570017735,34
LGF,61,A0A0W0P5W0,39,23,False,-9.96578428466209,7.433021570017735,34
LGF,61,A0A069PAP5,40,26,False,-9.96578428466209,7.433021570017735,34
LGF,61,A0A1E4UYI9,45,29,False,-9.96578428466209,7.433021570017735,34
LGF,61,A0A285P160,43,7,False,-5.01787632448944,7.433021570017735,34
LGF,61,H5WA11,40,0,True,-3.00638167605533,7.433021570017735,34
LGF,61,A0A0P6XSZ0,54,11,False,-5.06401087638055,7.433021570017735,34
LGF,61,A0A1I5XGU4,58,45,False,-9.96578428466209,7.433021570017735,34
LGF,61,A0A1F4K410,35,3,False,-4.93320314284256,7.433021570017735,34
LGF,61,A0A231N5E8,39,25,False,-6.70013090602858,7.433021570017735,34
LGF,61,A0A1I1ML62,52,40,False,-9.96578428466209,7.433021570017735,34
LGF,61,A0A0Q6X0R4,40,28,False,-8.64738078564295,7.433021570017735,34
LGF,61,B9K9B4,37,5,False,-4.77225748793464,7.433021570017735,34
LGF,61,A0A1I1BD03,34,27,False,-9.96578428466209,7.433021570017735,34
LGF,61,A0A1R0YJ64,34,21,False,-6.63004524327542,7.433021570017735,34
LGF,61,A0A1H3GPC7,36,24,False,-6.3369830100756,7.433021570017735,34
LGF,61,A0A176J909,39,11,False,-5.35755445294802,7.433021570017735,34
LGF,61,A0A0M0KRF2,36,28,False,-6.86870707082059,7.433021570017735,34
LGF,61,A0A1S6ZEV3,37,18,False,-5.80755191238785,7.433021570017735,34
LGF,61,A0A1Y0CR35,36,5,False,-4.76076961756713,7.433021570017735,34
LGF,61,W4QKR8,35,29,False,-8.3014899071895,7.433021570017735,34
LGF,61,A0A0J5R082,35,14,False,-5.53718112067456,7.433021570017735,34
LGF,61,A0A0A2UZU2,35,22,False,-5.74649276145992,7.433021570017735,34
LGF,61,A0A0A5G4Q0,34,9,False,-5.35289572853692,7.433021570017735,34
LGF,61,A0A167UVL9,34,24,False,-6.6942846698063,7.433021570017735,34
LGF,61,A0A1N6EXG2,40,4,False,-5.11929524184356,7.433021570017735,34
LGF,61,A0A1F8NQY9,44,17,False,-5.76686167812982,7.433021570017735,34
LGF,61,A0A0Q5WMU2,35,20,False,-6.11772357480451,7.433021570017735,34
LGF,61,S3IZ30,54,23,False,-5.92973487121994,7.433021570017735,34
LGF,61,A0A077N9K7,37,0,True,-4.70984228224429,7.433021570017735,34
LGF,61,A0A085G551,39,8,False,-5.42185469977049,7.433021570017735,34
LGF,61,A0A081KFV4,80,40,False,-6.45118822756704,7.433021570017735,34
LGF,61,C9Y2Q7,46,30,False,-6.83286844669287,7.433021570017735,34
LGF,61,A0A1T5HY42,37,27,False,-6.83488918233503,7.433021570017735,34
LGF,61,A0A085U6Z2,47,30,False,-6.78085861142147,7.433021570017735,34
LGF,61,I3VVH4,57,14,False,-5.40898299843129,7.433021570017735,34
LGF,61,A0A1M9GF56,37,32,False,-8.7074016707798,7.433021570017735,34
LGF,61,A0A024P3Y2,34,1,False,-4.23747940667861,7.433021570017735,34
LGF,61,A0A0A1Q197,39,22,False,-6.47608547668994,7.433021570017735,34
LGF,61,A0A1T2X5S2,35,24,False,-7.67893523962974,7.433021570017735,34
LGF,61,A0A1X9M5V5,51,4,False,-4.61053919504302,7.433021570017735,34
LGF,61,A0A1W5ZR18,36,27,False,-9.96578428466209,7.433021570017735,34
LGF,61,K1J2F5,41,3,False,-4.75912058019971,7.433021570017735,34
LGF,61,A0A0B9H2Z0,40,16,False,-5.83920450128164,7.433021570017735,34
LGF,61,F6B8R2,52,13,False,-5.57476104456643,7.433021570017735,34
LGF,61,A0A1W5ZYY3,34,17,False,-6.20764470140094,7.433021570017735,34
LGF,61,A0A1V3HK07,44,13,False,-5.79476518472266,7.433021570017735,34
LGF,61,A0A1Z9YFY0,41,32,False,-7.98582859069172,7.433021570017735,34
LGF,61,W7QH61,48,4,False,-4.75176735645598,7.433021570017735,34
LGF,61,A0A1M5EIK9,53,42,False,-9.96578428466209,7.433021570017735,34
LGF,61,A0A1E5CGT7,41,25,False,-6.97705017337482,7.433021570017735,34
LGF,61,A0A0H6ITJ3,45,36,False,-9.96578428466209,7.433021570017735,34
LGF,61,A0A0M3EMP9,54,38,False,-9.96578428466209,7.433021570017735,34
LGF,61,A0A0C2NRH7,46,35,False,-7.17958402401166,7.433021570017735,34
LGF,61,A0A1R4B230,47,27,False,-7.0189965413492,7.433021570017735,34
LGF,61,A0A0H2LMF7,42,1,False,-3.32210197125496,7.433021570017735,34
LGF,61,A0A1A6LZR4,34,20,False,-6.39454466353978,7.433021570017735,34
LGF,61,A0A090I6B7,43,26,False,-6.6008027097986,7.433021570017735,34
LGF,61,A0A1B9PFT8,45,0,True,-3.20815966476193,7.433021570017735,34
LGF,61,U4E9Q6,56,38,False,-7.43285188590407,7.433021570017735,34
LGF,61,A0A0J8H0Z4,36,27,False,-9.96578428466209,7.433021570017735,34
LGF,61,A0A1X1MPA6,44,8,False,-5.52794675340693,7.433021570017735,34
LGF,61,A0A1M5ZLJ7,47,17,False,-5.99312435877742,7.433021570017735,34
LGF,61,A0A1B8IAP5,50,10,False,-5.27927826652142,7.433021570017735,34
LGF,61,A0A0C5WJR4,34,29,False,-9.96578428466209,7.433021570017735,34
LGF,61,A0A136A214,39,22,False,-6.32559643614586,7.433021570017735,34
LGF,61,A0A0J8YR78,39,17,False,-6.03622858925659,7.433021570017735,34
LGF,61,A0A0J8GTZ8,35,29,False,-9.96578428466209,7.433021570017735,34
LGF,61,Q2B3S3,34,22,False,-6.45716281551323,7.433021570017735,34
LGF,61,A0A165JXV3,38,33,False,-9.96578428466209,7.433021570017735,34
LGF,61,A0A1H6LKQ3,41,10,False,-5.69570293592925,7.433021570017735,34
LGF,61,A0A1J7C6N8,48,35,False,-7.16646995851284,7.433021570017735,34
LGF,61,A0A1E5BZ97,58,17,False,-5.75564085102143,7.433021570017735,34
LGF,61,A0A1B9L737,42,16,False,-5.95972792425594,7.433021570017735,34
LGF,61,K6YPC4,34,3,False,-4.42721665513052,7.433021570017735,34
LGF,61,K6YVH7,69,24,False,-5.67257252135648,7.433021570017735,34
LGF,61,B1KRG0,48,24,False,-6.06519868064788,7.433021570017735,34
LGF,61,A0A0N8Q4A7,52,30,False,-7.03263466505063,7.433021570017735,34
LGF,61,A0A0F4P0B9,62,46,False,-7.99354185341337,7.433021570017735,34
LGF,61,A0A0W1L556,40,31,False,-9.96578428466209,7.433021570017735,34
LGF,61,A0A010QIH2,54,6,False,-4.89207162345786,7.433021570017735,34
LGF,61,U1KIS8,59,44,False,-9.96578428466209,7.433021570017735,34
LGF,61,A0A1I0E0B7,78,57,False,-8.06705082882707,7.433021570017735,34
LGF,61,A0A136I149,46,13,False,-5.62181156342756,7.433021570017735,34
LGF,61,A0A1Q6CJI5,49,39,False,-9.96578428466209,7.433021570017735,34
LGF,61,A4C564,62,24,False,-6.08790520734543,7.433021570017735,34
LGF,61,A0A0Q0HS09,63,47,False,-9.96578428466209,7.433021570017735,34
LGF,61,A0A1E5IVE9,64,50,False,-9.96578428466209,7.433021570017735,34
LGF,61,A0A1S2T5M0,52,35,False,-7.48940198818462,7.433021570017735,34
LGF,61,A0A0M2V4W0,56,27,False,-6.1978682877064,7.433021570017735,34
LGF,61,A0A1H3XML9,55,27,False,-6.61843468922118,7.433021570017735,34
LGF,61,A0A0P7XM53,70,4,False,-4.46333874879241,7.433021570017735,34
LGF,61,K6W3R6,51,38,False,-9.96578428466209,7.433021570017735,34
LGF,61,A0A148KN52,49,39,False,-9.96578428466209,7.433021570017735,34
LGF,61,A0A0U3B8C1,44,29,False,-7.27476075459069,7.433021570017735,34
LGF,61,A0A1S6HTM8,73,10,False,-4.82021456149458,7.433021570017735,34
LGF,61,A0A220PX32,68,44,False,-6.98415157980051,7.433021570017735,34
LGF,61,B1KHD0,48,10,False,-5.31742528495473,7.433021570017735,34
LGF,61,A0A1B7UMJ8,63,0,True,-3.03019478504747,7.433021570017735,34
LGF,61,A0A1M5MHB7,96,15,False,-4.97670013712032,7.433021570017735,34
LGF,61,A0A0S1YQW9,43,15,False,-6.14768222246166,7.433021570017735,34
LGF,61,A0A1Z9YMI9,43,17,False,-5.84699751526997,7.433021570017735,34
LGF,61,A0A193KCX6,36,18,False,-6.65505255808521,7.433021570017735,34
LGF,61,A0A1I5KA31,38,9,False,-5.34962487997712,7.433021570017735,34
LGF,61,A0A090T3S6,41,32,False,-9.96578428466209,7.433021570017735,34
LGF,61,A0A1X0WFI6,41,7,False,-5.05061546509075,7.433021570017735,34
LGF,61,Q6CYR9,47,24,False,-5.76717962045866,7.433021570017735,34
LGF,61,A0A1T4LN99,35,1,False,-4.62646626954374,7.433021570017735,34
LGF,61,V3TP45,42,24,False,-6.20554549138626,7.433021570017735,34
LGF,61,A0A1N6VIU0,42,21,False,-5.72795170689463,7.433021570017735,34
LGF,61,A0A1Y6IYW9,55,12,False,-5.61965309365403,7.433021570017735,34
LGF,61,L8JAL6,66,20,False,-5.72189045988564,7.433021570017735,34
LGF,61,A0A1D8MVF0,45,12,False,-5.39650740948302,7.433021570017735,34
LGF,61,A0A1B9NYQ2,37,26,False,-9.96578428466209,7.433021570017735,34
LGF,61,A0A151JFA1,58,1,False,-4.21580530869208,7.433021570017735,34
LGF,61,A0A0F5VGK7,40,33,False,-9.96578428466209,7.433021570017735,34
LGF,61,A0A1M7YPJ1,44,23,False,-6.94085273396207,7.433021570017735,34
LGF,61,A0A0C3E806,85,60,False,-7.1267687118253,7.433021570017735,34
LGF,61,U4E477,36,23,False,-9.96578428466209,7.433021570017735,34
LGF,61,A0A081N511,61,43,False,-7.21627688881885,7.433021570017735,34
LGF,61,A0A0J1GRB0,35,24,False,-9.96578428466209,7.433021570017735,34
LGF,61,A0A0C5WRW7,34,21,False,-9.96578428466209,7.433021570017735,34
LGF,61,A0A085QMC5,36,24,False,-9.96578428466209,7.433021570017735,34
LGF,62,U4EBX8,34,26,False,-8.0456633108601,6.167588705974206,34
LGF,62,G8LIM0,41,29,False,-7.82929186167663,6.167588705974206,34
LGF,62,C7PZR2,40,32,False,-9.96578428466209,6.167588705974206,34
LGF,62,A0A0Q5EEE6,42,4,False,-5.12181219745078,6.167588705974206,34
LGF,62,A0A101EBC7,34,18,False,-6.88814183714142,6.167588705974206,34
LGF,62,A0A022MGC3,40,7,False,-5.27078618885343,6.167588705974206,34
LGF,62,A0A1H6ESK2,41,2,False,-4.89119997372741,6.167588705974206,34
LGF,62,A0A0Q7U9G3,43,9,False,-5.39101220860993,6.167588705974206,34
LGF,62,A0A251VVB8,38,18,False,-6.53044328427989,6.167588705974206,34
LGF,62,A0A1Z5HS69,39,23,False,-6.74550295925951,6.167588705974206,34
LGF,62,F6CM60,41,19,False,-6.20239002180304,6.167588705974206,34
LGF,62,A0A1C5ALH3,34,5,False,-5.13198918450897,6.167588705974206,34
LGF,62,A0A1H1NC18,41,6,False,-5.25208308810416,6.167588705974206,34
LGF,62,E0IBA3,42,34,False,-9.96578428466209,6.167588705974206,34
LGF,62,F5LSI9,43,19,False,-6.35361301313139,6.167588705974206,34
LGF,62,A0A1C1A8T9,42,14,False,-5.78787550310802,6.167588705974206,34
LGF,62,A0A1R1AKW2,41,16,False,-6.14748802947625,6.167588705974206,34
LGF,62,A0A1N6WMQ2,42,29,False,-7.67348339069279,6.167588705974206,34
LGF,62,A0A098MAD3,42,34,False,-9.96578428466209,6.167588705974206,34
LGF,62,A0A1R1A9P5,39,3,False,-5.02385430459888,6.167588705974206,34
LGF,62,W8YG98,41,33,False,-9.96578428466209,6.167588705974206,34
LGF,62,A0A1T2XA72,42,26,False,-7.06732705107974,6.167588705974206,34
LGF,62,A0A165PZQ2,40,32,False,-9.96578428466209,6.167588705974206,34
LGF,62,A0A1X7JWJ4,41,10,False,-5.4951064714444,6.167588705974206,34
LGF,62,M9LPZ0,44,16,False,-6.04789645983623,6.167588705974206,34
LGF,62,A0A0W1AQX0,42,34,False,-9.96578428466209,6.167588705974206,34
LGF,62,E6TZA5,34,15,False,-6.58290496295943,6.167588705974206,34
LGF,62,A0A1M4XG76,37,19,False,-6.72259256212963,6.167588705974206,34
LGF,62,A0A1G6T3Y2,40,32,False,-9.96578428466209,6.167588705974206,34
LGF,62,A0A1Y3QGG0,44,29,False,-7.300003012445,6.167588705974206,34
LGF,62,A0A161S4L5,38,11,False,-5.77236164638677,6.167588705974206,34
LGF,62,A0A150MMC4,43,33,False,-8.14105173413584,6.167588705974206,34
LGF,62,M5PH98,41,33,False,-9.96578428466209,6.167588705974206,34
LGF,62,A0A1G5LR72,37,9,False,-5.6410790128027,6.167588705974206,34
LGF,62,A0A1B8VXY1,37,14,False,-6.08352197911892,6.167588705974206,34
LGF,62,A0A0Q9N1Z9,35,11,False,-5.81345963278129,6.167588705974206,34
LGF,62,A0A1V2SER3,41,26,False,-7.22483111520089,6.167588705974206,34
LGF,62,A0A0N1N1D7,40,10,False,-5.67257252135648,6.167588705974206,34
LGF,62,A0A1I4K6A4,39,31,False,-9.96578428466209,6.167588705974206,34
LGF,62,A0A139CDV9,41,22,False,-6.70284919400202,6.167588705974206,34
LGF,62,B8D1Y8,41,28,False,-7.5068469740846,6.167588705974206,34
LGF,62,A0A0H3N0I7,43,34,False,-8.32889709807395,6.167588705974206,34
LGF,62,A0A1D2XD02,35,6,False,-5.35755445294802,6.167588705974206,34
LGF,62,R5EWX7,39,1,False,-4.83680295237195,6.167588705974206,34
LGF,62,A0A085U4A0,42,0,True,-4.72886771499062,6.167588705974206,34
LGF,58,K0UUF5,21,14,False,-5.95765122557821,1.4200685130792832,34
LGF,58,A0A1Q5PX92,21,11,False,-5.46047586327769,1.4200685130792832,34
LGF,58,A0A0M8YDU3,21,9,False,-5.27469325208106,1.4200685130792832,34
LGF,58,A0A0Q5HZM8,21,5,False,-4.9529359424418,1.4200685130792832,34
LGF,58,A0A1H9D0Q5,21,8,False,-5.03146774345054,1.4200685130792832,34
LGF,58,A0A1H7BZF7,21,4,False,-4.9062493559385,1.4200685130792832,34
LGF,58,C5C1A8,21,1,False,-4.66345060568315,1.4200685130792832,34
LGF,58,A0A1J5QCB1,21,12,False,-5.8027362522542,1.4200685130792832,34
LGF,58,A0A259PP60,21,6,False,-4.96070510105623,1.4200685130792832,34
LGF,58,A0A0A0C738,21,16,False,-6.10970689352049,1.4200685130792832,34
LGF,58,A0A0A0BPL6,21,21,False,-7.66616543672987,1.4200685130792832,34
LGF,58,A0A1H1VMW4,21,0,True,-4.64862523473734,1.4200685130792832,34
LGF,58,A0A164MVD8,21,7,False,-5.02236228588067,1.4200685130792832,34
LGF,58,A0A1B3Q2T7,21,15,False,-6.07298558529496,1.4200685130792832,34
LGF,58,A0A0Q5B164,21,18,False,-6.34458051560524,1.4200685130792832,34
LGF,58,A0A1B1BIA4,21,20,False,-7.12863338395803,1.4200685130792832,34
LGF,58,A0A0Q4UNV8,21,19,False,-6.86478003288769,1.4200685130792832,34
LGF,58,A0A0Q5BI39,21,13,False,-5.86244321766153,1.4200685130792832,34
LGF,58,A0A229HAD6,21,2,False,-4.82840092651025,1.4200685130792832,34
LGF,58,E3IY20,21,10,False,-5.40606954985632,1.4200685130792832,34
LGF,58,A0A0Q8Y7D2,21,17,False,-6.24126906666856,1.4200685130792832,34
LGF,58,A0A1B1BI18,21,3,False,-4.86083649550235,1.4200685130792832,34
LGF,60,A0A1B1M3C8,1,1,False,-5.40239996143008,1.1070116782027561,34
LGF,60,I0I685,1,0,True,-4.35025373670523,1.1070116782027561,34
