dataset,sequence_length,variant_id,fitness,degree,energy_full
DMS,59,wt,0.0014419741739063,1121,0.010852027082946008
DMS,59,K2A,-3.62705283160074,1121,0.010852027082946008
DMS,59,K2C,-0.861542073689499,1121,0.010852027082946008
DMS,59,K2D,-3.90574037700156,1121,0.010852027082946008
DMS,59,K2E,-4.30799049835707,1121,0.010852027082946008
DMS,59,K2F,-2.06800101687082,1121,0.010852027082946008
DMS,59,K2G,-4.75768056558898,1121,0.010852027082946008
DMS,59,K2H,-1.40722701449334,1121,0.010852027082946008
DMS,59,K2I,-4.52857661810608,1121,0.010852027082946008
DMS,59,K2L,-4.40767312400713,1121,0.010852027082946008
DMS,59,K2M,-4.47158486076476,1121,0.010852027082946008
DMS,59,K2N,-0.848746918137481,1121,0.010852027082946008
DMS,59,K2P,-3.21627404215584,1121,0.010852027082946008
DMS,59,K2Q,-3.48670100646795,1121,0.010852027082946008
DMS,59,K2R,-3.95160337793971,1121,0.010852027082946008
DMS,59,K2S,-1.91007577039606,1121,0.010852027082946008
DMS,59,K2T,-1.17853044400388,34,0.010852027082946008
DMS,59,K2V,-2.26534853961651,34,0.010852027082946008
DMS,59,K2W,-1.64660505784156,34,0.010852027082946008
DMS,59,K2Y,-0.26386069441803,34,0.010852027082946008
DMS,59,P3A,0.320846643879915,38,0.010852027082946008
DMS,59,P3C,0.405325043821737,38,0.010852027082946008
DMS,59,P3D,0.0276278170327065,38,0.010852027082946008
DMS,59,P3E,-0.848118992407521,38,0.010852027082946008
DMS,59,P3F,-0.922869795496752,38,0.010852027082946008
DMS,59,P3G,0.366689470239557,38,0.010852027082946008
DMS,59,P3H,0.177188830242095,38,0.010852027082946008
DMS,59,P3I,0.198347809629351,38,0.010852027082946008
DMS,59,P3K,-0.368327714566495,38,0.010852027082946008
DMS,59,P3L,0.513191631637259,38,0.010852027082946008
DMS,59,P3M,0.216244886997123,38,0.010852027082946008
DMS,59,P3N,0.438891576172185,38,0.010852027082946008
DMS,59,P3Q,0.0990016516052983,38,0.010852027082946008
DMS,59,P3R,0.466524933744926,38,0.010852027082946008
DMS,59,P3S,0.110875631252772,38,0.010852027082946008
DMS,59,P3T,0.171467294027562,34,0.010852027082946008
DMS,59,P3V,-0.971759885976687,34,0.010852027082946008
DMS,59,P3W,0.414747341803704,34,0.010852027082946008
DMS,59,P3Y,-0.828844436920079,34,0.010852027082946008
DMS,59,V4A,0.421977064931878,34,0.010852027082946008
DMS,59,V4C,0.350990260126241,34,0.010852027082946008
DMS,59,V4D,-6.27100862909029,34,0.010852027082946008
DMS,59,V4E,-5.36100276543775,34,0.010852027082946008
DMS,59,V4F,0.213930037342761,34,0.010852027082946008
DMS,59,V4G,-4.93542695027524,34,0.010852027082946008
DMS,59,V4H,0.158129648922028,34,0.010852027082946008
DMS,59,V4I,0.329671161872079,34,0.010852027082946008
DMS,59,V4K,0.0083425798499636,34,0.010852027082946008
DMS,59,V4L,-0.162236767993757,34,0.010852027082946008
DMS,59,V4M,0.211002701274582,34,0.010852027082946008
DMS,59,V4N,-0.0179011559564656,34,0.010852027082946008
DMS,59,V4P,0.444286756139626,34,0.010852027082946008
DMS,59,V4Q,-2.25730310301109,34,0.010852027082946008
DMS,59,V4R,0.627599363397964,34,0.010852027082946008
DMS,59,V4S,0.124037637313583,34,0.010852027082946008
DMS,59,V4T,0.607437138606555,34,0.010852027082946008
DMS,59,V4W,-0.579521262470918,34,0.010852027082946008
DMS,59,V4Y,0.708935951873787,34,0.010852027082946008
DMS,59,T5A,-6.33974378604535,34,0.010852027082946008
DMS,59,T5C,-7.21106478951782,34,0.010852027082946008
DMS,59,T5D,-7.33973103722069,34,0.010852027082946008
DMS,59,T5E,-6.76208777307178,34,0.010852027082946008
DMS,59,T5F,-6.81464146479569,34,0.010852027082946008
DMS,59,T5G,-6.88654656028943,34,0.010852027082946008
DMS,59,T5H,-7.39123640532496,34,0.010852027082946008
DMS,59,T5I,-7.16914265212672,34,0.010852027082946008
DMS,59,T5K,-6.91154096563161,34,0.010852027082946008
DMS,59,T5L,-7.00956436274696,34,0.010852027082946008
DMS,59,T5M,-5.20007108404136,34,0.010852027082946008
DMS,59,T5N,-1.36391082949861,34,0.010852027082946008
DMS,59,T5P,-5.43150513865937,34,0.010852027082946008
DMS,59,T5Q,-7.81944997335646,34,0.010852027082946008
DMS,59,T5R,-2.00063446590895,34,0.010852027082946008
DMS,59,T5S,-3.19867076130808,34,0.010852027082946008
DMS,59,T5V,-7.85829007249473,34,0.010852027082946008
DMS,59,T5W,-7.80804073780124,34,0.010852027082946008
DMS,59,T5Y,-6.26099946513619,34,0.010852027082946008
DMS,59,L6A,-2.05706861930933,34,0.010852027082946008
DMS,59,L6C,0.0088907441379521,34,0.010852027082946008
DMS,59,L6D,-6.85667500586565,34,0.010852027082946008
DMS,59,L6E,-7.9211926624064,34,0.010852027082946008
DMS,59,L6F,0.0490784555089381,34,0.010852027082946008
DMS,59,L6G,-6.56303504819035,34,0.010852027082946008
DMS,59,L6H,-7.31867495759184,34,0.010852027082946008
DMS,59,L6I,0.364065206505113,34,0.010852027082946008
DMS,59,L6K,-6.47661119176429,34,0.010852027082946008
DMS,59,L6M,0.5835318177236,34,0.010852027082946008
DMS,59,L6N,-6.70793462468759,34,0.010852027082946008
DMS,59,L6P,-6.30356306930598,34,0.010852027082946008
DMS,59,L6Q,0.322347769638163,34,0.010852027082946008
DMS,59,L6R,-6.71417614568498,34,0.010852027082946008
DMS,59,L6S,-0.554391333690325,34,0.010852027082946008
DMS,59,L6T,-4.31724034796601,34,0.010852027082946008
DMS,59,L6V,-5.02558003466934,34,0.010852027082946008
DMS,59,L6W,-5.98344716002249,34,0.010852027082946008
DMS,59,L6Y,-0.479122498433945,34,0.010852027082946008
DMS,59,Y7A,-3.53004250105999,34,0.010852027082946008
DMS,59,Y7C,-1.86082057323586,34,0.010852027082946008
DMS,59,Y7D,-3.97993322402039,34,0.010852027082946008
DMS,59,Y7E,-5.39751039622827,34,0.010852027082946008
DMS,59,Y7F,-3.28720191165491,34,0.010852027082946008
DMS,59,Y7G,-5.89340648006885,34,0.010852027082946008
DMS,59,Y7H,-2.49895207952768,34,0.010852027082946008
DMS,59,Y7I,-5.0475141632756,34,0.010852027082946008
DMS,59,Y7K,-1.38430298851809,34,0.010852027082946008
DMS,59,Y7L,-4.9943057402964,34,0.010852027082946008
DMS,59,Y7M,-2.72489691159102,34,0.010852027082946008
DMS,59,Y7N,-1.93761858873128,34,0.010852027082946008
DMS,59,Y7P,-6.67161631252098,34,0.010852027082946008
DMS,59,Y7Q,-2.22441901907037,34,0.010852027082946008
DMS,59,Y7R,-1.39990952439573,34,0.010852027082946008
DMS,59,Y7S,-3.77732786941612,34,0.010852027082946008
DMS,59,Y7T,-3.43643349748753,34,0.010852027082946008
DMS,59,Y7V,-2.19304026704616,34,0.010852027082946008
DMS,59,Y7W,-6.92557983264399,34,0.010852027082946008
DMS,59,D8A,-0.986992383601278,34,0.010852027082946008
DMS,59,D8C,-6.28739322925284,34,0.010852027082946008
DMS,59,D8E,0.311421643479951,34,0.010852027082946008
DMS,59,D8F,-7.33375828069672,34,0.010852027082946008
DMS,59,D8G,-1.1539017794642,34,0.010852027082946008
DMS,59,D8H,0.223888962289194,34,0.010852027082946008
DMS,59,D8I,-5.00615479570123,34,0.010852027082946008
DMS,59,D8K,-0.34382033490589,34,0.010852027082946008
DMS,59,D8L,-6.74712807404389,34,0.010852027082946008
DMS,59,D8M,-1.99862385071979,34,0.010852027082946008
DMS,59,D8N,-0.0337105789627212,34,0.010852027082946008
DMS,59,D8P,-8.0653377130339,34,0.010852027082946008
DMS,59,D8Q,0.442843875689984,34,0.010852027082946008
DMS,59,D8R,-0.508769308572008,34,0.010852027082946008
DMS,59,D8S,-1.37253528657087,34,0.010852027082946008
DMS,59,D8T,0.428673273874303,34,0.010852027082946008
DMS,59,D8V,-5.30058284503987,34,0.010852027082946008
DMS,59,D8W,-7.84184803167912,34,0.010852027082946008
DMS,59,D8Y,-4.95707532710334,34,0.010852027082946008
DMS,59,V9A,-4.98270697401728,34,0.010852027082946008
DMS,59,V9C,-5.91963851799261,34,0.010852027082946008
DMS,59,V9D,-5.86056247284499,34,0.010852027082946008
DMS,59,V9E,-6.22766472144604,34,0.010852027082946008
DMS,59,V9F,-5.91443497083296,34,0.010852027082946008
DMS,59,V9G,-6.74995478827726,34,0.010852027082946008
DMS,59,V9H,-7.2498220951543,34,0.010852027082946008
DMS,59,V9I,0.0155178183191573,34,0.010852027082946008
DMS,59,V9K,-7.75486928432942,34,0.010852027082946008
DMS,59,V9L,-4.33857227209225,34,0.010852027082946008
DMS,59,V9M,-8.25510985650195,34,0.010852027082946008
DMS,59,V9N,-7.30870162519758,34,0.010852027082946008
DMS,59,V9P,-6.45942167562878,34,0.010852027082946008
DMS,59,V9Q,-6.69996058160547,34,0.010852027082946008
DMS,59,V9R,-6.72391737482606,34,0.010852027082946008
DMS,59,V9S,-7.23149998075402,34,0.010852027082946008
DMS,59,V9T,-7.18104647481028,34,0.010852027082946008
DMS,59,V9W,-6.21065539374023,34,0.010852027082946008
DMS,59,V9Y,-9.96578428466209,34,0.010852027082946008
DMS,59,A10C,-5.86691076948587,34,0.010852027082946008
DMS,59,A10D,-5.86507860112341,34,0.010852027082946008
DMS,59,A10E,-6.24721879507373,34,0.010852027082946008
DMS,59,A10F,-6.32168825088862,34,0.010852027082946008
DMS,59,A10G,-0.990483153874394,34,0.010852027082946008
DMS,59,A10H,-5.89944995883426,34,0.010852027082946008
DMS,59,A10I,-7.51787434397102,34,0.010852027082946008
DMS,59,A10K,-7.87975508300034,34,0.010852027082946008
DMS,59,A10L,-7.10064699280571,34,0.010852027082946008
DMS,59,A10M,-7.82510148627481,34,0.010852027082946008
DMS,59,A10N,-6.55373448126288,34,0.010852027082946008
DMS,59,A10P,-5.7066292930459,34,0.010852027082946008
DMS,59,A10Q,-7.20306131598435,34,0.010852027082946008
DMS,59,A10R,-5.7272219537395,34,0.010852027082946008
DMS,59,A10S,-2.41207836740555,34,0.010852027082946008
DMS,59,A10T,-3.43154782758294,34,0.010852027082946008
DMS,59,A10V,-5.77115977997759,34,0.010852027082946008
DMS,59,A10W,-6.58059182207268,34,0.010852027082946008
DMS,59,A10Y,-6.72714646863263,34,0.010852027082946008
DMS,59,E11A,0.798174662337194,34,0.010852027082946008
DMS,59,E11C,0.495273389150777,34,0.010852027082946008
DMS,59,E11D,0.462547554656375,34,0.010852027082946008
DMS,59,E11F,0.388800739895832,34,0.010852027082946008
DMS,59,E11G,0.682674106655873,34,0.010852027082946008
DMS,59,E11H,0.371004228682794,34,0.010852027082946008
DMS,59,E11I,0.28724913160188,34,0.010852027082946008
DMS,59,E11K,0.46127148357503,34,0.010852027082946008
DMS,59,E11L,0.473923443100186,34,0.010852027082946008
DMS,59,E11M,0.6151167826105,34,0.010852027082946008
DMS,59,E11N,0.601771023275937,34,0.010852027082946008
DMS,59,E11P,-7.85829007249473,34,0.010852027082946008
DMS,59,E11Q,0.736389993147916,34,0.010852027082946008
DMS,59,E11R,0.233890786358356,34,0.010852027082946008
DMS,59,E11S,0.540386739756075,34,0.010852027082946008
DMS,59,E11T,0.17483902775512,34,0.010852027082946008
DMS,59,E11V,-0.0781409219706493,34,0.010852027082946008
DMS,59,E11W,-4.72452237989734,34,0.010852027082946008
DMS,59,E11Y,0.411602913564669,34,0.010852027082946008
DMS,59,Y12A,0.436149546194609,34,0.010852027082946008
DMS,59,Y12C,0.491086313053363,34,0.010852027082946008
DMS,59,Y12D,-5.33245932035478,34,0.010852027082946008
DMS,59,Y12E,0.328650810983793,34,0.010852027082946008
DMS,59,Y12F,0.429273825193681,34,0.010852027082946008
DMS,59,Y12G,-5.0660591964696,34,0.010852027082946008
DMS,59,Y12H,0.599637835651794,34,0.010852027082946008
DMS,59,Y12I,0.555248531929654,34,0.010852027082946008
DMS,59,Y12K,0.559496143606841,34,0.010852027082946008
DMS,59,Y12L,0.494306033225415,34,0.010852027082946008
DMS,59,Y12M,0.467636478585846,34,0.010852027082946008
DMS,59,Y12N,0.295168144312106,34,0.010852027082946008
DMS,59,Y12P,-6.27688525987676,34,0.010852027082946008
DMS,59,Y12Q,0.460936575594615,34,0.010852027082946008
DMS,59,Y12R,0.370528491427906,34,0.010852027082946008
DMS,59,Y12S,0.393787120787613,34,0.010852027082946008
DMS,59,Y12T,0.527137479516868,34,0.010852027082946008
DMS,59,Y12V,0.239101275037075,34,0.010852027082946008
DMS,59,Y12W,0.183637284304888,34,0.010852027082946008
DMS,59,A13C,0.5211338255346,34,0.010852027082946008
DMS,59,A13D,-5.84623965738485,34,0.010852027082946008
DMS,59,A13E,-6.50611566579245,34,0.010852027082946008
DMS,59,A13F,-8.84467134205594,34,0.010852027082946008
DMS,59,A13G,-6.28273406100017,34,0.010852027082946008
DMS,59,A13H,-6.01379560156848,34,0.010852027082946008
DMS,59,A13I,-2.17109240051327,34,0.010852027082946008
DMS,59,A13K,-7.24780182897602,34,0.010852027082946008
DMS,59,A13L,-4.7634730456495,34,0.010852027082946008
DMS,59,A13M,-7.29718608320885,34,0.010852027082946008
DMS,59,A13N,-6.15371374999588,34,0.010852027082946008
DMS,59,A13P,-5.91963851799261,34,0.010852027082946008
DMS,59,A13Q,-7.3535354814767,34,0.010852027082946008
DMS,59,A13R,-6.10597932103609,34,0.010852027082946008
DMS,59,A13S,0.0889801459718244,34,0.010852027082946008
DMS,59,A13T,0.0177063700716863,34,0.010852027082946008
DMS,59,A13V,0.20047082397919,34,0.010852027082946008
DMS,59,A13W,-6.46738570193804,34,0.010852027082946008
DMS,59,A13Y,-6.95553718990877,34,0.010852027082946008
DMS,59,G14A,0.113094271637507,34,0.010852027082946008
DMS,59,G14C,0.494269439808294,34,0.010852027082946008
DMS,59,G14D,0.251568396433645,34,0.010852027082946008
DMS,59,G14E,0.443824912839434,34,0.010852027082946008
DMS,59,G14F,-5.61710133441075,34,0.010852027082946008
DMS,59,G14H,0.334448293470868,34,0.010852027082946008
DMS,59,G14I,-6.47661119176429,34,0.010852027082946008
DMS,59,G14K,0.242413880302811,34,0.010852027082946008
DMS,59,G14L,-7.09811550059636,34,0.010852027082946008
DMS,59,G14M,-3.80944416564752,34,0.010852027082946008
DMS,59,G14N,0.4490121032259,34,0.010852027082946008
DMS,59,G14P,-6.0526515566165,34,0.010852027082946008
DMS,59,G14Q,0.318160167718201,34,0.010852027082946008
DMS,59,G14R,0.27676649555105,34,0.010852027082946008
DMS,59,G14S,0.399115986599886,34,0.010852027082946008
DMS,59,G14T,-5.70814937396187,34,0.010852027082946008
DMS,59,G14V,-5.77115977997759,34,0.010852027082946008
DMS,59,G14W,-9.04509577547808,34,0.010852027082946008
DMS,59,G14Y,-6.87277488962708,34,0.010852027082946008
DMS,59,V15A,-5.80165472204314,34,0.010852027082946008
DMS,59,V15C,0.329163348805271,34,0.010852027082946008
DMS,59,V15D,-6.21065539374023,34,0.010852027082946008
DMS,59,V15E,-6.86743345588816,34,0.010852027082946008
DMS,59,V15F,-0.170221019972142,34,0.010852027082946008
DMS,59,V15G,-4.40622556918039,34,0.010852027082946008
DMS,59,V15H,-7.2826118885557,34,0.010852027082946008
DMS,59,V15I,-4.6866803499768,34,0.010852027082946008
DMS,59,V15K,-7.09890722090606,34,0.010852027082946008
DMS,59,V15L,-3.63619214194219,34,0.010852027082946008
DMS,59,V15M,-5.90230273260176,34,0.010852027082946008
DMS,59,V15N,-7.27967268778044,34,0.010852027082946008
DMS,59,V15P,-8.71955914915247,34,0.010852027082946008
DMS,59,V15Q,-7.01387121872421,34,0.010852027082946008
DMS,59,V15R,-7.20657019530749,34,0.010852027082946008
DMS,59,V15S,-8.00781892784022,34,0.010852027082946008
DMS,59,V15T,-5.80187794473501,34,0.010852027082946008
DMS,59,V15W,-8.06105037390589,34,0.010852027082946008
DMS,59,V15Y,-0.545354740543966,34,0.010852027082946008
DMS,59,S16A,-5.01133568504216,34,0.010852027082946008
DMS,59,S16C,-0.0062463426801295,34,0.010852027082946008
DMS,59,S16D,-6.91660062438439,34,0.010852027082946008
DMS,59,S16E,-7.40175943924299,34,0.010852027082946008
DMS,59,S16F,-6.89214861301947,34,0.010852027082946008
DMS,59,S16G,-9.96578428466209,34,0.010852027082946008
DMS,59,S16H,-6.00499661942513,34,0.010852027082946008
DMS,59,S16I,-6.87809141321879,34,0.010852027082946008
DMS,59,S16K,-7.23325859800995,34,0.010852027082946008
DMS,59,S16L,-7.33135955526654,34,0.010852027082946008
DMS,59,S16M,-7.02562977509786,34,0.010852027082946008
DMS,59,S16N,-7.02695813264228,34,0.010852027082946008
DMS,59,S16P,-5.84182398935709,34,0.010852027082946008
DMS,59,S16Q,-7.51397800882244,34,0.010852027082946008
DMS,59,S16R,-7.4121755724605,34,0.010852027082946008
DMS,59,S16T,-2.18448240136174,34,0.010852027082946008
DMS,59,S16V,-7.09016666799985,34,0.010852027082946008
DMS,59,S16W,-7.46394896832957,34,0.010852027082946008
DMS,59,S16Y,-7.46189509465202,34,0.010852027082946008
DMS,59,Y17A,-4.41193080682308,34,0.010852027082946008
DMS,59,Y17C,-6.96485462606375,34,0.010852027082946008
DMS,59,Y17D,-7.18840103599668,34,0.010852027082946008
DMS,59,Y17E,-7.34961004218072,34,0.010852027082946008
DMS,59,Y17F,-5.80809668310133,34,0.010852027082946008
DMS,59,Y17G,-4.47830250865956,34,0.010852027082946008
DMS,59,Y17H,-0.795293621254862,34,0.010852027082946008
DMS,59,Y17I,-5.47146179475929,34,0.010852027082946008
DMS,59,Y17K,-5.64644810364867,34,0.010852027082946008
DMS,59,Y17L,-6.92485292782729,34,0.010852027082946008
DMS,59,Y17M,-7.17050199373883,34,0.010852027082946008
DMS,59,Y17N,-6.6320230252098,34,0.010852027082946008
DMS,59,Y17P,-5.23624114155297,34,0.010852027082946008
DMS,59,Y17Q,-6.46374203569783,34,0.010852027082946008
DMS,59,Y17R,-4.47993159800387,34,0.010852027082946008
DMS,59,Y17S,-5.10134639212073,34,0.010852027082946008
DMS,59,Y17T,-6.02836744143393,34,0.010852027082946008
DMS,59,Y17V,-6.93778628421682,34,0.010852027082946008
DMS,59,Y17W,-4.89944217744111,34,0.010852027082946008
DMS,59,Q18A,-2.04082417929126,34,0.010852027082946008
DMS,59,Q18C,-6.20000800755922,34,0.010852027082946008
DMS,59,Q18D,-6.49355928856942,34,0.010852027082946008
DMS,59,Q18E,-6.09644983440788,34,0.010852027082946008
DMS,59,Q18F,-7.33042522478693,34,0.010852027082946008
DMS,59,Q18G,-1.36579529930121,34,0.010852027082946008
DMS,59,Q18H,-5.3863427786986,34,0.010852027082946008
DMS,59,Q18I,-5.12929421053345,34,0.010852027082946008
DMS,59,Q18K,-5.41094582744725,34,0.010852027082946008
DMS,59,Q18L,-5.85143869709377,34,0.010852027082946008
DMS,59,Q18M,0.147867743913335,34,0.010852027082946008
DMS,59,Q18N,-2.98318824544907,34,0.010852027082946008
DMS,59,Q18P,-5.95346017162362,34,0.010852027082946008
DMS,59,Q18R,-5.05408860192141,34,0.010852027082946008
DMS,59,Q18S,-7.2826118885557,34,0.010852027082946008
DMS,59,Q18T,-5.04352653862594,34,0.010852027082946008
DMS,59,Q18V,-4.62212218481988,34,0.010852027082946008
DMS,59,Q18W,-7.54321403073395,34,0.010852027082946008
DMS,59,Q18Y,-6.54905690396356,34,0.010852027082946008
DMS,59,T19A,-5.84754138989845,34,0.010852027082946008
DMS,59,T19C,-6.70064798860878,34,0.010852027082946008
DMS,59,T19D,-8.79124338258082,34,0.010852027082946008
DMS,59,T19E,-7.87975508300034,34,0.010852027082946008
DMS,59,T19F,-7.46130750573525,34,0.010852027082946008
DMS,59,T19G,-7.40698074927193,34,0.010852027082946008
DMS,59,T19H,-7.24273428920278,34,0.010852027082946008
DMS,59,T19I,-5.34607504662565,34,0.010852027082946008
DMS,59,T19K,-7.50140647072091,34,0.010852027082946008
DMS,59,T19L,-6.03049770967747,34,0.010852027082946008
DMS,59,T19M,-7.49027520959451,34,0.010852027082946008
DMS,59,T19N,-5.74325159119156,34,0.010852027082946008
DMS,59,T19P,-6.04615927534999,34,0.010852027082946008
DMS,59,T19Q,-8.11512542189384,34,0.010852027082946008
DMS,59,T19R,-7.0945456594824,34,0.010852027082946008
DMS,59,T19S,-2.67302663131555,34,0.010852027082946008
DMS,59,T19V,-8.55058384354129,34,0.010852027082946008
DMS,59,T19W,-8.01465905399831,34,0.010852027082946008
DMS,59,T19Y,-8.14671015597938,34,0.010852027082946008
DMS,59,V20A,-4.54273988837603,34,0.010852027082946008
DMS,59,V20C,-1.16670452385443,34,0.010852027082946008
DMS,59,V20D,-7.43269464070901,34,0.010852027082946008
DMS,59,V20E,-5.9445597046837,34,0.010852027082946008
DMS,59,V20F,-6.52777851900354,34,0.010852027082946008
DMS,59,V20G,-5.17660008279536,34,0.010852027082946008
DMS,59,V20H,-6.44976526665245,34,0.010852027082946008
DMS,59,V20I,-2.77550782826298,34,0.010852027082946008
DMS,59,V20K,-7.01136091198022,34,0.010852027082946008
DMS,59,V20L,-6.59727987264483,34,0.010852027082946008
DMS,59,V20M,-8.01692692299261,34,0.010852027082946008
DMS,59,V20N,-7.42845375157846,34,0.010852027082946008
DMS,59,V20P,-5.99975598515402,34,0.010852027082946008
DMS,59,V20Q,-7.00821504573945,34,0.010852027082946008
DMS,59,V20R,-6.9299314667479,34,0.010852027082946008
DMS,59,V20S,-7.30295965277879,34,0.010852027082946008
DMS,59,V20T,-6.48323045930358,34,0.010852027082946008
DMS,59,V20W,-6.84944602335759,34,0.010852027082946008
DMS,59,V20Y,-6.6203095834006,34,0.010852027082946008
DMS,59,S21A,-5.76497349042754,34,0.010852027082946008
DMS,59,S21C,-7.63160315836845,34,0.010852027082946008
DMS,59,S21D,-6.36494917633882,34,0.010852027082946008
DMS,59,S21E,-6.85076378655775,34,0.010852027082946008
DMS,59,S21F,-6.21738385661898,34,0.010852027082946008
DMS,59,S21G,-6.38058280887022,34,0.010852027082946008
DMS,59,S21H,-5.7301652752381,34,0.010852027082946008
DMS,59,S21I,-6.60847912592881,34,0.010852027082946008
DMS,59,S21K,-6.8886505661469,34,0.010852027082946008
DMS,59,S21L,-6.82218891369781,34,0.010852027082946008
DMS,59,S21M,-7.49665107225449,34,0.010852027082946008
DMS,59,S21N,-6.99872379296327,34,0.010852027082946008
DMS,59,S21P,-5.21270233909659,34,0.010852027082946008
DMS,59,S21Q,-6.8886505661469,34,0.010852027082946008
DMS,59,S21R,-6.11543709311725,34,0.010852027082946008
DMS,59,S21T,-6.00460805856588,34,0.010852027082946008
DMS,59,S21V,-6.33751344806061,34,0.010852027082946008
DMS,59,S21W,-4.65604879779902,34,0.010852027082946008
DMS,59,S21Y,-5.40540901837851,34,0.010852027082946008
DMS,59,R22A,-5.63461966126448,34,0.010852027082946008
DMS,59,R22C,-5.78680213629326,34,0.010852027082946008
DMS,59,R22D,-5.98135346156085,34,0.010852027082946008
DMS,59,R22E,-7.21910778986701,34,0.010852027082946008
DMS,59,R22F,-6.81777363815561,34,0.010852027082946008
DMS,59,R22G,-5.44343245485765,34,0.010852027082946008
DMS,59,R22H,-5.24959078997986,34,0.010852027082946008
DMS,59,R22I,-6.42577657685873,34,0.010852027082946008
DMS,59,R22K,-6.21065539374023,34,0.010852027082946008
DMS,59,R22L,-6.84034510730497,34,0.010852027082946008
DMS,59,R22M,-7.4121755724605,34,0.010852027082946008
DMS,59,R22N,-7.21106478951782,34,0.010852027082946008
DMS,59,R22P,-6.55905795752356,34,0.010852027082946008
DMS,59,R22Q,-7.736445186824,34,0.010852027082946008
DMS,59,R22S,-5.76590332188683,34,0.010852027082946008
DMS,59,R22T,-6.83973580100622,34,0.010852027082946008
DMS,59,R22V,-7.60705426858474,34,0.010852027082946008
DMS,59,R22W,-7.72709512878485,34,0.010852027082946008
DMS,59,R22Y,-6.80005211715036,34,0.010852027082946008
DMS,59,V23A,-4.60556982480637,34,0.010852027082946008
DMS,59,V23C,-0.0151241761507589,34,0.010852027082946008
DMS,59,V23D,-7.01762608889577,34,0.010852027082946008
DMS,59,V23E,-5.9243036644928,34,0.010852027082946008
DMS,59,V23F,-6.95002004267759,34,0.010852027082946008
DMS,59,V23G,-4.1919617431629,34,0.010852027082946008
DMS,59,V23H,-6.48934455450788,34,0.010852027082946008
DMS,59,V23I,-4.07931765108726,34,0.010852027082946008
DMS,59,V23K,-6.60034470657492,34,0.010852027082946008
DMS,59,V23L,-6.07122166531336,34,0.010852027082946008
DMS,59,V23M,-4.43471064187881,34,0.010852027082946008
DMS,59,V23N,-7.65891493881485,34,0.010852027082946008
DMS,59,V23P,-7.09016666799985,34,0.010852027082946008
DMS,59,V23Q,-7.34250663603551,34,0.010852027082946008
DMS,59,V23R,-7.21181205751338,34,0.010852027082946008
DMS,59,V23S,-5.11757441428196,34,0.010852027082946008
DMS,59,V23T,0.111496944576495,34,0.010852027082946008
DMS,59,V23W,-6.30585582005258,34,0.010852027082946008
DMS,59,V23Y,-5.88219856470678,34,0.010852027082946008
DMS,59,V24A,0.343312330165444,34,0.010852027082946008
DMS,59,V24C,0.163654751646017,34,0.010852027082946008
DMS,59,V24D,-5.73390835059321,34,0.010852027082946008
DMS,59,V24E,-4.47215042264328,34,0.010852027082946008
DMS,59,V24F,-0.265734581617657,34,0.010852027082946008
DMS,59,V24G,-3.01739400423689,34,0.010852027082946008
DMS,59,V24H,0.0473002014976384,34,0.010852027082946008
DMS,59,V24I,0.349443006853921,34,0.010852027082946008
DMS,59,V24K,-3.35054631013855,34,0.010852027082946008
DMS,59,V24L,0.28978683304513,34,0.010852027082946008
DMS,59,V24M,0.17957782401398,34,0.010852027082946008
DMS,59,V24N,0.363952234908086,34,0.010852027082946008
DMS,59,V24P,-5.70452720621946,34,0.010852027082946008
DMS,59,V24Q,-0.0020828881486246,34,0.010852027082946008
DMS,59,V24R,-1.77874358382716,34,0.010852027082946008
DMS,59,V24S,-0.258516995424733,34,0.010852027082946008
DMS,59,V24T,0.017937425886813,34,0.010852027082946008
DMS,59,V24W,-0.118093608730694,34,0.010852027082946008
DMS,59,V24Y,-0.0172561825519004,34,0.010852027082946008
DMS,59,N25A,-4.69104336533902,34,0.010852027082946008
DMS,59,N25C,-5.02982423585477,34,0.010852027082946008
DMS,59,N25D,-6.22296321819699,34,0.010852027082946008
DMS,59,N25E,-6.64833377198352,34,0.010852027082946008
DMS,59,N25F,-7.33694801421241,34,0.010852027082946008
DMS,59,N25G,-5.02536532711794,34,0.010852027082946008
DMS,59,N25H,-1.86962040026407,34,0.010852027082946008
DMS,59,N25I,-6.33545106941781,34,0.010852027082946008
DMS,59,N25K,-5.55091971940173,34,0.010852027082946008
DMS,59,N25L,-6.99394770223625,34,0.010852027082946008
DMS,59,N25M,-5.66175603714295,34,0.010852027082946008
DMS,59,N25P,-8.11914133366608,34,0.010852027082946008
DMS,59,N25Q,-7.30542434932766,34,0.010852027082946008
DMS,59,N25R,-1.66933976971422,34,0.010852027082946008
DMS,59,N25S,-4.72243610973302,34,0.010852027082946008
DMS,59,N25T,-6.11139247849238,34,0.010852027082946008
DMS,59,N25V,-6.99872379296327,34,0.010852027082946008
DMS,59,N25W,-6.97949567855354,34,0.010852027082946008
DMS,59,N25Y,-5.34001754789126,34,0.010852027082946008
DMS,59,Q26A,0.404580581477833,34,0.010852027082946008
DMS,59,Q26C,0.25332751955046,34,0.010852027082946008
DMS,59,Q26D,0.353780393001351,34,0.010852027082946008
DMS,59,Q26E,0.250687698173787,34,0.010852027082946008
DMS,59,Q26F,-3.76512256549076,34,0.010852027082946008
DMS,59,Q26G,0.314304391354979,34,0.010852027082946008
DMS,59,Q26H,0.659598954213183,34,0.010852027082946008
DMS,59,Q26I,-5.6393714943384,34,0.010852027082946008
DMS,59,Q26K,0.244776957038758,34,0.010852027082946008
DMS,59,Q26L,-0.156858962294521,34,0.010852027082946008
DMS,59,Q26M,0.285978445409076,34,0.010852027082946008
DMS,59,Q26N,0.557383615520815,34,0.010852027082946008
DMS,59,Q26P,-4.69476847987514,34,0.010852027082946008
DMS,59,Q26R,0.0300940384249249,34,0.010852027082946008
DMS,59,Q26S,0.183751274908322,34,0.010852027082946008
DMS,59,Q26T,0.139960030270237,34,0.010852027082946008
DMS,59,Q26V,-1.1629715462348,34,0.010852027082946008
DMS,59,Q26W,-6.47162280290081,34,0.010852027082946008
DMS,59,Q26Y,0.360751648161283,34,0.010852027082946008
DMS,59,A27C,0.276974302741906,34,0.010852027082946008
DMS,59,A27D,-1.89518132758005,34,0.010852027082946008
DMS,59,A27E,-1.53923026206469,34,0.010852027082946008
DMS,59,A27F,0.175988205273267,34,0.010852027082946008
DMS,59,A27G,0.338887576217966,34,0.010852027082946008
DMS,59,A27H,0.017185446290334,34,0.010852027082946008
DMS,59,A27I,-1.53443768333223,34,0.010852027082946008
DMS,59,A27K,0.448266864413327,34,0.010852027082946008
DMS,59,A27L,-0.14718246251295,34,0.010852027082946008
DMS,59,A27M,0.304650964901449,34,0.010852027082946008
DMS,59,A27N,0.278932708199265,34,0.010852027082946008
DMS,59,A27P,-1.64100056767015,34,0.010852027082946008
DMS,59,A27Q,0.445086967008197,34,0.010852027082946008
DMS,59,A27R,0.414494459214458,34,0.010852027082946008
DMS,59,A27S,0.121463193795507,34,0.010852027082946008
DMS,59,A27T,-0.0185745857406955,34,0.010852027082946008
DMS,59,A27V,0.568634465857958,34,0.010852027082946008
DMS,59,A27W,-2.94888159151601,34,0.010852027082946008
DMS,59,A27Y,0.377996153749088,34,0.010852027082946008
DMS,59,S28A,0.781837203678306,34,0.010852027082946008
DMS,59,S28C,0.415686367557892,34,0.010852027082946008
DMS,59,S28D,0.158202708623211,34,0.010852027082946008
DMS,59,S28E,0.429036351011171,34,0.010852027082946008
DMS,59,S28F,0.18798527893851,34,0.010852027082946008
DMS,59,S28G,0.474246010970887,34,0.010852027082946008
DMS,59,S28H,0.411353893563458,34,0.010852027082946008
DMS,59,S28I,0.204520607813065,34,0.010852027082946008
DMS,59,S28K,0.0354275403352096,34,0.010852027082946008
DMS,59,S28L,0.314125047663749,34,0.010852027082946008
DMS,59,S28M,0.315042087310486,34,0.010852027082946008
DMS,59,S28N,0.284667790357666,34,0.010852027082946008
DMS,59,S28P,0.249274868124543,34,0.010852027082946008
DMS,59,S28Q,0.0754301407284808,34,0.010852027082946008
DMS,59,S28R,0.496904228476539,34,0.010852027082946008
DMS,59,S28T,0.148781292355565,34,0.010852027082946008
DMS,59,S28V,0.301913416473145,34,0.010852027082946008
DMS,59,S28W,-0.700934802238952,34,0.010852027082946008
DMS,59,S28Y,0.260095125853692,34,0.010852027082946008
DMS,59,H29A,0.451027875421086,34,0.010852027082946008
DMS,59,H29C,0.252593269304602,34,0.010852027082946008
DMS,59,H29D,-4.5365781799349,34,0.010852027082946008
DMS,59,H29E,-4.2163716819105,34,0.010852027082946008
DMS,59,H29F,-0.436705406831458,34,0.010852027082946008
DMS,59,H29G,0.577145405704327,34,0.010852027082946008
DMS,59,H29I,-1.17264385576306,34,0.010852027082946008
DMS,59,H29K,0.347021140783285,34,0.010852027082946008
DMS,59,H29L,-1.37924030062657,34,0.010852027082946008
DMS,59,H29M,-0.203022148130025,34,0.010852027082946008
DMS,59,H29N,0.43904342037772,34,0.010852027082946008
DMS,59,H29P,-1.65728431888033,34,0.010852027082946008
DMS,59,H29Q,0.0383724126150644,34,0.010852027082946008
DMS,59,H29R,-1.0240849278466,34,0.010852027082946008
DMS,59,H29S,0.440058552418976,34,0.010852027082946008
DMS,59,H29T,-0.225605544315734,34,0.010852027082946008
DMS,59,H29V,-0.0366604159255822,34,0.010852027082946008
DMS,59,H29W,-5.67371555543173,34,0.010852027082946008
DMS,59,H29Y,-0.014168694651133,34,0.010852027082946008
DMS,59,V30A,-5.64259289142425,34,0.010852027082946008
DMS,59,V30C,-5.81752958538252,34,0.010852027082946008
DMS,59,V30D,-5.13949969096501,34,0.010852027082946008
DMS,59,V30E,-7.25786491317696,34,0.010852027082946008
DMS,59,V30F,-7.53407430510308,34,0.010852027082946008
DMS,59,V30G,-5.66175603714295,34,0.010852027082946008
DMS,59,V30H,-7.30439809617591,34,0.010852027082946008
DMS,59,V30I,-1.16567738256374,34,0.010852027082946008
DMS,59,V30K,-7.69847367164355,34,0.010852027082946008
DMS,59,V30L,-5.38559005991915,34,0.010852027082946008
DMS,59,V30M,-7.09367125957114,34,0.010852027082946008
DMS,59,V30N,-6.87809141321879,34,0.010852027082946008
DMS,59,V30P,-6.19196228141191,34,0.010852027082946008
DMS,59,V30Q,-6.28772535472588,34,0.010852027082946008
DMS,59,V30R,-7.94613552116037,34,0.010852027082946008
DMS,59,V30S,-6.59050928067851,34,0.010852027082946008
DMS,59,V30T,-4.84864902561441,34,0.010852027082946008
DMS,59,V30W,-7.23149998075402,34,0.010852027082946008
DMS,59,V30Y,-7.30679112634491,34,0.010852027082946008
DMS,59,S31A,0.5622812042094,34,0.010852027082946008
DMS,59,S31C,-5.66670914995621,34,0.010852027082946008
DMS,59,S31D,-6.86743345588816,34,0.010852027082946008
DMS,59,S31E,-5.73929601294543,34,0.010852027082946008
DMS,59,S31F,-7.1359953514344,34,0.010852027082946008
DMS,59,S31G,-1.49732512638194,34,0.010852027082946008
DMS,59,S31H,-1.93121688232441,34,0.010852027082946008
DMS,59,S31I,-9.96578428466209,34,0.010852027082946008
DMS,59,S31K,0.547548981556276,34,0.010852027082946008
DMS,59,S31L,-7.20657019530749,34,0.010852027082946008
DMS,59,S31M,-6.74315909489891,34,0.010852027082946008
DMS,59,S31N,-4.11425955842401,34,0.010852027082946008
DMS,59,S31P,-4.93295594722999,34,0.010852027082946008
DMS,59,S31Q,-4.62239672653611,34,0.010852027082946008
DMS,59,S31R,0.376831775663862,34,0.010852027082946008
DMS,59,S31T,0.184188123608606,34,0.010852027082946008
DMS,59,S31V,-6.63414033559051,34,0.010852027082946008
DMS,59,S31W,-7.27770865969976,34,0.010852027082946008
DMS,59,S31Y,-6.0526515566165,34,0.010852027082946008
DMS,59,A32C,0.265751742798946,34,0.010852027082946008
DMS,59,A32D,0.43053882537934,34,0.010852027082946008
DMS,59,A32E,0.4742254152893,34,0.010852027082946008
DMS,59,A32F,0.315930751099489,34,0.010852027082946008
DMS,59,A32G,0.426591287500436,34,0.010852027082946008
DMS,59,A32H,0.33632337761555,34,0.010852027082946008
DMS,59,A32I,0.281096391319659,34,0.010852027082946008
DMS,59,A32K,0.314086784790713,34,0.010852027082946008
DMS,59,A32L,0.283008562666113,34,0.010852027082946008
DMS,59,A32M,0.0170784277319671,34,0.010852027082946008
DMS,59,A32N,0.232206119333903,34,0.010852027082946008
DMS,59,A32P,0.550495496589045,34,0.010852027082946008
DMS,59,A32Q,0.625878126748448,34,0.010852027082946008
DMS,59,A32R,0.430821897615111,34,0.010852027082946008
DMS,59,A32S,0.325047238280909,34,0.010852027082946008
DMS,59,A32T,0.388822840221153,34,0.010852027082946008
DMS,59,A32V,0.363696008242775,34,0.010852027082946008
DMS,59,A32W,0.415770699567496,34,0.010852027082946008
DMS,59,A32Y,0.49278962297646,34,0.010852027082946008
DMS,59,K33A,0.67082687208593,34,0.010852027082946008
DMS,59,K33C,0.164843911573138,34,0.010852027082946008
DMS,59,K33D,-1.36440011514303,34,0.010852027082946008
DMS,59,K33E,-0.0830991554081663,34,0.010852027082946008
DMS,59,K33F,0.168891041561529,34,0.010852027082946008
DMS,59,K33G,0.371661778373838,34,0.010852027082946008
DMS,59,K33H,0.47577716017814,34,0.010852027082946008
DMS,59,K33I,0.488592635398733,34,0.010852027082946008
DMS,59,K33L,0.466968413962821,34,0.010852027082946008
DMS,59,K33M,0.274904607540503,34,0.010852027082946008
DMS,59,K33N,0.315391932113436,34,0.010852027082946008
DMS,59,K33P,0.182463138710529,34,0.010852027082946008
DMS,59,K33Q,0.468926378858692,34,0.010852027082946008
DMS,59,K33R,0.551653488267675,34,0.010852027082946008
DMS,59,K33S,0.351282996328668,34,0.010852027082946008
DMS,59,K33T,0.244032200024267,34,0.010852027082946008
DMS,59,K33V,0.432967403856397,34,0.010852027082946008
DMS,59,K33W,-1.19527985402998,34,0.010852027082946008
DMS,59,K33Y,0.313807579970465,34,0.010852027082946008
DMS,59,T34A,-0.9319580643357,34,0.010852027082946008
DMS,59,T34C,-3.11983292937101,34,0.010852027082946008
DMS,59,T34D,-7.15820590419379,34,0.010852027082946008
DMS,59,T34E,-5.83927474087404,34,0.010852027082946008
DMS,59,T34F,-9.12389431244711,34,0.010852027082946008
DMS,59,T34G,-8.98758656638106,34,0.010852027082946008
DMS,59,T34H,-6.48981358719285,34,0.010852027082946008
DMS,59,T34I,-6.33079800613725,34,0.010852027082946008
DMS,59,T34K,-6.20321179916258,34,0.010852027082946008
DMS,59,T34L,-6.21559315741936,34,0.010852027082946008
DMS,59,T34M,0.463816261039405,34,0.010852027082946008
DMS,59,T34N,-5.94024330100311,34,0.010852027082946008
DMS,59,T34P,-5.49996898035228,34,0.010852027082946008
DMS,59,T34Q,-6.92485292782729,34,0.010852027082946008
DMS,59,T34R,-6.38351814413755,34,0.010852027082946008
DMS,59,T34S,-1.3873018325839,34,0.010852027082946008
DMS,59,T34V,-5.39426553035412,34,0.010852027082946008
DMS,59,T34W,-6.66930867130184,34,0.010852027082946008
DMS,59,T34Y,-7.35809646027632,34,0.010852027082946008
DMS,59,R35A,-0.716410562222806,34,0.010852027082946008
DMS,59,R35C,-3.23760559118058,34,0.010852027082946008
DMS,59,R35D,-6.88338323636204,34,0.010852027082946008
DMS,59,R35E,-7.2376424796247,34,0.010852027082946008
DMS,59,R35F,-4.24175629713474,34,0.010852027082946008
DMS,59,R35G,-5.72082176180022,34,0.010852027082946008
DMS,59,R35H,-3.69957605155207,34,0.010852027082946008
DMS,59,R35I,-1.51326772087799,34,0.010852027082946008
DMS,59,R35K,0.0865016887973276,34,0.010852027082946008
DMS,59,R35L,-1.53109342742423,34,0.010852027082946008
DMS,59,R35M,-1.07569653000887,34,0.010852027082946008
DMS,59,R35N,-7.33973103722069,34,0.010852027082946008
DMS,59,R35P,-6.5119307433418,34,0.010852027082946008
DMS,59,R35Q,0.130670351899003,34,0.010852027082946008
DMS,59,R35S,-4.10249679059786,34,0.010852027082946008
DMS,59,R35T,-1.70198099012676,34,0.010852027082946008
DMS,59,R35V,-2.81863539862637,34,0.010852027082946008
DMS,59,R35W,-4.13417717460427,34,0.010852027082946008
DMS,59,R35Y,-3.01450596053059,34,0.010852027082946008
DMS,59,E36A,0.346814058343712,34,0.010852027082946008
DMS,59,E36C,0.391641265826093,34,0.010852027082946008
DMS,59,E36D,0.161707018878686,34,0.010852027082946008
DMS,59,E36F,0.472601993401989,34,0.010852027082946008
DMS,59,E36G,0.36514312674103,34,0.010852027082946008
DMS,59,E36H,0.272531348053646,34,0.010852027082946008
DMS,59,E36I,0.375617733368325,34,0.010852027082946008
DMS,59,E36K,0.43428817982862,34,0.010852027082946008
DMS,59,E36L,0.398745816216991,34,0.010852027082946008
DMS,59,E36M,0.550556235635999,34,0.010852027082946008
DMS,59,E36N,0.286482362588328,34,0.010852027082946008
DMS,59,E36P,-6.80005211715036,34,0.010852027082946008
DMS,59,E36Q,0.271477260346967,34,0.010852027082946008
DMS,59,E36R,0.454053418483717,34,0.010852027082946008
DMS,59,E36S,0.453660071661965,34,0.010852027082946008
DMS,59,E36T,0.751906585216751,34,0.010852027082946008
DMS,59,E36V,0.410360353200381,34,0.010852027082946008
DMS,59,E36W,0.318184706830399,34,0.010852027082946008
DMS,59,E36Y,0.395191200244901,34,0.010852027082946008
DMS,59,K37A,0.376616260055816,34,0.010852027082946008
DMS,59,K37C,-0.108322061473129,34,0.010852027082946008
DMS,59,K37D,-5.68331728838518,34,0.010852027082946008
DMS,59,K37E,-3.83724189557452,34,0.010852027082946008
DMS,59,K37F,-6.90430762801887,34,0.010852027082946008
DMS,59,K37G,-5.13304969911243,34,0.010852027082946008
DMS,59,K37H,0.0894412268632452,34,0.010852027082946008
DMS,59,K37I,0.174236584493568,34,0.010852027082946008
DMS,59,K37L,0.304640237234889,34,0.010852027082946008
DMS,59,K37M,0.447529441655322,34,0.010852027082946008
DMS,59,K37N,0.298922345317914,34,0.010852027082946008
DMS,59,K37P,-6.28273406100017,34,0.010852027082946008
DMS,59,K37Q,-0.0774253536647645,34,0.010852027082946008
DMS,59,K37R,0.696474177092754,34,0.010852027082946008
DMS,59,K37S,-0.449756144068552,34,0.010852027082946008
DMS,59,K37T,-0.0885354648490126,34,0.010852027082946008
DMS,59,K37V,0.517835893049108,34,0.010852027082946008
DMS,59,K37W,-6.94464671262323,34,0.010852027082946008
DMS,59,K37Y,-5.9858696390813,34,0.010852027082946008
DMS,59,V38A,-5.82258038794498,34,0.010852027082946008
DMS,59,V38C,-2.62156852044533,34,0.010852027082946008
DMS,59,V38D,-8.80454981419251,34,0.010852027082946008
DMS,59,V38E,-5.21512880252645,34,0.010852027082946008
DMS,59,V38F,-6.80005211715036,34,0.010852027082946008
DMS,59,V38G,-5.29818794989507,34,0.010852027082946008
DMS,59,V38H,-6.40962292351347,34,0.010852027082946008
DMS,59,V38I,-1.26169197404414,34,0.010852027082946008
DMS,59,V38K,-7.38060453224098,34,0.010852027082946008
DMS,59,V38L,-6.11543709311725,34,0.010852027082946008
DMS,59,V38M,-6.24206095604584,34,0.010852027082946008
DMS,59,V38N,-6.85125755674094,34,0.010852027082946008
DMS,59,V38P,-7.87443687851032,34,0.010852027082946008
DMS,59,V38Q,-6.66567320594886,34,0.010852027082946008
DMS,59,V38R,-6.92428723397998,34,0.010852027082946008
DMS,59,V38S,-7.26410617013849,34,0.010852027082946008
DMS,59,V38T,-7.27770865969976,34,0.010852027082946008
DMS,59,V38W,-6.80508806904079,34,0.010852027082946008
DMS,59,V38Y,-6.93498726554877,34,0.010852027082946008
DMS,59,E39A,0.381309763575509,34,0.010852027082946008
DMS,59,E39C,0.574206902683206,34,0.010852027082946008
DMS,59,E39D,-0.255065693388511,34,0.010852027082946008
DMS,59,E39F,0.183377327643064,34,0.010852027082946008
DMS,59,E39G,0.200255660299226,34,0.010852027082946008
DMS,59,E39H,0.361252153636312,34,0.010852027082946008
DMS,59,E39I,0.486717467819884,34,0.010852027082946008
DMS,59,E39K,0.219758101643051,34,0.010852027082946008
DMS,59,E39L,0.36595303300335,34,0.010852027082946008
DMS,59,E39M,0.663613005764099,34,0.010852027082946008
DMS,59,E39N,0.444354472643482,34,0.010852027082946008
DMS,59,E39P,-6.99326373224904,34,0.010852027082946008
DMS,59,E39Q,0.374758457537496,34,0.010852027082946008
DMS,59,E39R,0.328529199897086,34,0.010852027082946008
DMS,59,E39S,0.341832281716512,34,0.010852027082946008
DMS,59,E39T,0.425497761724514,34,0.010852027082946008
DMS,59,E39V,0.401494120490748,34,0.010852027082946008
DMS,59,E39W,-0.552916629222056,34,0.010852027082946008
DMS,59,E39Y,-0.364761852162574,34,0.010852027082946008
DMS,59,A40C,0.448708421629126,34,0.010852027082946008
DMS,59,A40D,0.265119980994226,34,0.010852027082946008
DMS,59,A40E,0.263543956365641,34,0.010852027082946008
DMS,59,A40F,0.224491654937192,34,0.010852027082946008
DMS,59,A40G,0.23051305693372,34,0.010852027082946008
DMS,59,A40H,0.688130203717039,34,0.010852027082946008
DMS,59,A40I,0.23336593812313,34,0.010852027082946008
DMS,59,A40K,0.344821834313615,34,0.010852027082946008
DMS,59,A40L,0.485411880524554,34,0.010852027082946008
DMS,59,A40M,0.399158071611444,34,0.010852027082946008
DMS,59,A40N,0.245341688768635,34,0.010852027082946008
DMS,59,A40P,-4.73179937652876,34,0.010852027082946008
DMS,59,A40Q,0.49145856702314,34,0.010852027082946008
DMS,59,A40R,0.532139809821891,34,0.010852027082946008
DMS,59,A40S,0.576020900817988,34,0.010852027082946008
DMS,59,A40T,0.274100251918958,34,0.010852027082946008
DMS,59,A40V,0.442372796389702,34,0.010852027082946008
DMS,59,A40W,0.217758583524806,34,0.010852027082946008
DMS,59,A40Y,0.22360231747256,34,0.010852027082946008
DMS,59,A41C,0.508300846262429,34,0.010852027082946008
DMS,59,A41D,-5.48554232664677,34,0.010852027082946008
DMS,59,A41E,-6.4914537650205,34,0.010852027082946008
DMS,59,A41F,-7.1359953514344,34,0.010852027082946008
DMS,59,A41G,-4.18930989621171,34,0.010852027082946008
DMS,59,A41H,-6.99235112008149,34,0.010852027082946008
DMS,59,A41I,-1.51858531674838,34,0.010852027082946008
DMS,59,A41K,-4.85027236404522,34,0.010852027082946008
DMS,59,A41L,-7.85420759556704,34,0.010852027082946008
DMS,59,A41M,-5.19429763615735,34,0.010852027082946008
DMS,59,A41N,-7.04843228005703,34,0.010852027082946008
DMS,59,A41P,-6.12013940186144,34,0.010852027082946008
DMS,59,A41Q,-6.37813129299462,34,0.010852027082946008
DMS,59,A41R,-5.59374107860933,34,0.010852027082946008
DMS,59,A41S,-0.301297009652837,34,0.010852027082946008
DMS,59,A41T,-0.457773204045728,34,0.010852027082946008
DMS,59,A41V,0.240553504358306,34,0.010852027082946008
DMS,59,A41W,-4.90151413360343,34,0.010852027082946008
DMS,59,A41Y,-5.99370039862028,34,0.010852027082946008
DMS,59,M42A,-1.14582706311451,34,0.010852027082946008
DMS,59,M42C,0.242819758289272,34,0.010852027082946008
DMS,59,M42D,-8.3181995269374,34,0.010852027082946008
DMS,59,M42E,-6.70345591272319,34,0.010852027082946008
DMS,59,M42F,-2.14045199635046,34,0.010852027082946008
DMS,59,M42G,-6.0326868940197,34,0.010852027082946008
DMS,59,M42H,-6.3687703994283,34,0.010852027082946008
DMS,59,M42I,0.148909651358775,34,0.010852027082946008
DMS,59,M42K,-4.9724564297711,34,0.010852027082946008
DMS,59,M42L,0.184902730492344,34,0.010852027082946008
DMS,59,M42N,-6.7567109802123,34,0.010852027082946008
DMS,59,M42P,-6.4507343821225,34,0.010852027082946008
DMS,59,M42Q,-8.22413456100031,34,0.010852027082946008
DMS,59,M42R,-3.98762901489923,34,0.010852027082946008
DMS,59,M42S,-5.90024769764807,34,0.010852027082946008
DMS,59,M42T,-5.38478982807961,34,0.010852027082946008
DMS,59,M42V,0.0030019267264176,34,0.010852027082946008
DMS,59,M42W,-5.73570672650818,34,0.010852027082946008
DMS,59,M42Y,-6.89015104741879,34,0.010852027082946008
DMS,59,A43C,0.205580094626517,34,0.010852027082946008
DMS,59,A43D,0.147830023656162,34,0.010852027082946008
DMS,59,A43E,0.30608697341725,34,0.010852027082946008
DMS,59,A43F,0.121607475347145,34,0.010852027082946008
DMS,59,A43G,0.0490260363189907,34,0.010852027082946008
DMS,59,A43H,0.159086437902528,34,0.010852027082946008
DMS,59,A43I,0.232315165785968,34,0.010852027082946008
DMS,59,A43K,0.246830778782055,34,0.010852027082946008
DMS,59,A43L,0.202004213181317,34,0.010852027082946008
DMS,59,A43M,0.225841652351473,34,0.010852027082946008
DMS,59,A43N,0.228320141992677,34,0.010852027082946008
DMS,59,A43P,-4.61577529117931,34,0.010852027082946008
DMS,59,A43Q,0.195857466192638,34,0.010852027082946008
DMS,59,A43R,0.287789366170205,34,0.010852027082946008
DMS,59,A43S,0.219446869949461,34,0.010852027082946008
DMS,59,A43T,0.288439520354929,34,0.010852027082946008
DMS,59,A43V,0.420649267322615,34,0.010852027082946008
DMS,59,A43W,-0.006421426471524,34,0.010852027082946008
DMS,59,A43Y,0.282403712525333,34,0.010852027082946008
DMS,59,E44A,0.518378566643784,34,0.010852027082946008
DMS,59,E44C,0.0870941950967887,34,0.010852027082946008
DMS,59,E44D,0.288134758993794,34,0.010852027082946008
DMS,59,E44F,-0.699786524115505,34,0.010852027082946008
DMS,59,E44G,-0.185480123070533,34,0.010852027082946008
DMS,59,E44H,0.471143660666835,34,0.010852027082946008
DMS,59,E44I,0.198471805502461,34,0.010852027082946008
DMS,59,E44K,0.313604055061326,34,0.010852027082946008
DMS,59,E44L,-0.309858065119237,34,0.010852027082946008
DMS,59,E44M,0.283145038915009,34,0.010852027082946008
DMS,59,E44N,0.0732780808942103,34,0.010852027082946008
DMS,59,E44P,-7.14576848129737,34,0.010852027082946008
DMS,59,E44Q,0.405996770412393,34,0.010852027082946008
DMS,59,E44R,0.0919038761541618,34,0.010852027082946008
DMS,59,E44S,0.210252532993389,34,0.010852027082946008
DMS,59,E44T,0.12803605242484,34,0.010852027082946008
DMS,59,E44V,0.0898315469960974,34,0.010852027082946008
DMS,59,E44W,-6.67942857767699,34,0.010852027082946008
DMS,59,E44Y,0.424951754558458,34,0.010852027082946008
DMS,59,L45A,-7.54093699671798,34,0.010852027082946008
DMS,59,L45C,-3.47084159848818,34,0.010852027082946008
DMS,59,L45D,-6.78225120560051,34,0.010852027082946008
DMS,59,L45E,-6.07895959811764,34,0.010852027082946008
DMS,59,L45F,-5.41904638867681,34,0.010852027082946008
DMS,59,L45G,-6.84283435583468,34,0.010852027082946008
DMS,59,L45H,-6.25917088238813,34,0.010852027082946008
DMS,59,L45I,-2.5030829380948,34,0.010852027082946008
DMS,59,L45K,-7.4627171453885,34,0.010852027082946008
DMS,59,L45M,0.0004010543164892,34,0.010852027082946008
DMS,59,L45N,-7.62290697484126,34,0.010852027082946008
DMS,59,L45P,-4.16905490749229,34,0.010852027082946008
DMS,59,L45Q,-5.62803361296238,34,0.010852027082946008
DMS,59,L45R,-5.83452697882687,34,0.010852027082946008
DMS,59,L45S,-7.21910778986701,34,0.010852027082946008
DMS,59,L45T,-4.28480718498827,34,0.010852027082946008
DMS,59,L45V,-5.99891171805529,34,0.010852027082946008
DMS,59,L45W,-7.04843228005703,34,0.010852027082946008
DMS,59,L45Y,-5.86228868781133,34,0.010852027082946008
DMS,59,N46A,0.278513002397411,34,0.010852027082946008
DMS,59,N46C,0.484877435905697,34,0.010852027082946008
DMS,59,N46D,-1.29377783254783,34,0.010852027082946008
DMS,59,N46E,-0.864825724717178,34,0.010852027082946008
DMS,59,N46F,-5.08968633512099,34,0.010852027082946008
DMS,59,N46G,-0.888441331124453,34,0.010852027082946008
DMS,59,N46H,0.334170674878526,34,0.010852027082946008
DMS,59,N46I,-5.30308200800006,34,0.010852027082946008
DMS,59,N46K,0.297063634459211,34,0.010852027082946008
DMS,59,N46L,-3.59365110893872,34,0.010852027082946008
DMS,59,N46M,0.101242806171412,34,0.010852027082946008
DMS,59,N46P,-7.38060453224098,34,0.010852027082946008
DMS,59,N46Q,0.569658683734831,34,0.010852027082946008
DMS,59,N46R,0.525488571281164,34,0.010852027082946008
DMS,59,N46S,0.329925842542283,34,0.010852027082946008
DMS,59,N46T,-0.813988314673381,34,0.010852027082946008
DMS,59,N46V,-4.59265478953007,34,0.010852027082946008
DMS,59,N46W,-6.81260097061428,34,0.010852027082946008
DMS,59,N46Y,-0.300956051032055,34,0.010852027082946008
DMS,59,Y47A,-6.78991378355803,34,0.010852027082946008
DMS,59,Y47C,-4.82777825150271,34,0.010852027082946008
DMS,59,Y47D,-7.25068674801095,34,0.010852027082946008
DMS,59,Y47E,-6.99872379296327,34,0.010852027082946008
DMS,59,Y47F,-4.52945996963674,34,0.010852027082946008
DMS,59,Y47G,-6.00984361349397,34,0.010852027082946008
DMS,59,Y47H,-5.79197445355606,34,0.010852027082946008
DMS,59,Y47I,-5.77614614571899,34,0.010852027082946008
DMS,59,Y47K,-7.18840103599668,34,0.010852027082946008
DMS,59,Y47L,-7.30951934537963,34,0.010852027082946008
DMS,59,Y47M,-6.03570176212826,34,0.010852027082946008
DMS,59,Y47N,-6.14129412799262,34,0.010852027082946008
DMS,59,Y47P,-6.5756019354272,34,0.010852027082946008
DMS,59,Y47Q,-6.85667500586565,34,0.010852027082946008
DMS,59,Y47R,-6.18566837871802,34,0.010852027082946008
DMS,59,Y47S,-6.66421586885746,34,0.010852027082946008
DMS,59,Y47T,-7.12471739442543,34,0.010852027082946008
DMS,59,Y47V,-6.61494673762469,34,0.010852027082946008
DMS,59,Y47W,0.228633218100601,34,0.010852027082946008
DMS,59,I48A,-8.22938394151842,34,0.010852027082946008
DMS,59,I48C,-6.56555904132068,34,0.010852027082946008
DMS,59,I48D,-7.50613936406375,34,0.010852027082946008
DMS,59,I48E,-6.47162280290081,34,0.010852027082946008
DMS,59,I48F,-4.47505701052046,34,0.010852027082946008
DMS,59,I48G,-6.85667500586565,34,0.010852027082946008
DMS,59,I48H,-6.55994290116008,34,0.010852027082946008
DMS,59,I48K,-6.11292197535556,34,0.010852027082946008
DMS,59,I48L,-2.99211916254299,34,0.010852027082946008
DMS,59,I48M,-2.71378851009536,34,0.010852027082946008
DMS,59,I48N,-5.27787711740892,34,0.010852027082946008
DMS,59,I48P,-6.26510392043531,34,0.010852027082946008
DMS,59,I48Q,-5.03440712848741,34,0.010852027082946008
DMS,59,I48R,-5.54694735073118,34,0.010852027082946008
DMS,59,I48S,-4.40260003865003,34,0.010852027082946008
DMS,59,I48T,-3.53525960679521,34,0.010852027082946008
DMS,59,I48V,-0.19429057822335,34,0.010852027082946008
DMS,59,I48W,-9.06875707819841,34,0.010852027082946008
DMS,59,I48Y,-5.52591246169321,34,0.010852027082946008
DMS,59,P49A,-5.60340184482823,34,0.010852027082946008
DMS,59,P49C,-8.22763808322165,34,0.010852027082946008
DMS,59,P49D,-7.40175943924299,34,0.010852027082946008
DMS,59,P49E,-2.50609344901663,34,0.010852027082946008
DMS,59,P49F,-7.57013636783256,34,0.010852027082946008
DMS,59,P49G,-6.95200933486471,34,0.010852027082946008
DMS,59,P49H,-5.61710133441075,34,0.010852027082946008
DMS,59,P49I,-6.81260097061428,34,0.010852027082946008
DMS,59,P49K,-8.56052732285807,34,0.010852027082946008
DMS,59,P49L,-6.09986151925023,34,0.010852027082946008
DMS,59,P49M,-6.73718012690098,34,0.010852027082946008
DMS,59,P49N,-6.00110564541445,34,0.010852027082946008
DMS,59,P49Q,-5.18571717734346,34,0.010852027082946008
DMS,59,P49R,-6.21738385661898,34,0.010852027082946008
DMS,59,P49S,-4.56645497514153,34,0.010852027082946008
DMS,59,P49T,-5.90533457869441,34,0.010852027082946008
DMS,59,P49V,-6.84497461045404,34,0.010852027082946008
DMS,59,P49W,-6.97301214498941,34,0.010852027082946008
DMS,59,P49Y,-7.96076615572291,34,0.010852027082946008
DMS,59,N50A,-6.860990554827,34,0.010852027082946008
DMS,59,N50C,0.0256369769670493,34,0.010852027082946008
DMS,59,N50D,-5.97004038580387,34,0.010852027082946008
DMS,59,N50E,-7.40698074927193,34,0.010852027082946008
DMS,59,N50F,-4.70959396933608,34,0.010852027082946008
DMS,59,N50G,-6.14396586799487,34,0.010852027082946008
DMS,59,N50H,-4.8733928187357,34,0.010852027082946008
DMS,59,N50I,-5.82258038794498,34,0.010852027082946008
DMS,59,N50K,-4.29310335585118,34,0.010852027082946008
DMS,59,N50L,-5.83577808933155,34,0.010852027082946008
DMS,59,N50M,-5.47440270849762,34,0.010852027082946008
DMS,59,N50P,-5.58911554506111,34,0.010852027082946008
DMS,59,N50Q,-7.120457860844,34,0.010852027082946008
DMS,59,N50R,-6.16338625811579,34,0.010852027082946008
DMS,59,N50S,0.0262386376110911,34,0.010852027082946008
DMS,59,N50T,-2.41667397437871,34,0.010852027082946008
DMS,59,N50V,-7.28051329583549,34,0.010852027082946008
DMS,59,N50W,-0.999526106389445,34,0.010852027082946008
DMS,59,N50Y,-3.35925325512897,34,0.010852027082946008
DMS,59,R51A,0.0909224540901285,34,0.010852027082946008
DMS,59,R51C,-4.49972337484223,34,0.010852027082946008
DMS,59,R51D,-6.54436095518853,34,0.010852027082946008
DMS,59,R51E,-5.97590174803832,34,0.010852027082946008
DMS,59,R51F,-1.49453751717665,34,0.010852027082946008
DMS,59,R51G,-4.37777329116079,34,0.010852027082946008
DMS,59,R51H,-2.41235940321647,34,0.010852027082946008
DMS,59,R51I,-3.10487983871567,34,0.010852027082946008
DMS,59,R51K,0.155951459578575,34,0.010852027082946008
DMS,59,R51L,-1.58038097634153,34,0.010852027082946008
DMS,59,R51M,-1.77528537244307,34,0.010852027082946008
DMS,59,R51N,-4.85926886181556,34,0.010852027082946008
DMS,59,R51P,-4.83486313376513,34,0.010852027082946008
DMS,59,R51Q,-2.35134218747941,34,0.010852027082946008
DMS,59,R51S,-3.41152685108915,34,0.010852027082946008
DMS,59,R51T,-4.41344823587258,34,0.010852027082946008
DMS,59,R51V,-2.23374986598847,34,0.010852027082946008
DMS,59,R51W,-0.148210110659782,34,0.010852027082946008
DMS,59,R51Y,-2.65773536510555,34,0.010852027082946008
DMS,59,V52A,0.364067741022816,34,0.010852027082946008
DMS,59,V52C,0.372428503507766,34,0.010852027082946008
DMS,59,V52D,-4.48102610361943,34,0.010852027082946008
DMS,59,V52E,-3.51529388591893,34,0.010852027082946008
DMS,59,V52F,0.431015474337288,34,0.010852027082946008
DMS,59,V52G,-0.0383855309567942,34,0.010852027082946008
DMS,59,V52H,0.335533854596111,34,0.010852027082946008
DMS,59,V52I,0.415560286268771,34,0.010852027082946008
DMS,59,V52K,-4.92936498268295,34,0.010852027082946008
DMS,59,V52L,0.406294738392827,34,0.010852027082946008
DMS,59,V52M,0.333284824940928,34,0.010852027082946008
DMS,59,V52N,0.532219618822013,34,0.010852027082946008
DMS,59,V52P,0.239898193632608,34,0.010852027082946008
DMS,59,V52Q,-0.188092980817843,34,0.010852027082946008
DMS,59,V52R,-4.32706222527183,34,0.010852027082946008
DMS,59,V52S,0.32270658962882,34,0.010852027082946008
DMS,59,V52T,-2.72067937718907,34,0.010852027082946008
DMS,59,V52W,0.282164279133901,34,0.010852027082946008
DMS,59,V52Y,0.333722241906975,34,0.010852027082946008
DMS,59,A53C,-7.42419513352144,34,0.010852027082946008
DMS,59,A53D,-7.74015921532069,34,0.010852027082946008
DMS,59,A53E,-4.63154593673191,34,0.010852027082946008
DMS,59,A53F,-6.89493931844787,34,0.010852027082946008
DMS,59,A53G,-6.27835005956508,34,0.010852027082946008
DMS,59,A53H,-8.23805478265049,34,0.010852027082946008
DMS,59,A53I,-6.24444416476733,34,0.010852027082946008
DMS,59,A53K,-8.01056157927797,34,0.010852027082946008
DMS,59,A53L,-6.95273184251498,34,0.010852027082946008
DMS,59,A53M,-7.62962234869523,34,0.010852027082946008
DMS,59,A53N,-8.51278528540049,34,0.010852027082946008
DMS,59,A53P,-3.74659283911059,34,0.010852027082946008
DMS,59,A53Q,-6.46570074270369,34,0.010852027082946008
DMS,59,A53R,-7.46394896832957,34,0.010852027082946008
DMS,59,A53S,-1.71459498687579,34,0.010852027082946008
DMS,59,A53T,-2.48492447468066,34,0.010852027082946008
DMS,59,A53V,-5.24289116332427,34,0.010852027082946008
DMS,59,A53W,-8.12711424099206,34,0.010852027082946008
DMS,59,A53Y,-6.26256467353384,34,0.010852027082946008
DMS,59,Q54A,-1.11926097651529,34,0.010852027082946008
DMS,59,Q54C,-6.31415727861605,34,0.010852027082946008
DMS,59,Q54D,-6.84283435583468,34,0.010852027082946008
DMS,59,Q54E,-6.12423951927871,34,0.010852027082946008
DMS,59,Q54F,-7.75486928432942,34,0.010852027082946008
DMS,59,Q54G,-7.50908607616864,34,0.010852027082946008
DMS,59,Q54H,-3.00460227553214,34,0.010852027082946008
DMS,59,Q54I,-6.09191054116995,34,0.010852027082946008
DMS,59,Q54K,-5.33804701518109,34,0.010852027082946008
DMS,59,Q54L,-6.07025107557927,34,0.010852027082946008
DMS,59,Q54M,-4.23606939408575,34,0.010852027082946008
DMS,59,Q54N,-7.38947203785631,34,0.010852027082946008
DMS,59,Q54P,-5.80566683303527,34,0.010852027082946008
DMS,59,Q54R,-1.0860454350584,34,0.010852027082946008
DMS,59,Q54S,-4.4130834366666,34,0.010852027082946008
DMS,59,Q54T,-6.71499102520577,34,0.010852027082946008
DMS,59,Q54V,-7.89552196741757,34,0.010852027082946008
DMS,59,Q54W,-6.48576668849485,34,0.010852027082946008
DMS,59,Q54Y,-7.06596890074486,34,0.010852027082946008
DMS,59,Q55A,0.409619727809621,34,0.010852027082946008
DMS,59,Q55C,0.932165567194825,34,0.010852027082946008
DMS,59,Q55D,-6.63056517168038,34,0.010852027082946008
DMS,59,Q55E,-4.45299249030639,34,0.010852027082946008
DMS,59,Q55F,-1.18816099886218,34,0.010852027082946008
DMS,59,Q55G,-5.06117496213394,34,0.010852027082946008
DMS,59,Q55H,0.290958707001928,34,0.010852027082946008
DMS,59,Q55I,0.592526214879587,34,0.010852027082946008
DMS,59,Q55K,0.068027218026568,34,0.010852027082946008
DMS,59,Q55L,0.279639555031869,34,0.010852027082946008
DMS,59,Q55M,0.300184013281524,34,0.010852027082946008
DMS,59,Q55N,-2.23843033003429,34,0.010852027082946008
DMS,59,Q55P,-2.55189718640741,34,0.010852027082946008
DMS,59,Q55R,0.332588595248117,34,0.010852027082946008
DMS,59,Q55S,0.0061240633091209,34,0.010852027082946008
DMS,59,Q55T,0.331056720434928,34,0.010852027082946008
DMS,59,Q55V,0.0836964109764666,34,0.010852027082946008
DMS,59,Q55W,-4.08467527554659,34,0.010852027082946008
DMS,59,Q55Y,-2.42499400975798,34,0.010852027082946008
DMS,59,L56A,-7.18668181513371,34,0.010852027082946008
DMS,59,L56C,-8.20637699081434,34,0.010852027082946008
DMS,59,L56D,-6.37648708792704,34,0.010852027082946008
DMS,59,L56E,-6.44816738358832,34,0.010852027082946008
DMS,59,L56F,-6.12887017702028,34,0.010852027082946008
DMS,59,L56G,-7.30583456954428,34,0.010852027082946008
DMS,59,L56H,-7.4528081416087,34,0.010852027082946008
DMS,59,L56I,-6.52347711335557,34,0.010852027082946008
DMS,59,L56K,-6.85667500586565,34,0.010852027082946008
DMS,59,L56M,-4.34452363263623,34,0.010852027082946008
DMS,59,L56N,-6.97949567855354,34,0.010852027082946008
DMS,59,L56P,-3.92798060099535,34,0.010852027082946008
DMS,59,L56Q,-4.01677691948599,34,0.010852027082946008
DMS,59,L56R,-3.37691114766685,34,0.010852027082946008
DMS,59,L56S,-7.47008563233635,34,0.010852027082946008
DMS,59,L56T,-6.95002004267759,34,0.010852027082946008
DMS,59,L56V,-6.89679598690615,34,0.010852027082946008
DMS,59,L56W,-7.04356049351917,34,0.010852027082946008
DMS,59,L56Y,-7.33508852370139,34,0.010852027082946008
DMS,59,A57C,-4.73600703431594,34,0.010852027082946008
DMS,59,A57D,-6.53491340788376,34,0.010852027082946008
DMS,59,A57E,-5.79883880245912,34,0.010852027082946008
DMS,59,A57F,-6.54386557065498,34,0.010852027082946008
DMS,59,A57G,-3.55208267424741,34,0.010852027082946008
DMS,59,A57H,-7.5612437572184,34,0.010852027082946008
DMS,59,A57I,-7.01970666142601,34,0.010852027082946008
DMS,59,A57K,-5.75797837655366,34,0.010852027082946008
DMS,59,A57L,-7.94120350577226,34,0.010852027082946008
DMS,59,A57M,-7.06351959447863,34,0.010852027082946008
DMS,59,A57N,-6.44636724137183,34,0.010852027082946008
DMS,59,A57P,-5.67876529237896,34,0.010852027082946008
DMS,59,A57Q,-7.15820590419379,34,0.010852027082946008
DMS,59,A57R,-7.32103561113323,34,0.010852027082946008
DMS,59,A57S,-4.57918054990127,34,0.010852027082946008
DMS,59,A57T,-5.45477085333718,34,0.010852027082946008
DMS,59,A57V,-4.22012330501687,34,0.010852027082946008
DMS,59,A57W,-7.83769031395599,34,0.010852027082946008
DMS,59,A57Y,-7.20393961333305,34,0.010852027082946008
DMS,59,G58A,-5.77115977997759,34,0.010852027082946008
DMS,59,G58C,-5.13573268408105,34,0.010852027082946008
DMS,59,G58D,-4.96474272350624,34,0.010852027082946008
DMS,59,G58E,-6.73948336568692,34,0.010852027082946008
DMS,59,G58F,-7.69847367164355,34,0.010852027082946008
DMS,59,G58H,-5.8252307722921,34,0.010852027082946008
DMS,59,G58I,-6.56996322012863,34,0.010852027082946008
DMS,59,G58K,-2.5452542243918,34,0.010852027082946008
DMS,59,G58L,-7.10180530628288,34,0.010852027082946008
DMS,59,G58M,-6.59883685357011,34,0.010852027082946008
DMS,59,G58N,-5.93704564434981,34,0.010852027082946008
DMS,59,G58P,-5.99671399190816,34,0.010852027082946008
DMS,59,G58Q,-5.90880736546189,34,0.010852027082946008
DMS,59,G58R,-0.621067692757933,34,0.010852027082946008
DMS,59,G58S,-3.51270155499513,34,0.010852027082946008
DMS,59,G58T,-5.60340184482823,34,0.010852027082946008
DMS,59,G58V,-5.78025086065299,34,0.010852027082946008
DMS,59,G58W,-6.89911256121551,34,0.010852027082946008
DMS,59,G58Y,-6.36961794062003,34,0.010852027082946008
DMS,59,K59A,-2.58528056074361,34,0.010852027082946008
DMS,59,K59C,-5.06829190846793,34,0.010852027082946008
DMS,59,K59D,-7.02385615551481,34,0.010852027082946008
DMS,59,K59E,-5.17941194680268,34,0.010852027082946008
DMS,59,K59F,-3.76936415173135,34,0.010852027082946008
DMS,59,K59G,-5.31550801205623,34,0.010852027082946008
DMS,59,K59H,-2.52000684359769,34,0.010852027082946008
DMS,59,K59I,-6.74315909489891,34,0.010852027082946008
DMS,59,K59L,-3.82771858474209,34,0.010852027082946008
DMS,59,K59M,-4.81743229891783,34,0.010852027082946008
DMS,59,K59N,-3.04531841743382,34,0.010852027082946008
DMS,59,K59P,-6.00360835525755,34,0.010852027082946008
DMS,59,K59Q,-4.52983837553325,34,0.010852027082946008
DMS,59,K59R,0.0536621853537648,34,0.010852027082946008
DMS,59,K59S,-2.43151515901925,34,0.010852027082946008
DMS,59,K59T,-3.24040495335985,34,0.010852027082946008
DMS,59,K59V,-2.11154688252988,34,0.010852027082946008
DMS,59,K59W,-7.29718608320885,34,0.010852027082946008
DMS,59,K59Y,-5.42077579623766,34,0.010852027082946008
DMS,59,Q60A,0.257031618532258,34,0.010852027082946008
DMS,59,Q60C,0.164900489523258,34,0.010852027082946008
DMS,59,Q60D,-0.208177744620326,34,0.010852027082946008
DMS,59,Q60E,0.245721294016761,34,0.010852027082946008
DMS,59,Q60F,0.336998145978031,34,0.010852027082946008
DMS,59,Q60G,0.291954707449156,34,0.010852027082946008
DMS,59,Q60H,0.0048152761527426,34,0.010852027082946008
DMS,59,Q60I,0.443726058684858,34,0.010852027082946008
DMS,59,Q60K,0.190559261279463,34,0.010852027082946008
DMS,59,Q60L,0.865500174787234,34,0.010852027082946008
DMS,59,Q60M,0.229261021745032,34,0.010852027082946008
DMS,59,Q60N,0.121723464353688,34,0.010852027082946008
DMS,59,Q60P,0.459144597426216,34,0.010852027082946008
DMS,59,Q60R,-0.37775925045832,34,0.010852027082946008
DMS,59,Q60S,-0.177486350220955,34,0.010852027082946008
DMS,59,Q60T,0.203148305107908,34,0.010852027082946008
DMS,59,Q60V,0.0859941097914711,34,0.010852027082946008
DMS,59,Q60W,0.0345845303649101,34,0.010852027082946008
DMS,59,Q60Y,0.469171703421114,34,0.010852027082946008
LGF,63,Anc593,-9.96578428466209,145,0.005040411238443965
LGF,63,Anc594,-7.05941729475909,120,0.005040411238443965
LGF,63,Anc595,-7.77039478031519,107,0.005040411238443965
LGF,63,Anc596,-7.35003127812787,119,0.005040411238443965
LGF,63,Anc597,-3.99069008521289,122,0.005040411238443965
LGF,63,Anc598,-5.38106311803269,195,0.005040411238443965
LGF,63,Anc599,-6.65387367483243,200,0.005040411238443965
LGF,63,Anc600,-7.25285927022378,211,0.005040411238443965
LGF,63,Anc601,-6.66794299364557,226,0.005040411238443965
LGF,63,Anc910,-6.98415157980051,168,0.005040411238443965
LGF,63,Anc911,-6.98415157980051,161,0.005040411238443965
LGF,63,Anc927,-6.98415157980051,158,0.005040411238443965
LGF,63,Anc932,-9.96578428466209,160,0.005040411238443965
LGF,63,Anc946,-5.58049715619462,156,0.005040411238443965
LGF,63,Anc602,-6.57082181027863,205,0.005040411238443965
LGF,63,Anc603,-4.68004624991019,223,0.005040411238443965
LGF,63,Anc604,-5.53115060838735,203,0.005040411238443965
LGF,63,Anc605,-5.53115060838735,196,0.005040411238443965
LGF,63,Anc606,-4.84252200019333,243,0.005040411238443965
LGF,63,Anc643,-5.0001869150848,203,0.005040411238443965
LGF,63,Anc644,-4.00675591333471,162,0.005040411238443965
LGF,63,Anc645,-5.51864710226138,128,0.005040411238443965
LGF,63,Anc646,-5.97622067821365,50,0.005040411238443965
LGF,63,Anc654,-5.50692937522968,100,0.005040411238443965
LGF,63,Anc676,-6.05304780498623,196,0.005040411238443965
LGF,63,Anc677,-4.2919761759831,245,0.005040411238443965
LGF,63,Anc678,-4.97755004896118,294,0.005040411238443965
LGF,63,Anc679,-4.97755004896118,288,0.005040411238443965
LGF,63,Anc680,-5.48915500984255,193,0.005040411238443965
LGF,63,Anc681,-5.48915500984255,183,0.005040411238443965
LGF,63,Anc682,-5.48915500984255,175,0.005040411238443965
LGF,63,Anc698,-5.57199023855206,138,0.005040411238443965
LGF,63,Anc699,-4.65981612323624,133,0.005040411238443965
LGF,63,Anc700,-5.13699344897793,133,0.005040411238443965
LGF,63,Anc787,-5.05917719706537,142,0.005040411238443965
LGF,63,Anc789,-4.1158785750379,41,0.005040411238443965
LGF,63,Anc947,-6.89505788298906,140,0.005040411238443965
LGF,63,Anc948,-6.00494212243054,136,0.005040411238443965
LGF,63,Anc949,-6.00494212243054,133,0.005040411238443965
LGF,63,Anc950,-5.68943530118753,109,0.005040411238443965
LGF,63,Anc993,-5.97348668746875,149,0.005040411238443965
LGF,63,Anc994,-5.03415391716808,151,0.005040411238443965
LGF,63,Anc995,-9.96578428466209,156,0.005040411238443965
LGF,63,Anc996,-4.91501180351653,153,0.005040411238443965
LGF,63,Anc1018,-4.93766016728186,174,0.005040411238443965
LGF,63,Anc1019,-4.93766016728186,174,0.005040411238443965
LGF,63,Anc1020,-6.99822048465681,146,0.005040411238443965
LGF,63,Anc1021,-7.55741982208857,85,0.005040411238443965
LGF,63,Anc1100,-4.94400205508871,123,0.005040411238443965
LGF,63,Anc583,-5.74518565117848,34,0.005040411238443965
LGF,63,Anc584,-5.74518565117848,34,0.005040411238443965
LGF,63,Anc585,-5.66006624187205,46,0.005040411238443965
LGF,63,Anc586,-9.96578428466209,34,0.005040411238443965
LGF,63,Anc587,-5.75544361796306,34,0.005040411238443965
LGF,63,Anc588,-4.97138216981616,65,0.005040411238443965
LGF,63,Anc589,-5.8027362522542,96,0.005040411238443965
LGF,63,Anc590,-5.07347529559465,43,0.005040411238443965
LGF,63,Anc591,-7.20186603803405,36,0.005040411238443965
LGF,63,Anc592,-5.90026319411417,131,0.005040411238443965
LGF,63,Anc607,-4.8083823851892,159,0.005040411238443965
LGF,63,Anc608,-6.45398003986426,151,0.005040411238443965
LGF,63,Anc609,-6.07849382493841,66,0.005040411238443965
LGF,63,Anc610,-6.05369024858396,37,0.005040411238443965
LGF,63,Anc611,-5.17798645291316,66,0.005040411238443965
LGF,63,Anc612,-6.71365962853543,47,0.005040411238443965
LGF,63,Anc613,-4.8083823851892,149,0.005040411238443965
LGF,63,Anc614,-4.45596195269364,127,0.005040411238443965
LGF,63,Anc615,-4.83194493746349,84,0.005040411238443965
LGF,63,Anc616,-5.65466945950665,84,0.005040411238443965
LGF,63,Anc617,-6.0571538077437,79,0.005040411238443965
LGF,63,Anc618,-6.0571538077437,75,0.005040411238443965
LGF,63,Anc619,-6.0571538077437,74,0.005040411238443965
LGF,63,Anc620,-6.0571538077437,72,0.005040411238443965
LGF,63,Anc621,-6.3090411239691,84,0.005040411238443965
LGF,63,Anc622,-5.72674635835539,73,0.005040411238443965
LGF,63,Anc623,-4.7442395761974,106,0.005040411238443965
LGF,63,Anc624,-6.42576814917311,82,0.005040411238443965
LGF,63,Anc625,-6.42576814917311,77,0.005040411238443965
LGF,63,Anc626,-5.3706661607823,73,0.005040411238443965
LGF,63,Anc627,-7.06929565020563,79,0.005040411238443965
LGF,63,Anc628,-5.7547799771063,190,0.005040411238443965
LGF,63,Anc629,-6.34615742101833,57,0.005040411238443965
LGF,63,Anc630,-5.38106311803269,52,0.005040411238443965
LGF,63,Anc631,-5.73336195946361,111,0.005040411238443965
LGF,63,Anc632,-4.5905199322973,37,0.005040411238443965
LGF,63,Anc633,-4.5905199322973,37,0.005040411238443965
LGF,63,Anc634,-6.47608547668994,35,0.005040411238443965
LGF,63,Anc635,-5.81021952996066,39,0.005040411238443965
LGF,63,Anc636,-4.68004624991019,179,0.005040411238443965
LGF,63,Anc637,-4.30427462912098,60,0.005040411238443965
LGF,63,Anc638,-5.07490352298557,43,0.005040411238443965
LGF,63,Anc639,-3.75341012108842,45,0.005040411238443965
LGF,63,Anc640,-5.78106366607119,41,0.005040411238443965
LGF,63,Anc641,-6.19852244257964,46,0.005040411238443965
LGF,63,Anc642,-5.75600489467683,50,0.005040411238443965
LGF,63,Anc647,-5.06166525170394,40,0.005040411238443965
LGF,63,Anc648,-6.03231525454358,40,0.005040411238443965
LGF,63,Anc649,-4.08342954901276,37,0.005040411238443965
LGF,63,Anc650,-4.95374520325398,36,0.005040411238443965
LGF,63,Anc651,-7.85212567326691,36,0.005040411238443965
LGF,63,Anc652,-7.28016594969025,35,0.005040411238443965
LGF,63,Anc653,-6.3090411239691,38,0.005040411238443965
LGF,63,Anc655,-4.90933936450163,72,0.005040411238443965
LGF,63,Anc656,-5.1706516985101,69,0.005040411238443965
LGF,63,Anc657,-4.32716010771042,49,0.005040411238443965
LGF,63,Anc658,-3.61570284422995,44,0.005040411238443965
LGF,63,Anc659,-5.47771800459346,73,0.005040411238443965
LGF,63,Anc660,-9.96578428466209,61,0.005040411238443965
LGF,63,Anc661,-6.88814183714142,55,0.005040411238443965
LGF,63,Anc662,-3.96306473698101,63,0.005040411238443965
LGF,63,Anc663,-5.87390678892448,63,0.005040411238443965
LGF,63,Anc664,-5.38247459673678,50,0.005040411238443965
LGF,63,Anc665,-5.19818196106754,60,0.005040411238443965
LGF,63,Anc666,-5.16487887687151,68,0.005040411238443965
LGF,63,Anc667,-5.12360714485339,63,0.005040411238443965
LGF,63,Anc668,-5.12360714485339,62,0.005040411238443965
LGF,63,Anc669,-5.35395596418267,49,0.005040411238443965
LGF,63,Anc670,-5.12360714485339,62,0.005040411238443965
LGF,63,Anc671,-3.97996799513458,57,0.005040411238443965
LGF,63,Anc672,-6.96990344724126,51,0.005040411238443965
LGF,63,Anc673,-5.02742844465116,51,0.005040411238443965
LGF,63,Anc674,-9.96578428466209,48,0.005040411238443965
LGF,63,Anc675,-5.92973487121994,46,0.005040411238443965
LGF,63,Anc683,-5.48915500984255,147,0.005040411238443965
LGF,63,Anc697,-5.48915500984255,142,0.005040411238443965
LGF,63,Anc684,-5.77061419207522,187,0.005040411238443965
LGF,63,Anc685,-5.77061419207522,180,0.005040411238443965
LGF,63,Anc686,-5.77061419207522,175,0.005040411238443965
LGF,63,Anc687,-5.58342904522127,45,0.005040411238443965
LGF,63,Anc688,-6.47608547668994,40,0.005040411238443965
LGF,63,Anc689,-5.73874973670735,46,0.005040411238443965
LGF,63,Anc690,-4.40899896026231,41,0.005040411238443965
LGF,63,Anc691,-4.21107238616776,83,0.005040411238443965
LGF,63,Anc692,-6.45398003986426,54,0.005040411238443965
LGF,63,Anc693,-7.47611616220377,40,0.005040411238443965
LGF,63,Anc694,-9.96578428466209,37,0.005040411238443965
LGF,63,Anc695,-5.56039811382559,42,0.005040411238443965
LGF,63,Anc696,-7.09361028216895,58,0.005040411238443965
LGF,63,Anc701,-5.74411521572439,122,0.005040411238443965
LGF,63,Anc702,-5.32644803214155,113,0.005040411238443965
LGF,63,Anc703,-9.96578428466209,46,0.005040411238443965
LGF,63,Anc704,-9.96578428466209,38,0.005040411238443965
LGF,63,Anc705,-9.96578428466209,38,0.005040411238443965
LGF,63,Anc706,-9.96578428466209,44,0.005040411238443965
LGF,63,Anc707,-4.77584170811139,44,0.005040411238443965
LGF,63,Anc708,-9.96578428466209,64,0.005040411238443965
LGF,63,Anc709,-4.77584170811139,44,0.005040411238443965
LGF,63,Anc710,-9.96578428466209,43,0.005040411238443965
LGF,63,Anc711,-4.8083823851892,45,0.005040411238443965
LGF,63,Anc712,-6.43430085488171,41,0.005040411238443965
LGF,63,Anc713,-9.96578428466209,35,0.005040411238443965
LGF,63,Anc714,-9.96578428466209,46,0.005040411238443965
LGF,63,Anc715,-6.08853013900215,52,0.005040411238443965
LGF,63,Anc716,-5.35451021232266,112,0.005040411238443965
LGF,63,Anc717,-4.80242758171569,99,0.005040411238443965
LGF,63,Anc718,-5.37717379434895,105,0.005040411238443965
LGF,63,Anc719,-5.3057340803415,100,0.005040411238443965
LGF,63,Anc720,-5.66296297596998,89,0.005040411238443965
LGF,63,Anc721,-7.54916830105481,82,0.005040411238443965
LGF,63,Anc722,-5.08839675956227,79,0.005040411238443965
LGF,63,Anc723,-6.09351845360808,43,0.005040411238443965
LGF,63,Anc724,-9.96578428466209,39,0.005040411238443965
LGF,63,Anc725,-4.48857358442555,96,0.005040411238443965
LGF,63,Anc726,-4.48857358442555,94,0.005040411238443965
LGF,63,Anc727,-4.95859065112202,84,0.005040411238443965
LGF,63,Anc728,-4.95859065112202,80,0.005040411238443965
LGF,63,Anc729,-4.56060297112085,85,0.005040411238443965
LGF,63,Anc730,-4.60789603311872,70,0.005040411238443965
LGF,63,Anc731,-5.95594958669194,80,0.005040411238443965
LGF,63,Anc732,-5.95594958669194,80,0.005040411238443965
LGF,63,Anc733,-4.55910645793225,62,0.005040411238443965
LGF,63,Anc734,-6.17168383989985,59,0.005040411238443965
LGF,63,Anc735,-7.1580409571911,90,0.005040411238443965
LGF,63,Anc736,-9.96578428466209,64,0.005040411238443965
LGF,63,Anc737,-5.44962137340064,88,0.005040411238443965
LGF,63,Anc738,-5.6033500155155,82,0.005040411238443965
LGF,63,Anc739,-5.86946089251769,75,0.005040411238443965
LGF,63,Anc740,-6.17168383989985,40,0.005040411238443965
LGF,63,Anc741,-4.82726489394376,51,0.005040411238443965
LGF,63,Anc742,-8.2927151601274,58,0.005040411238443965
LGF,63,Anc743,-5.57266894906752,48,0.005040411238443965
LGF,63,Anc744,-9.96578428466209,62,0.005040411238443965
LGF,63,Anc745,-5.91065572736717,58,0.005040411238443965
LGF,63,Anc746,-5.42900857535338,54,0.005040411238443965
LGF,63,Anc747,-6.22120387032716,49,0.005040411238443965
LGF,63,Anc748,-5.77236164638677,44,0.005040411238443965
LGF,63,Anc749,-7.17245066589433,45,0.005040411238443965
LGF,63,Anc750,-7.17245066589433,45,0.005040411238443965
LGF,63,Anc751,-5.53026143121527,46,0.005040411238443965
LGF,63,Anc752,-5.04750524783895,64,0.005040411238443965
LGF,63,Anc753,-3.98352219511965,54,0.005040411238443965
LGF,63,Anc754,-5.29144298739526,38,0.005040411238443965
LGF,63,Anc755,-6.53486398151127,99,0.005040411238443965
LGF,63,Anc756,-6.43600021904153,88,0.005040411238443965
LGF,63,Anc757,-5.19818196106754,76,0.005040411238443965
LGF,63,Anc758,-8.19693728162347,50,0.005040411238443965
LGF,63,Anc759,-5.88978559627406,40,0.005040411238443965
LGF,63,Anc760,-5.48557119642726,38,0.005040411238443965
LGF,63,Anc761,-5.27604955514959,39,0.005040411238443965
LGF,63,Anc762,-5.27604955514959,39,0.005040411238443965
LGF,63,Anc763,-6.14984405118983,38,0.005040411238443965
LGF,63,Anc764,-9.96578428466209,61,0.005040411238443965
LGF,63,Anc765,-5.23335041692609,54,0.005040411238443965
LGF,63,Anc766,-5.23335041692609,53,0.005040411238443965
LGF,63,Anc767,-5.03208810381795,43,0.005040411238443965
LGF,63,Anc768,-5.23335041692609,51,0.005040411238443965
LGF,63,Anc769,-4.97755004896118,208,0.005040411238443965
LGF,63,Anc770,-4.83194493746349,110,0.005040411238443965
LGF,63,Anc771,-4.70984228224429,124,0.005040411238443965
LGF,63,Anc772,-5.57571880744392,34,0.005040411238443965
LGF,63,Anc773,-4.52801283623184,150,0.005040411238443965
LGF,63,Anc774,-5.70837764532438,90,0.005040411238443965
LGF,63,Anc775,-5.70837764532438,86,0.005040411238443965
LGF,63,Anc776,-5.09161513710521,83,0.005040411238443965
LGF,63,Anc777,-6.55040713335231,45,0.005040411238443965
LGF,63,Anc778,-4.88481320634921,53,0.005040411238443965
LGF,63,Anc779,-4.88481320634921,53,0.005040411238443965
LGF,63,Anc780,-5.98438755738873,42,0.005040411238443965
LGF,63,Anc781,-6.1620243452099,40,0.005040411238443965
LGF,63,Anc782,-7.13142441605254,40,0.005040411238443965
LGF,63,Anc783,-5.28998457337437,61,0.005040411238443965
LGF,63,Anc784,-4.99674282484133,52,0.005040411238443965
LGF,63,Anc785,-5.37717379434895,48,0.005040411238443965
LGF,63,Anc786,-4.83194493746349,45,0.005040411238443965
LGF,63,Anc788,-7.1634671395147,43,0.005040411238443965
LGF,63,Anc790,-4.62670437037559,72,0.005040411238443965
LGF,63,Anc791,-5.60152595976604,41,0.005040411238443965
LGF,63,Anc792,-5.8590268517648,43,0.005040411238443965
LGF,63,Anc793,-4.633236015063,37,0.005040411238443965
LGF,63,Anc794,-5.3376411488745,43,0.005040411238443965
LGF,63,Anc795,-4.99674282484133,43,0.005040411238443965
LGF,63,Anc796,-6.00056550237264,39,0.005040411238443965
LGF,63,Anc797,-5.94421959502288,40,0.005040411238443965
LGF,63,Anc798,-5.05413173812815,35,0.005040411238443965
LGF,63,Anc799,-6.87652081370456,64,0.005040411238443965
LGF,63,Anc800,-5.6410790128027,58,0.005040411238443965
LGF,63,Anc801,-4.36300845860121,59,0.005040411238443965
LGF,63,Anc802,-5.24000893488551,39,0.005040411238443965
LGF,63,Anc803,-7.6624853283269,36,0.005040411238443965
LGF,63,Anc804,-7.6624853283269,36,0.005040411238443965
LGF,63,Anc805,-8.60496572343991,54,0.005040411238443965
LGF,63,Anc806,-5.56450115533071,54,0.005040411238443965
LGF,63,Anc807,-6.17408708580922,48,0.005040411238443965
LGF,63,Anc808,-5.78668871991616,54,0.005040411238443965
LGF,63,Anc809,-4.51022566191589,47,0.005040411238443965
LGF,63,Anc810,-7.08879023961275,43,0.005040411238443965
LGF,63,Anc811,-7.1634671395147,44,0.005040411238443965
LGF,63,Anc812,-6.26659891088228,39,0.005040411238443965
LGF,63,Anc813,-5.74945857153354,36,0.005040411238443965
LGF,63,Anc814,-6.65858214811719,49,0.005040411238443965
LGF,63,Anc815,-5.8578289735025,120,0.005040411238443965
LGF,63,Anc816,-6.53382056049955,61,0.005040411238443965
LGF,63,Anc817,-5.82505701517844,56,0.005040411238443965
LGF,63,Anc818,-6.39102543553478,40,0.005040411238443965
LGF,63,Anc819,-6.7203657270563,47,0.005040411238443965
LGF,63,Anc820,-5.62063465806996,59,0.005040411238443965
LGF,63,Anc821,-6.78538383507304,64,0.005040411238443965
LGF,63,Anc822,-5.52288236588123,73,0.005040411238443965
LGF,63,Anc823,-5.42185469977049,60,0.005040411238443965
LGF,63,Anc824,-5.11686371114132,45,0.005040411238443965
LGF,63,Anc825,-6.48698825519029,47,0.005040411238443965
LGF,63,Anc826,-5.02236228588067,43,0.005040411238443965
LGF,63,Anc827,-5.84018121424573,40,0.005040411238443965
LGF,63,Anc828,-5.11686371114132,45,0.005040411238443965
LGF,63,Anc829,-6.10688892369666,104,0.005040411238443965
LGF,63,Anc830,-4.33953433342213,62,0.005040411238443965
LGF,63,Anc831,-5.29919437725196,51,0.005040411238443965
LGF,63,Anc832,-5.60880697940887,49,0.005040411238443965
LGF,63,Anc833,-6.37684610284485,43,0.005040411238443965
LGF,63,Anc834,-5.96564275661632,43,0.005040411238443965
LGF,63,Anc835,4.33136076819398,106,0.005040411238443965
LGF,63,Anc836,-4.92116667464909,95,0.005040411238443965
LGF,63,Anc837,-8.3940260931419,56,0.005040411238443965
LGF,63,Anc838,-4.97938969721239,39,0.005040411238443965
LGF,63,Anc839,-5.61243235297955,38,0.005040411238443965
LGF,63,Anc840,-4.98635765955966,39,0.005040411238443965
LGF,63,Anc841,-4.98635765955966,39,0.005040411238443965
LGF,63,Anc842,-4.69147366737625,38,0.005040411238443965
LGF,63,Anc843,-5.75690243163037,38,0.005040411238443965
LGF,63,Anc844,-5.07406874293757,40,0.005040411238443965
LGF,63,Anc845,-4.8500738563955,47,0.005040411238443965
LGF,63,Anc846,-7.09840921899736,79,0.005040411238443965
LGF,63,Anc847,-6.93347136939708,56,0.005040411238443965
LGF,63,Anc848,-1.73489442354423,97,0.005040411238443965
LGF,63,Anc849,-2.04932141177514,79,0.005040411238443965
LGF,63,Anc850,1.36358843052087,71,0.005040411238443965
LGF,63,Anc851,2.76900653147802,51,0.005040411238443965
LGF,63,Anc852,-5.0557832909918,45,0.005040411238443965
LGF,63,Anc853,-6.12303973026779,48,0.005040411238443965
LGF,63,Anc854,-6.3369830100756,48,0.005040411238443965
LGF,63,Anc855,-5.15901195778554,39,0.005040411238443965
LGF,63,Anc856,-3.6097499849599,43,0.005040411238443965
LGF,63,Anc857,-6.06110056123748,43,0.005040411238443965
LGF,63,Anc858,-4.48310702956448,42,0.005040411238443965
LGF,63,Anc859,-6.50208828891874,42,0.005040411238443965
LGF,63,Anc860,-6.576878706865,40,0.005040411238443965
LGF,63,Anc861,-4.27482325651918,41,0.005040411238443965
LGF,63,Anc862,-5.11551096019732,34,0.005040411238443965
LGF,63,Anc863,-6.69102411297309,35,0.005040411238443965
LGF,63,Anc864,-4.31038319857251,35,0.005040411238443965
LGF,63,Anc865,-7.53245565003263,36,0.005040411238443965
LGF,63,Anc866,-5.39650740948302,36,0.005040411238443965
LGF,63,Anc867,-4.50349584037112,92,0.005040411238443965
LGF,63,Anc868,-4.49673300746428,35,0.005040411238443965
LGF,63,Anc869,-5.66563940978912,38,0.005040411238443965
LGF,63,Anc870,-4.49853967525283,39,0.005040411238443965
LGF,63,Anc871,-5.63753234216699,85,0.005040411238443965
LGF,63,Anc872,-6.89198927986087,79,0.005040411238443965
LGF,63,Anc873,-5.77098884539288,80,0.005040411238443965
LGF,63,Anc874,-6.92790348265009,69,0.005040411238443965
LGF,63,Anc875,0.776769535045026,60,0.005040411238443965
LGF,63,Anc876,2.03835234144791,58,0.005040411238443965
LGF,63,Anc877,-0.689503665601886,53,0.005040411238443965
LGF,63,Anc878,-0.689503665601886,52,0.005040411238443965
LGF,63,Anc879,6.54394317119949,47,0.005040411238443965
LGF,63,Anc880,6.1553057033493,47,0.005040411238443965
LGF,63,Anc881,6.53543541407083,44,0.005040411238443965
LGF,63,Anc882,6.92427124181224,45,0.005040411238443965
LGF,63,Anc883,5.72998397114365,46,0.005040411238443965
LGF,63,Anc884,4.39359482837607,46,0.005040411238443965
LGF,63,Anc885,6.26734495845453,42,0.005040411238443965
LGF,63,P03023,6.92621405280688,47,0.005040411238443965
LGF,63,Anc887,-4.66996849824068,43,0.005040411238443965
LGF,63,Anc888,-5.71958394126056,43,0.005040411238443965
LGF,63,Anc889,-7.42409050283941,43,0.005040411238443965
LGF,63,Anc890,1.12014615392769,46,0.005040411238443965
LGF,63,Anc891,-5.13699344897793,47,0.005040411238443965
LGF,63,Anc892,0.788749055865521,45,0.005040411238443965
LGF,63,Anc893,-5.17283813133055,44,0.005040411238443965
LGF,63,Anc894,-5.68584019221081,42,0.005040411238443965
LGF,63,Anc895,-5.19187879257215,41,0.005040411238443965
LGF,63,Anc896,-7.75714951178212,34,0.005040411238443965
LGF,63,Anc897,-7.75714951178212,34,0.005040411238443965
LGF,63,Anc898,-5.84699751526997,54,0.005040411238443965
LGF,63,Anc899,-8.23211307914392,56,0.005040411238443965
LGF,63,Anc900,-6.11372163105772,44,0.005040411238443965
LGF,63,Anc901,-5.95854165391675,36,0.005040411238443965
LGF,63,Anc902,-6.30715555868109,36,0.005040411238443965
LGF,63,Anc903,-6.41429714048727,37,0.005040411238443965
LGF,63,Anc904,-5.48317656602506,38,0.005040411238443965
LGF,63,Anc905,-4.58316730386984,93,0.005040411238443965
LGF,63,Anc906,-8.17874091321563,69,0.005040411238443965
LGF,63,Anc907,-7.50359912588477,34,0.005040411238443965
LGF,63,Anc908,-8.30323262907156,55,0.005040411238443965
LGF,63,Anc909,-6.84893546141155,57,0.005040411238443965
LGF,63,Anc912,-6.05945757999344,34,0.005040411238443965
LGF,63,Anc913,-6.05945757999344,34,0.005040411238443965
LGF,63,Anc914,-6.05945757999344,34,0.005040411238443965
LGF,63,Anc915,-5.00611522889016,35,0.005040411238443965
LGF,63,Anc916,-5.57199023855206,36,0.005040411238443965
LGF,63,Anc917,-6.81657325349132,34,0.005040411238443965
LGF,63,Anc918,-6.1408674814421,34,0.005040411238443965
LGF,63,Anc919,-6.48077017002843,34,0.005040411238443965
LGF,63,Anc920,-8.0420450249091,34,0.005040411238443965
LGF,63,Anc921,-6.02660144186814,34,0.005040411238443965
LGF,63,Anc922,-5.15204512469474,34,0.005040411238443965
LGF,63,Anc923,-5.32801098353723,34,0.005040411238443965
LGF,63,Anc924,-6.51169632887037,34,0.005040411238443965
LGF,63,Anc925,-6.86478003288769,34,0.005040411238443965
LGF,63,Anc926,-5.92324408372626,34,0.005040411238443965
LGF,63,Anc928,-5.42028462326468,148,0.005040411238443965
LGF,63,Anc929,-4.44453551742316,36,0.005040411238443965
LGF,63,Anc930,-5.79658111877703,34,0.005040411238443965
LGF,63,Anc931,-5.76272130219504,122,0.005040411238443965
LGF,63,Anc933,-7.59963842631899,102,0.005040411238443965
LGF,63,Anc934,-5.23335041692609,63,0.005040411238443965
LGF,63,Anc935,-9.96578428466209,60,0.005040411238443965
LGF,63,Anc936,-6.05817822557873,35,0.005040411238443965
LGF,63,Anc937,-4.93601112386116,35,0.005040411238443965
LGF,63,Anc938,-6.69193798342328,37,0.005040411238443965
LGF,63,Anc939,-5.35913470673089,38,0.005040411238443965
LGF,63,Anc940,-5.22519029378116,38,0.005040411238443965
LGF,63,Anc941,-6.88118346973254,39,0.005040411238443965
LGF,63,Anc942,-8.12808587451751,36,0.005040411238443965
LGF,63,Anc943,-8.37769334215866,35,0.005040411238443965
LGF,63,Anc944,-7.59963842631899,98,0.005040411238443965
LGF,63,Anc945,-5.67257252135648,82,0.005040411238443965
LGF,63,Anc951,-6.97705017337482,72,0.005040411238443965
LGF,63,Anc952,-9.96578428466209,71,0.005040411238443965
LGF,63,Anc953,-5.23335041692609,65,0.005040411238443965
LGF,63,Anc954,-6.06328788109081,68,0.005040411238443965
LGF,63,Anc955,-4.97938969721239,58,0.005040411238443965
LGF,63,Anc956,-4.97938969721239,58,0.005040411238443965
LGF,63,Anc957,-8.05285341664961,55,0.005040411238443965
LGF,63,Anc958,-5.60880697940887,55,0.005040411238443965
LGF,63,Anc959,-9.96578428466209,38,0.005040411238443965
LGF,63,Anc960,-4.84709523247305,41,0.005040411238443965
LGF,63,Anc961,-9.96578428466209,70,0.005040411238443965
LGF,63,Anc962,-8.77475132170024,67,0.005040411238443965
LGF,63,Anc963,-5.13299152824478,43,0.005040411238443965
LGF,63,Anc964,-9.96578428466209,53,0.005040411238443965
LGF,63,Anc965,-6.61185338045536,50,0.005040411238443965
LGF,63,Anc966,-5.33215810804318,42,0.005040411238443965
LGF,63,Anc967,-4.82021456149458,35,0.005040411238443965
LGF,63,Anc968,-3.79504817370016,37,0.005040411238443965
LGF,63,Anc969,-4.73956927557772,36,0.005040411238443965
LGF,63,Anc970,-4.50702508206901,36,0.005040411238443965
LGF,63,Anc971,-9.96578428466209,35,0.005040411238443965
LGF,63,Anc972,-9.96578428466209,34,0.005040411238443965
LGF,63,Anc973,-9.96578428466209,34,0.005040411238443965
LGF,63,Anc974,-6.63963439410608,35,0.005040411238443965
LGF,63,Anc975,-6.98238044860722,34,0.005040411238443965
LGF,63,Anc976,-4.43301376463467,34,0.005040411238443965
LGF,63,Anc977,-6.57082181027863,34,0.005040411238443965
LGF,63,Anc978,-6.18007503492679,37,0.005040411238443965
LGF,63,Anc979,-7.34656736593561,106,0.005040411238443965
LGF,63,Anc980,-6.82549018006938,107,0.005040411238443965
LGF,63,Anc981,-5.94265311031821,132,0.005040411238443965
LGF,63,Anc982,-9.96578428466209,35,0.005040411238443965
LGF,63,Anc983,-5.24295767089185,59,0.005040411238443965
LGF,63,Anc984,-9.96578428466209,43,0.005040411238443965
LGF,63,Anc985,-8.10824077196044,35,0.005040411238443965
LGF,63,Anc986,-9.96578428466209,35,0.005040411238443965
LGF,63,Anc987,-3.91198434881773,36,0.005040411238443965
LGF,63,Anc988,-7.99354185341337,35,0.005040411238443965
LGF,63,Anc989,-5.20832466388381,34,0.005040411238443965
LGF,63,Anc990,-4.33128081202003,34,0.005040411238443965
LGF,63,Anc991,-5.20832466388381,34,0.005040411238443965
LGF,63,Anc992,-9.96578428466209,34,0.005040411238443965
LGF,63,Anc997,-6.42918843338614,65,0.005040411238443965
LGF,63,Anc998,-4.55069578030573,47,0.005040411238443965
LGF,63,Anc999,-5.46305050021646,38,0.005040411238443965
LGF,63,Anc1000,-7.45357616407092,41,0.005040411238443965
LGF,63,Anc1001,-5.65166156959808,40,0.005040411238443965
LGF,63,Anc1002,-5.93119076322823,41,0.005040411238443965
LGF,63,Anc1003,-8.64104028707012,39,0.005040411238443965
LGF,63,Anc1004,-5.76495238156981,41,0.005040411238443965
LGF,63,Anc1005,-6.07849382493841,40,0.005040411238443965
LGF,63,Anc1006,-5.50371545360384,38,0.005040411238443965
LGF,63,Anc1007,-6.02445209592125,36,0.005040411238443965
LGF,63,Anc1008,-6.791689533237,42,0.005040411238443965
LGF,63,Anc1009,-5.84699751526997,45,0.005040411238443965
LGF,63,Anc1010,-5.9463781889663,46,0.005040411238443965
LGF,63,Anc1011,-8.47047902311354,40,0.005040411238443965
LGF,63,Anc1012,-5.23335041692609,35,0.005040411238443965
LGF,63,Anc1013,-5.04750524783895,36,0.005040411238443965
LGF,63,Anc1014,-5.46305050021646,38,0.005040411238443965
LGF,63,Anc1015,-5.48317656602506,38,0.005040411238443965
LGF,63,Anc1016,-6.72259256212963,36,0.005040411238443965
LGF,63,Anc1017,-5.40606954985632,34,0.005040411238443965
LGF,63,Anc1022,-5.72009685522765,77,0.005040411238443965
LGF,63,Anc1023,-6.6358080653343,43,0.005040411238443965
LGF,63,Anc1024,-4.58851856618614,46,0.005040411238443965
LGF,63,Anc1025,-9.96578428466209,34,0.005040411238443965
LGF,63,Anc1026,-5.17421294927349,35,0.005040411238443965
LGF,63,Anc1027,-7.20765366986188,37,0.005040411238443965
LGF,63,Anc1028,-9.96578428466209,37,0.005040411238443965
LGF,63,Anc1029,-9.96578428466209,34,0.005040411238443965
LGF,63,Anc1030,-8.00876291835629,66,0.005040411238443965
LGF,63,Anc1031,-7.92981775171147,57,0.005040411238443965
LGF,63,Anc1032,-6.14831314166692,47,0.005040411238443965
LGF,63,Anc1033,-6.14831314166692,46,0.005040411238443965
LGF,63,Anc1034,-4.57577515114514,47,0.005040411238443965
LGF,63,Anc1035,-9.96578428466209,49,0.005040411238443965
LGF,63,Anc1036,-5.40742995631463,56,0.005040411238443965
LGF,63,Anc1037,-5.34164773400444,48,0.005040411238443965
LGF,63,Anc1038,-4.37677583298485,45,0.005040411238443965
LGF,63,Anc1039,-7.44671499539683,40,0.005040411238443965
LGF,63,Anc1040,-5.08678468412672,44,0.005040411238443965
LGF,63,Anc1041,-5.08678468412672,43,0.005040411238443965
LGF,63,Anc1042,-7.1634671395147,44,0.005040411238443965
LGF,63,Anc1043,-6.28045009711285,56,0.005040411238443965
LGF,63,Anc1044,-5.18282255990155,43,0.005040411238443965
LGF,63,Anc1045,-4.36300845860121,39,0.005040411238443965
LGF,63,Anc1046,-5.35755445294802,39,0.005040411238443965
LGF,63,Anc1047,-9.96578428466209,45,0.005040411238443965
LGF,63,Anc1048,-4.94400205508871,40,0.005040411238443965
LGF,63,Anc1049,-4.94400205508871,39,0.005040411238443965
LGF,63,Anc1050,-5.08678468412672,42,0.005040411238443965
LGF,63,Anc1051,-4.36553389577806,42,0.005040411238443965
LGF,63,Anc1052,-5.10600344972618,45,0.005040411238443965
LGF,63,Anc1053,-5.10600344972618,44,0.005040411238443965
LGF,63,Anc1054,-6.56828899181717,36,0.005040411238443965
LGF,63,Anc1055,-6.2478859755854,89,0.005040411238443965
LGF,63,Anc1056,-5.81951296010959,77,0.005040411238443965
LGF,63,Anc1057,-4.76614264653355,68,0.005040411238443965
LGF,63,Anc1058,-8.53364868379775,37,0.005040411238443965
LGF,63,Anc1059,-4.99203216935072,37,0.005040411238443965
LGF,63,Anc1060,-5.25322734104919,36,0.005040411238443965
LGF,63,Anc1061,-5.90026319411417,34,0.005040411238443965
LGF,63,Anc1062,-5.97129525631465,36,0.005040411238443965
LGF,63,Anc1063,-4.25268113222811,73,0.005040411238443965
LGF,63,Anc1064,-7.46716047719409,74,0.005040411238443965
LGF,63,Anc1065,-5.64461607459425,53,0.005040411238443965
LGF,63,Anc1066,-5.83790106274553,50,0.005040411238443965
LGF,63,Anc1067,-5.2158816206509,45,0.005040411238443965
LGF,63,Anc1068,-4.53174626204936,40,0.005040411238443965
LGF,63,Anc1069,-5.4711377862723,36,0.005040411238443965
LGF,63,Anc1070,-5.4711377862723,36,0.005040411238443965
LGF,63,Anc1071,-5.57571880744392,35,0.005040411238443965
LGF,63,Anc1072,-7.58176711954226,35,0.005040411238443965
LGF,63,Anc1073,-5.38364968335663,34,0.005040411238443965
LGF,63,Anc1074,-9.96578428466209,36,0.005040411238443965
LGF,63,Anc1075,-9.96578428466209,34,0.005040411238443965
LGF,63,Anc1076,-4.98635765955966,39,0.005040411238443965
LGF,63,Anc1077,-4.98635765955966,39,0.005040411238443965
LGF,63,Anc1078,-4.98635765955966,37,0.005040411238443965
LGF,63,Anc1079,-4.98635765955966,37,0.005040411238443965
LGF,63,Anc1080,-4.98635765955966,37,0.005040411238443965
LGF,63,Anc1081,-5.2158816206509,44,0.005040411238443965
LGF,63,Anc1082,-7.64010287288506,84,0.005040411238443965
LGF,63,Anc1083,-5.85377786796457,63,0.005040411238443965
LGF,63,Anc1084,-4.75176735645598,43,0.005040411238443965
LGF,63,Anc1085,-5.19160165834662,40,0.005040411238443965
LGF,63,Anc1086,-7.64010287288506,82,0.005040411238443965
LGF,63,Anc1087,-4.42721665513052,64,0.005040411238443965
LGF,63,Anc1088,-5.41177389545632,43,0.005040411238443965
LGF,63,Anc1089,-4.99203216935072,77,0.005040411238443965
LGF,63,Anc1090,-5.91410122709997,57,0.005040411238443965
LGF,63,Anc1091,-4.91020384075845,46,0.005040411238443965
LGF,63,Anc1092,-5.4711377862723,38,0.005040411238443965
LGF,63,Anc1093,-5.4711377862723,38,0.005040411238443965
LGF,63,Anc1094,-8.19693728162347,35,0.005040411238443965
LGF,63,Anc1095,-6.16252929157195,35,0.005040411238443965
LGF,63,Anc1096,-7.1173971747637,35,0.005040411238443965
LGF,63,Anc1097,-4.83970946914856,34,0.005040411238443965
LGF,63,Anc1098,-6.4842717881726,42,0.005040411238443965
LGF,63,Anc1099,-6.4842717881726,41,0.005040411238443965
LGF,63,Anc1101,-6.45118822756704,68,0.005040411238443965
LGF,63,Anc1102,-6.74025580183851,40,0.005040411238443965
LGF,63,Anc1103,-6.74025580183851,40,0.005040411238443965
LGF,63,Anc1104,-7.19604700177103,37,0.005040411238443965
LGF,63,Anc1105,-6.74025580183851,40,0.005040411238443965
LGF,63,Anc1106,-5.24200004457813,37,0.005040411238443965
LGF,63,Anc1107,-9.96578428466209,62,0.005040411238443965
LGF,63,Anc1108,-5.67878092892826,52,0.005040411238443965
LGF,63,Anc1109,-9.96578428466209,35,0.005040411238443965
LGF,63,Anc1110,-9.96578428466209,35,0.005040411238443965
LGF,63,Anc1111,-4.39191398469317,35,0.005040411238443965
LGF,63,Anc1112,-9.96578428466209,35,0.005040411238443965
LGF,63,Anc1113,-8.70453887913086,49,0.005040411238443965
LGF,63,Anc1114,-6.50529950814145,41,0.005040411238443965
LGF,63,Anc1115,-4.69978806435183,39,0.005040411238443965
LGF,63,Anc1116,-5.07532071932011,39,0.005040411238443965
LGF,63,Anc1117,-4.67351299466154,37,0.005040411238443965
LGF,63,Anc1118,-5.40561577053944,36,0.005040411238443965
LGF,63,Anc1119,-5.77783832161925,37,0.005040411238443965
LGF,63,Anc1120,-5.4951064714444,34,0.005040411238443965
LGF,63,Anc1121,-4.78742587846014,40,0.005040411238443965
LGF,63,Anc1122,-9.96578428466209,37,0.005040411238443965
LGF,63,Anc1123,-5.00584049458311,41,0.005040411238443965
LGF,63,Anc1124,-5.04750524783895,41,0.005040411238443965
LGF,63,Anc1125,-4.59133446914981,35,0.005040411238443965
LGF,63,Anc1126,-9.96578428466209,36,0.005040411238443965
LGF,63,Anc1127,-9.96578428466209,36,0.005040411238443965
LGF,63,Anc1128,-9.96578428466209,35,0.005040411238443965
LGF,63,Anc1129,-9.96578428466209,35,0.005040411238443965
LGF,63,Anc1130,-5.48915500984255,72,0.005040411238443965
LGF,63,Anc1131,-5.44364242050573,46,0.005040411238443965
LGF,63,Anc1132,-9.96578428466209,34,0.005040411238443965
LGF,63,Anc1133,-6.60572682917711,108,0.005040411238443965
LGF,63,Anc1134,-8.24912183895372,71,0.005040411238443965
LGF,63,Anc1135,-5.67257252135648,54,0.005040411238443965
LGF,63,Anc1136,-7.36056812600323,45,0.005040411238443965
LGF,63,Anc1137,-5.20410786264271,42,0.005040411238443965
LGF,63,Anc1138,-2.92536556980002,40,0.005040411238443965
LGF,63,Anc1139,-6.6864440475157,40,0.005040411238443965
LGF,63,Anc1140,-9.96578428466209,39,0.005040411238443965
LGF,63,Anc1141,-9.96578428466209,36,0.005040411238443965
LGF,63,Anc1142,-9.96578428466209,38,0.005040411238443965
LGF,63,Anc1143,-9.96578428466209,44,0.005040411238443965
LGF,63,Anc1144,-3.37703136382623,40,0.005040411238443965
LGF,63,Anc1145,-9.96578428466209,37,0.005040411238443965
LGF,63,Anc1146,-9.96578428466209,35,0.005040411238443965
LGF,63,Anc1147,-9.96578428466209,35,0.005040411238443965
LGF,63,Anc1148,-9.96578428466209,35,0.005040411238443965
LGF,63,Anc1149,-9.96578428466209,35,0.005040411238443965
LGF,63,Anc1150,-5.35755445294802,40,0.005040411238443965
LGF,63,Anc1151,-9.96578428466209,35,0.005040411238443965
LGF,63,Anc1152,-5.35755445294802,39,0.005040411238443965
LGF,63,Anc1153,-7.46716047719409,38,0.005040411238443965
LGF,63,Anc1154,-6.19393612704588,39,0.005040411238443965
LGF,63,Anc1155,-9.96578428466209,36,0.005040411238443965
LGF,63,Anc1156,-4.18501776113612,37,0.005040411238443965
LGF,63,Anc1157,-9.96578428466209,37,0.005040411238443965
LGF,63,Anc1158,-9.96578428466209,36,0.005040411238443965
LGF,63,Anc1159,-9.96578428466209,34,0.005040411238443965
LGF,63,Anc886,6.92621405280688,45,0.005040411238443965
LGF,63,A0A1K3L4M6,-5.54801148776673,35,0.005040411238443965
LGF,63,A0A1B3JJR0,-9.96578428466209,34,0.005040411238443965
LGF,63,A0A059IAA2,-9.96578428466209,36,0.005040411238443965
LGF,63,A0A1W1UHL0,-4.93298185956531,35,0.005040411238443965
LGF,63,A0A0Q7ASG2,-7.46329784554798,36,0.005040411238443965
LGF,63,A0A0N0JCM4,-4.37391890031588,37,0.005040411238443965
LGF,63,M5TBB3,-4.77901980418844,34,0.005040411238443965
LGF,63,S9PAM8,-5.62369730542081,35,0.005040411238443965
LGF,63,L0A0F6,-6.43793943822259,34,0.005040411238443965
LGF,63,A0A1H6YBA6,-6.96415308448248,35,0.005040411238443965
LGF,63,A0A221SZ12,-5.91180525905955,35,0.005040411238443965
LGF,63,C1D2X2,-5.26861287602188,36,0.005040411238443965
LGF,63,A0A1H4GSL5,-4.75810479805629,34,0.005040411238443965
LGF,63,A0A1W1UCG5,-9.96578428466209,39,0.005040411238443965
LGF,63,A0A1F8VUX3,-6.64439993795681,36,0.005040411238443965
LGF,63,A0A1U7P1P7,-4.80472096782744,34,0.005040411238443965
LGF,63,A0A0Q7WB73,-7.03127837071262,38,0.005040411238443965
LGF,63,A0A1M7Q1L8,-4.5893366807156,34,0.005040411238443965
LGF,63,A0A085EQI2,-4.56635436524738,35,0.005040411238443965
LGF,63,A0A1M7N8F1,-4.41972731635801,36,0.005040411238443965
LGF,63,A0A0B5IGS7,-7.55741982208857,34,0.005040411238443965
LGF,63,U4E003,-7.41879730260185,35,0.005040411238443965
LGF,63,A0A1H5SEP9,-9.96578428466209,34,0.005040411238443965
LGF,63,A0A1H1LAX5,-6.12512207338578,35,0.005040411238443965
LGF,63,A0JW80,-4.41288343259075,36,0.005040411238443965
LGF,63,A0A090T7F3,-7.68435604416665,39,0.005040411238443965
LGF,63,A0A1X0WDM9,-4.91582550379515,34,0.005040411238443965
LGF,63,W3YGY5,-9.96578428466209,34,0.005040411238443965
LGF,63,C6DD30,1.74165502247152,41,0.005040411238443965
LGF,63,A0A127L6S5,-3.95205699719542,44,0.005040411238443965
LGF,63,E0SHJ3,3.88695715881665,36,0.005040411238443965
LGF,63,A0A087KYI5,-4.88912756314496,34,0.005040411238443965
LGF,63,I0QQ91,-5.11432618686013,41,0.005040411238443965
LGF,63,A0A0E1CSG8,5.8059438317479,40,0.005040411238443965
LGF,63,A0A0G4JQF3,6.68595987332592,36,0.005040411238443965
LGF,63,A0A0A8VEL0,-4.53682104434005,35,0.005040411238443965
LGF,63,A0A0J8VTB2,3.34844263308938,39,0.005040411238443965
LGF,63,K9DEA6,-6.22853789129919,34,0.005040411238443965
LGF,63,A0A246BHK8,-5.74181844383924,37,0.005040411238443965
LGF,63,A7NGP9,-4.57577515114514,34,0.005040411238443965
LGF,63,A0A1W1UL06,-4.90459417155906,35,0.005040411238443965
LGF,63,A0A1H2FH35,-6.99401839048232,34,0.005040411238443965
LGF,63,D8MUA6,-1.36712824067358,39,0.005040411238443965
LGF,63,A0A0J8YPA1,-1.03650120470538,39,0.005040411238443965
LGF,63,A0A0U5L282,-6.8706655324837,38,0.005040411238443965
LGF,63,A0A0F3M1C7,-4.11844215463676,40,0.005040411238443965
LGF,63,A0A0U1HS86,-4.28659924357142,43,0.005040411238443965
LGF,63,A0A193KAD4,-7.53245565003263,34,0.005040411238443965
LGF,63,A0A0T7E980,-4.84646732279696,34,0.005040411238443965
LGF,63,E4NJL7,-6.16605821489916,50,0.005040411238443965
LGF,63,A0A0A0BXP1,-4.47222352878964,41,0.005040411238443965
LGF,63,A0A1H1W8H1,-5.22089600753265,36,0.005040411238443965
LGF,63,H0K1T0,-4.75471339471392,47,0.005040411238443965
LGF,63,A0A1R1IAY1,-5.28071074643995,35,0.005040411238443965
LGF,63,A0A1H3TDU9,-6.5908927985635,38,0.005040411238443965
LGF,63,A0A0P7CBU0,-5.15783549224582,37,0.005040411238443965
LGF,63,A0A1I1GU41,-6.8477952611434,35,0.005040411238443965
LGF,63,A0A259PLQ7,-9.96578428466209,37,0.005040411238443965
LGF,63,A0A1H3M597,-5.57092298340334,35,0.005040411238443965
LGF,63,A0A1H0PDG2,-5.84699751526997,34,0.005040411238443965
LGF,63,A9GMR9,-5.40998693898234,34,0.005040411238443965
LGF,63,C7Q3C1,-5.60471639114388,38,0.005040411238443965
LGF,63,C7PZQ1,-6.32464277183475,40,0.005040411238443965
LGF,63,F4FCZ3,-5.94581890426398,34,0.005040411238443965
LGF,63,A0A1C5ARW6,-6.11257587203616,34,0.005040411238443965
LGF,63,A0A1C5IA62,-6.18007503492679,35,0.005040411238443965
LGF,63,A0A1H2H9P2,-5.52446708209295,48,0.005040411238443965
LGF,63,A0A1I7BBG4,-5.52640136896547,36,0.005040411238443965
LGF,63,A0A0T9LVU6,-4.40248885856903,37,0.005040411238443965
LGF,63,A0A1I2DH06,-6.94922979879739,38,0.005040411238443965
LGF,63,A0A1M7RMN3,-4.31494702973317,38,0.005040411238443965
LGF,63,A0A0M8W6D7,-6.62522134661585,34,0.005040411238443965
LGF,63,A0A1V4EIM5,-6.37922079392262,34,0.005040411238443965
LGF,63,A0A1I1AJ09,-5.79578987183823,41,0.005040411238443965
LGF,63,A0A1G8DQI9,-6.53113329778992,34,0.005040411238443965
LGF,63,A0A1X7PHZ2,-5.13077846363452,34,0.005040411238443965
LGF,63,A0A239N9J1,-7.18578720448082,35,0.005040411238443965
LGF,63,A0A1I6IRI3,-4.56489927078029,37,0.005040411238443965
LGF,63,A0A0Q6J4J1,-6.06110056123748,51,0.005040411238443965
LGF,63,D7BTY1,-6.36129709007685,36,0.005040411238443965
LGF,63,A0A1K1SIY8,-5.24952285329879,41,0.005040411238443965
LGF,63,A4FHU2,-5.49114181685425,39,0.005040411238443965
LGF,63,A0A1M4EBQ8,-4.28116104863776,39,0.005040411238443965
LGF,63,A0A1I5L4N2,-8.67813605770924,34,0.005040411238443965
LGF,63,A0A0D6HF30,-4.58978643628763,45,0.005040411238443965
LGF,63,A0A1H1WY64,-5.91551726816932,41,0.005040411238443965
LGF,63,A0A126Z944,-9.96578428466209,35,0.005040411238443965
LGF,63,A0A0Q8V6W0,-5.58684131373941,43,0.005040411238443965
LGF,63,A0A1I0Z9W4,-4.27540678400705,37,0.005040411238443965
LGF,63,A0A0Q8E755,-4.04599855884832,39,0.005040411238443965
LGF,63,A0A1H1W7K0,-5.51864710226138,40,0.005040411238443965
LGF,63,A0A1H3TKI9,-5.93246330831333,34,0.005040411238443965
LGF,63,K0UME0,-5.26550199595655,39,0.005040411238443965
LGF,63,A0A0S9R733,-4.64049950035939,41,0.005040411238443965
LGF,63,A0A1V1W7H9,-6.791689533237,34,0.005040411238443965
LGF,63,A0A1H1X0D0,-5.44527572727445,35,0.005040411238443965
LGF,63,A0A0S9DC93,-5.32824526806605,42,0.005040411238443965
LGF,63,A0A1H1UBD5,-5.99573372312841,34,0.005040411238443965
LGF,63,A0A0Q4DR81,-4.22491018020568,40,0.005040411238443965
LGF,63,A0A1I4G0J2,-6.1620243452099,39,0.005040411238443965
LGF,63,A0A0Q5J240,-4.54360182309747,34,0.005040411238443965
LGF,63,A0A1M6E344,-9.96578428466209,34,0.005040411238443965
LGF,63,A0A0L7BTT1,-7.90891010432018,36,0.005040411238443965
LGF,63,A0A1H9D0N9,-6.49779328510622,37,0.005040411238443965
LGF,63,A0A1N7EMZ7,-5.20040724556651,37,0.005040411238443965
LGF,63,A0A0Q9S7Q8,-5.53191228206152,40,0.005040411238443965
LGF,63,A0A1E8CRY9,-5.30252768922631,34,0.005040411238443965
LGF,63,A0A0F0ENK7,-7.217993222062,40,0.005040411238443965
LGF,63,A0A0Q6V868,-5.53603036499706,35,0.005040411238443965
LGF,63,A0A1I3LXW3,-4.07156054232221,37,0.005040411238443965
LGF,63,E4NJJ5,-6.154073743793,44,0.005040411238443965
LGF,63,A0A1W1VWL2,-5.04750524783895,35,0.005040411238443965
LGF,63,A0A0T2IH80,-5.0935991255032,40,0.005040411238443965
LGF,63,J7M001,-5.46073072142947,36,0.005040411238443965
LGF,63,B5HW79,-5.05148504356722,37,0.005040411238443965
LGF,63,A0A1A1ZC00,-5.48077758080791,35,0.005040411238443965
LGF,63,A0A1T4LQW1,-5.88978559627406,42,0.005040411238443965
LGF,63,D9VME1,-4.43698521524766,37,0.005040411238443965
LGF,63,A0A1C4NJN9,-4.87849191023738,35,0.005040411238443965
LGF,63,D6AFV3,-4.70608059624049,38,0.005040411238443965
LGF,63,A0A1H4MG28,-5.72591703125225,36,0.005040411238443965
LGF,63,A0A136PRW1,-5.81787780490352,40,0.005040411238443965
LGF,63,A0A1T5FTY1,-5.71158429435518,36,0.005040411238443965
LGF,63,A0A1I7BET3,-4.89156007071058,36,0.005040411238443965
LGF,63,A0A0Q9AB37,-4.31572472120937,34,0.005040411238443965
LGF,63,A0A0A5I278,-5.87390678892448,34,0.005040411238443965
LGF,63,A0A1E4CZH0,-8.49884547063544,35,0.005040411238443965
LGF,63,A0A1Y6FQG5,-8.10488586712741,39,0.005040411238443965
LGF,63,A0A1G7WHR0,-6.98009915239824,38,0.005040411238443965
LGF,63,A0A1Z3LFP3,-6.78748956010109,38,0.005040411238443965
LGF,63,A0A1S2JF62,-7.73179479947582,34,0.005040411238443965
LGF,63,Z9JQ40,-5.24857692803576,34,0.005040411238443965
LGF,63,A0A011TZL6,-4.38628356399083,34,0.005040411238443965
LGF,63,A0A1X6XTZ9,-5.28706295363793,34,0.005040411238443965
LGF,63,A0A0Q5KHT9,-4.9522508058647,34,0.005040411238443965
LGF,63,C4B4W0,-5.43272573927165,34,0.005040411238443965
LGF,63,A0A1I6U933,-7.33274165489129,37,0.005040411238443965
LGF,63,A0A1X6X5B9,-5.94021252605481,34,0.005040411238443965
LGF,63,A0A1H5L195,-4.75176735645598,37,0.005040411238443965
LGF,63,D3Q985,-4.51022566191589,39,0.005040411238443965
LGF,63,A0A259PHU3,-5.72591703125225,35,0.005040411238443965
LGF,63,A0A1C7NWS8,-9.96578428466209,34,0.005040411238443965
LGF,63,A0A0J7Z144,-4.67389643218711,36,0.005040411238443965
LGF,63,A0A1I0XJM5,-7.37297374836708,44,0.005040411238443965
LGF,63,A0A0A0B5A4,-5.2939394219951,40,0.005040411238443965
LGF,63,F4H0N4,-4.46753993402402,58,0.005040411238443965
LGF,63,A0A1I3U3Z6,-5.95972792425594,46,0.005040411238443965
LGF,63,A0A1I2CQ75,-4.56161967133217,43,0.005040411238443965
LGF,63,D1BB84,-5.65166156959808,41,0.005040411238443965
LGF,63,A0A222XBP2,-5.68383860967107,41,0.005040411238443965
LGF,63,A0A1M3F1W2,-5.35395596418267,40,0.005040411238443965
LGF,63,A0A1I1AIW4,-7.9819458230607,38,0.005040411238443965
LGF,63,D5UL43,-5.81951296010959,36,0.005040411238443965
LGF,63,A0A0M0FCT2,-4.98572568790817,46,0.005040411238443965
LGF,63,A5CLW8,-4.97938969721239,34,0.005040411238443965
LGF,63,A0A0Q8UXF3,-5.50339362977771,35,0.005040411238443965
LGF,63,A0A0S2YSG1,-5.90026319411417,34,0.005040411238443965
LGF,63,A0A1R1LV45,-4.97938969721239,34,0.005040411238443965
LGF,63,A0JRF0,-4.94001247250144,41,0.005040411238443965
LGF,63,A0A021VVY7,-9.96578428466209,36,0.005040411238443965
LGF,63,U2PT50,-5.60880697940887,34,0.005040411238443965
LGF,63,T0HF28,-5.55091216756082,35,0.005040411238443965
LGF,63,A0A0Q4IHQ5,-7.62296763779462,34,0.005040411238443965
LGF,63,A0A1G8DR42,-5.27003258295263,34,0.005040411238443965
LGF,63,A0A0P0DWM4,-5.19331393508626,39,0.005040411238443965
LGF,63,A0A0C7P0X1,-7.59371760557032,36,0.005040411238443965
LGF,63,A0A0A8T9M5,-6.06765117806986,35,0.005040411238443965
LGF,63,A0A0Q8AK68,-5.81487462097277,35,0.005040411238443965
LGF,63,A0A0M2HPP4,-6.72259256212963,34,0.005040411238443965
LGF,63,A0A1G6R7D0,-5.08031703357488,37,0.005040411238443965
LGF,63,A0A1G6IZU0,-6.42918843338614,37,0.005040411238443965
LGF,63,H8E3S9,-4.88912756314496,35,0.005040411238443965
LGF,63,A0A1G6GMT3,-6.20764470140094,36,0.005040411238443965
LGF,63,A0A1E4CM19,-6.04012985518189,35,0.005040411238443965
LGF,63,A0A147EH44,-4.86426264684497,37,0.005040411238443965
LGF,63,A0A163HIY3,-5.39009412428422,36,0.005040411238443965
LGF,63,A0A0L6HZ54,-5.68290348340413,44,0.005040411238443965
LGF,63,A0A1E4D7W4,-4.30141472867143,38,0.005040411238443965
LGF,63,A0A1Z3LNJ8,-6.56320716210946,34,0.005040411238443965
LGF,63,A0A1G7ZPC2,-6.13134844007831,34,0.005040411238443965
LGF,63,A0A086ZT29,-4.04003255163998,34,0.005040411238443965
LGF,63,A0A0U5BXX7,-6.52122814090789,40,0.005040411238443965
LGF,63,A0A1G6TYG9,-3.62201819784845,42,0.005040411238443965
LGF,63,A0A0Q8VPQ8,-5.64974384060258,43,0.005040411238443965
LGF,63,A0A1H8AGE9,-5.24857692803576,36,0.005040411238443965
LGF,63,A0A1V2ZF46,-5.65166156959808,39,0.005040411238443965
LGF,63,A0A1S2HE60,-7.04610705630127,35,0.005040411238443965
LGF,63,A0A0Q4FHD4,-7.0527822253818,39,0.005040411238443965
LGF,63,A0A0D7QNV7,-6.78538383507304,47,0.005040411238443965
LGF,63,A0A1H1NPJ6,-4.3760907067918,34,0.005040411238443965
LGF,63,A0A1G8I245,-9.96578428466209,35,0.005040411238443965
LGF,63,A0A0Q5LLE1,-4.79244479034036,41,0.005040411238443965
LGF,63,A0A1I6MP79,-4.60671966038341,35,0.005040411238443965
LGF,63,A0A0A6VVZ9,-7.0633792676076,35,0.005040411238443965
LGF,63,A0A143QM87,-7.47611616220377,36,0.005040411238443965
LGF,63,A0A286HC04,-6.90649183414873,38,0.005040411238443965
LGF,63,A1SDN7,-5.15762147867057,35,0.005040411238443965
LGF,63,C7R598,-9.96578428466209,35,0.005040411238443965
LGF,63,A0A0F0LLG4,-5.50187540058169,35,0.005040411238443965
LGF,63,A0A1H4G5D6,-5.33362246257291,40,0.005040411238443965
LGF,63,A0A1Y3M831,-5.45491339018497,38,0.005040411238443965
LGF,63,A0A060ZYA4,-7.64762182007391,34,0.005040411238443965
LGF,63,W1TKP5,-5.44980213235218,34,0.005040411238443965
LGF,63,A0A0Q6YBJ1,-6.95547193180843,34,0.005040411238443965
LGF,63,A0A1J5REB6,-4.88110426057491,36,0.005040411238443965
LGF,63,A0A0U3H4B0,-5.08193685752809,36,0.005040411238443965
LGF,63,D6KDT6,-5.61288481907559,34,0.005040411238443965
LGF,63,M9U968,-6.42576814917311,35,0.005040411238443965
LGF,63,A0A1N6PR17,-5.01387627035891,36,0.005040411238443965
LGF,63,A0A0S2LWU0,-5.22367368532464,34,0.005040411238443965
LGF,63,A0A1I2N8I2,-4.65556368532788,36,0.005040411238443965
LGF,63,A0A062UD88,-5.84699751526997,36,0.005040411238443965
LGF,63,A0A0Q5CK58,-5.45395278010943,36,0.005040411238443965
LGF,63,A0A1T5KR52,-5.41556319389412,41,0.005040411238443965
LGF,63,D1BDP0,-6.15366315066585,41,0.005040411238443965
LGF,63,A0A1H5IF87,-7.53875600558566,34,0.005040411238443965
LGF,63,A0A143BTN6,-6.51911649087187,35,0.005040411238443965
LGF,63,A0A286CQM6,-5.22921181017473,35,0.005040411238443965
LGF,63,A0A117R4E0,-8.06352405622822,35,0.005040411238443965
LGF,63,A0A229TAW8,-5.80398648404969,36,0.005040411238443965
LGF,63,A0A1G7AJX5,-5.21147857834817,39,0.005040411238443965
LGF,63,A0A1L8QK12,-4.78957910069402,35,0.005040411238443965
LGF,63,A0A1B1ZVH3,-5.41177389545632,39,0.005040411238443965
LGF,63,A0A1A9BAL0,-5.59787020600535,45,0.005040411238443965
LGF,63,A0A1Q5DG62,-4.75691876388888,46,0.005040411238443965
LGF,63,A0A285HMG4,-6.99296539064487,34,0.005040411238443965
LGF,63,A0A1H7P7U1,-6.88814183714142,35,0.005040411238443965
LGF,63,A0A0F0LE68,-7.46039114463523,39,0.005040411238443965
LGF,63,A0A1T4YF09,-6.8409301128307,34,0.005040411238443965
LGF,63,A0A251XR00,-4.51623148716619,34,0.005040411238443965
LGF,63,C7QZ41,-9.96578428466209,39,0.005040411238443965
LGF,63,A0A1M6HTN2,-5.21147857834817,36,0.005040411238443965
LGF,63,A0A286HBA7,-5.49170892655905,40,0.005040411238443965
LGF,63,A0A096KSS2,-4.99674282484133,34,0.005040411238443965
LGF,63,A0A0N1GL78,-6.89964529753309,34,0.005040411238443965
LGF,63,A0A0M8U3L5,-3.86574142595834,34,0.005040411238443965
LGF,63,A0A1G9G0E8,-5.28303525226362,38,0.005040411238443965
LGF,63,A0A177KDQ6,-7.11110444684597,35,0.005040411238443965
LGF,63,A0A163R0Y6,-4.90960331559135,34,0.005040411238443965
LGF,63,A0A0S9K9M7,-5.04163121674675,52,0.005040411238443965
LGF,63,A0A1Y6F8Z4,-6.73145764133559,40,0.005040411238443965
LGF,63,A0A1H8XIA7,-5.04750524783895,42,0.005040411238443965
LGF,63,A0A1B1BFS5,-4.65186754568503,37,0.005040411238443965
LGF,63,A0A221NI33,-4.62193449199572,34,0.005040411238443965
LGF,63,A0A175S0Y7,-4.99275795347555,35,0.005040411238443965
LGF,63,A0A0Q8LJQ2,-7.90891010432018,35,0.005040411238443965
LGF,63,A0A1Q5DF70,-5.12238357684676,51,0.005040411238443965
LGF,63,A0A0Q5PSM2,-7.58176711954226,49,0.005040411238443965
LGF,63,A0A0Q7S4A5,-5.11921308789485,38,0.005040411238443965
LGF,63,A0A0M8MLA8,-6.37773715324697,41,0.005040411238443965
LGF,63,A0A0Q5CAV3,-5.44672586368766,34,0.005040411238443965
LGF,63,A0A0P0DN25,-5.55034289647004,34,0.005040411238443965
LGF,63,A0A161SE13,-9.96578428466209,34,0.005040411238443965
LGF,63,A0A134DJA8,-5.14363696068264,34,0.005040411238443965
LGF,63,A0A1H3MMA4,-5.13328837557313,42,0.005040411238443965
LGF,63,A0A1X7KEB1,-4.77490760056015,50,0.005040411238443965
LGF,63,A0A1Q4A1T8,-5.41039327713124,36,0.005040411238443965
LGF,63,A0A095X2E2,-3.47418021779849,37,0.005040411238443965
LGF,63,W1TR21,-5.93246330831333,34,0.005040411238443965
LGF,63,A0A1N1VUQ6,-4.86083649550235,35,0.005040411238443965
LGF,63,A0A0F0L2F1,-4.32854906053084,39,0.005040411238443965
LGF,63,A0A0U3QQE6,-9.96578428466209,36,0.005040411238443965
LGF,63,A0A225CK20,-8.16011799214589,37,0.005040411238443965
LGF,63,A0A0Q7U949,-4.92595583080873,34,0.005040411238443965
LGF,63,A0A0N7FBC0,-9.96578428466209,39,0.005040411238443965
LGF,63,A0A0S9QFK6,-9.96578428466209,35,0.005040411238443965
LGF,63,A0A1B9NIF4,-6.29958428788263,36,0.005040411238443965
LGF,63,A0A1D2I9D4,-3.85263756952939,36,0.005040411238443965
LGF,63,A0A1H6DRG6,-5.66365172687419,40,0.005040411238443965
LGF,63,A0A0S9DAV9,-5.38687581646264,36,0.005040411238443965
LGF,63,A0A1H2DDS1,-8.61168068319187,36,0.005040411238443965
LGF,63,B4V8E3,-9.96578428466209,39,0.005040411238443965
LGF,63,J1HK41,-5.57199023855206,34,0.005040411238443965
LGF,63,D1BB53,-7.79152178057353,34,0.005040411238443965
LGF,63,A0A1Y5P2C6,-5.47717090439758,37,0.005040411238443965
LGF,63,L7FC76,-4.49566215321451,37,0.005040411238443965
LGF,63,A0A1I3KX99,-5.76594273890676,34,0.005040411238443965
LGF,63,A0A1I6I5X0,-6.07616635311368,38,0.005040411238443965
LGF,63,A0A161SE73,-5.10838662892117,34,0.005040411238443965
LGF,63,W0Z6Q4,-9.96578428466209,35,0.005040411238443965
LGF,63,A0A1H0ZKQ3,-9.96578428466209,34,0.005040411238443965
LGF,63,A0A031FY84,-4.78957910069402,35,0.005040411238443965
LGF,63,A0A1H0PN91,-5.03319518230491,35,0.005040411238443965
LGF,63,A0A1W2FUK4,-9.96578428466209,36,0.005040411238443965
LGF,63,A0A1G7G014,-5.14363696068264,34,0.005040411238443965
LGF,63,A0A0R0AJW0,-9.96578428466209,34,0.005040411238443965
LGF,63,A0A1I3ATA6,-5.32419807019294,34,0.005040411238443965
LGF,63,J0MY36,-4.68179136384361,34,0.005040411238443965
LGF,63,J3J4J3,-7.37912113028053,35,0.005040411238443965
LGF,63,A0A1M7RP04,-5.53531063088107,35,0.005040411238443965
LGF,63,A0A1H2DYB4,-5.30102873004349,36,0.005040411238443965
LGF,63,E8JL32,-5.95594958669194,37,0.005040411238443965
LGF,63,A0A243W4X2,-4.58098117557457,35,0.005040411238443965
LGF,63,A0A1F8NDM9,-5.42811645236875,34,0.005040411238443965
LGF,63,A0A1F8QRT5,-7.76710115894784,35,0.005040411238443965
LGF,63,A0A1F8TB12,-6.96631292596038,35,0.005040411238443965
LGF,63,A0A0P6XHA1,-5.27099712232046,34,0.005040411238443965
LGF,63,A0A285Y2W8,-9.96578428466209,34,0.005040411238443965
LGF,63,A9AYR0,-6.18007503492679,34,0.005040411238443965
LGF,63,A0A1V5WDU7,-6.80627024830389,34,0.005040411238443965
LGF,63,A0A0Q0DN51,-4.99674282484133,34,0.005040411238443965
LGF,63,U2H7G6,-4.95684828412635,34,0.005040411238443965
LGF,63,A0A1X7D7X5,-8.36819164714474,34,0.005040411238443965
LGF,63,A0A1H7FLM4,-6.63004524327542,34,0.005040411238443965
LGF,63,A0A0Q7RYN9,-9.96578428466209,34,0.005040411238443965
LGF,63,A0A1Q5XDP7,-9.96578428466209,34,0.005040411238443965
LGF,63,A0A1C0ZXS6,-9.96578428466209,34,0.005040411238443965
LGF,63,A0A1C4C6Z5,-4.5048953000435,34,0.005040411238443965
LGF,63,A0A1H9TXD8,-6.81657325349132,34,0.005040411238443965
LGF,63,A0A1B7ISH0,-5.27003258295263,38,0.005040411238443965
LGF,63,A0A1S2BJS9,-5.86052263025631,35,0.005040411238443965
LGF,63,H5V2R9,-8.35856395980307,34,0.005040411238443965
LGF,63,S0AGK7,-9.96578428466209,35,0.005040411238443965
LGF,63,W0HUK6,3.42979531196107,42,0.005040411238443965
LGF,63,A0A1X3KQU6,-6.13950895584104,35,0.005040411238443965
LGF,63,A0A0Q5AUM2,-6.24126906666856,34,0.005040411238443965
LGF,63,A0A1I6IUV5,-5.87148366441913,37,0.005040411238443965
LGF,63,A0A0Q8LNK5,-6.93347136939708,34,0.005040411238443965
LGF,63,A0A1H4GAF9,-6.0351625160149,34,0.005040411238443965
LGF,63,L8TSE5,-6.00056550237264,34,0.005040411238443965
LGF,63,A0A0C5L7P3,-4.60789603311872,34,0.005040411238443965
LGF,63,A0A0C2S5V3,-6.26882556057921,36,0.005040411238443965
LGF,63,A0A1Y6G9Q2,-5.59052793814261,34,0.005040411238443965
LGF,63,S5Z6C4,-6.98768544937991,34,0.005040411238443965
LGF,63,A0A0A0INS8,-9.96578428466209,35,0.005040411238443965
LGF,63,A0A1H7HH43,-4.35709779615942,34,0.005040411238443965
LGF,63,A0A0M5MJB0,-5.16988734256088,34,0.005040411238443965
LGF,63,A0A1M6LNU0,-9.96578428466209,34,0.005040411238443965
LGF,63,A0A1N6N190,-5.02005319497538,34,0.005040411238443965
LGF,63,A0A0H2Y663,-5.1723222113302,34,0.005040411238443965
LGF,63,G9Z317,-4.94400205508871,34,0.005040411238443965
LGF,63,A0A099S9K8,-5.06728791543716,34,0.005040411238443965
LGF,63,R3WCY8,-9.96578428466209,35,0.005040411238443965
LGF,63,B7R5Z6,-5.39343290249887,35,0.005040411238443965
LGF,63,A0A150FR77,-5.03981867082095,35,0.005040411238443965
LGF,63,A0A239FAU8,-6.87652081370456,35,0.005040411238443965
LGF,63,C9P703,-4.65981612323624,34,0.005040411238443965
LGF,63,A4SPJ1,-4.93242849347231,34,0.005040411238443965
LGF,63,F0EV20,-8.23211307914392,35,0.005040411238443965
LGF,63,M4U7D4,-4.40348650858455,36,0.005040411238443965
LGF,63,D4HWS4,-5.67257252135648,34,0.005040411238443965
LGF,63,A0A0H2W5X1,-5.12023965195946,38,0.005040411238443965
LGF,63,A0A1N6XSS6,-5.20410786264271,37,0.005040411238443965
LGF,63,A0A1Y1B530,-5.28203953117918,34,0.005040411238443965
LGF,63,Q084Z8,-9.96578428466209,34,0.005040411238443965
LGF,63,A3YCK8,-9.96578428466209,34,0.005040411238443965
LGF,63,R9PKH5,-5.90026319411417,34,0.005040411238443965
LGF,63,A0A066UXB9,-9.96578428466209,34,0.005040411238443965
LGF,63,G8LPN3,-5.01953952764685,34,0.005040411238443965
LGF,63,A0A240AUL7,-7.24731242671043,34,0.005040411238443965
LGF,63,U2LSW6,-6.10140064336168,34,0.005040411238443965
LGF,63,C9XZL7,-9.96578428466209,39,0.005040411238443965
LGF,63,A0A1X1LCI3,-4.54010965375023,34,0.005040411238443965
LGF,63,A0A1I5TH43,-9.96578428466209,34,0.005040411238443965
LGF,63,A0A220U334,-5.15390648231881,34,0.005040411238443965
LGF,63,A0A0S6UFN3,-6.27658739361477,34,0.005040411238443965
LGF,63,A0A090P2F4,-9.96578428466209,34,0.005040411238443965
LGF,61,A0A1V3IX86,-9.96578428466209,34,0.021538156379101385
LGF,61,A0A0F5EQY1,-9.96578428466209,35,0.021538156379101385
LGF,61,A0A077MSU0,-5.72142948390216,45,0.021538156379101385
LGF,61,C4LAK1,-7.36802934878542,43,0.021538156379101385
LGF,61,A0A0G3CW57,-9.96578428466209,38,0.021538156379101385
LGF,61,A0A242NIW0,-9.96578428466209,40,0.021538156379101385
LGF,61,A0A0J5P2M5,-4.4785349618205,44,0.021538156379101385
LGF,61,V9ZZE6,-6.55414494545269,35,0.021538156379101385
LGF,61,A0A1B8HQH7,-9.96578428466209,42,0.021538156379101385
LGF,61,A0A066RR29,-4.26074449517177,47,0.021538156379101385
LGF,61,A0A0J1HGF6,-5.3654369959298,42,0.021538156379101385
LGF,61,A0A1M7RR64,-6.17168383989985,61,0.021538156379101385
LGF,61,A0A1M5QGZ9,-5.06728791543716,35,0.021538156379101385
LGF,61,A0A193KA50,-5.76272130219504,35,0.021538156379101385
LGF,61,E8LUB2,-6.38513739078281,66,0.021538156379101385
LGF,61,A0A1C3EGN1,-6.4184063708831,41,0.021538156379101385
LGF,61,W1N7X5,-4.57577515114514,35,0.021538156379101385
LGF,61,A0A0Q9SE70,-6.003776499101,44,0.021538156379101385
LGF,61,A0A0F5FS33,-5.75758836382747,36,0.021538156379101385
LGF,61,I2F844,-6.61916369433998,64,0.021538156379101385
LGF,61,K9ZXM6,-9.96578428466209,41,0.021538156379101385
LGF,61,A0A1H4J8R0,-5.8027362522542,39,0.021538156379101385
LGF,61,A0A1S7BF47,-9.96578428466209,34,0.021538156379101385
LGF,61,F4H0P6,-9.96578428466209,42,0.021538156379101385
LGF,61,A0A0Q4PKE7,-4.84486134835731,36,0.021538156379101385
LGF,61,A0A0Q7SD62,-4.23215137183675,37,0.021538156379101385
LGF,61,A0A0Q5MNM5,-5.5213891228391,47,0.021538156379101385
LGF,61,A0A0C2N6S2,-8.94170724600432,39,0.021538156379101385
LGF,61,A0A1Q6Z695,-5.73994398619066,38,0.021538156379101385
LGF,61,A0A1X7CJN3,-5.57571880744392,43,0.021538156379101385
LGF,61,J7LHG4,-6.58590668975534,47,0.021538156379101385
LGF,61,A0A0W0P5W0,-9.96578428466209,39,0.021538156379101385
LGF,61,A0A069PAP5,-9.96578428466209,40,0.021538156379101385
LGF,61,A0A1E4UYI9,-9.96578428466209,45,0.021538156379101385
LGF,61,A0A285P160,-5.01787632448944,43,0.021538156379101385
LGF,61,H5WA11,-3.00638167605533,40,0.021538156379101385
LGF,61,A0A0P6XSZ0,-5.06401087638055,54,0.021538156379101385
LGF,61,A0A1I5XGU4,-9.96578428466209,58,0.021538156379101385
LGF,61,A0A1F4K410,-4.93320314284256,35,0.021538156379101385
LGF,61,A0A231N5E8,-6.70013090602858,39,0.021538156379101385
LGF,61,A0A1I1ML62,-9.96578428466209,52,0.021538156379101385
LGF,61,A0A0Q6X0R4,-8.64738078564295,40,0.021538156379101385
LGF,61,B9K9B4,-4.77225748793464,37,0.021538156379101385
LGF,61,A0A1I1BD03,-9.96578428466209,34,0.021538156379101385
LGF,61,A0A1R0YJ64,-6.63004524327542,34,0.021538156379101385
LGF,61,A0A1H3GPC7,-6.3369830100756,36,0.021538156379101385
LGF,61,A0A176J909,-5.35755445294802,39,0.021538156379101385
LGF,61,A0A0M0KRF2,-6.86870707082059,36,0.021538156379101385
LGF,61,A0A1S6ZEV3,-5.80755191238785,37,0.021538156379101385
LGF,61,A0A1Y0CR35,-4.76076961756713,36,0.021538156379101385
LGF,61,W4QKR8,-8.3014899071895,35,0.021538156379101385
LGF,61,A0A0J5R082,-5.53718112067456,35,0.021538156379101385
LGF,61,A0A0A2UZU2,-5.74649276145992,35,0.021538156379101385
LGF,61,A0A0A5G4Q0,-5.35289572853692,34,0.021538156379101385
LGF,61,A0A167UVL9,-6.6942846698063,34,0.021538156379101385
LGF,61,A0A1N6EXG2,-5.11929524184356,40,0.021538156379101385
LGF,61,A0A1F8NQY9,-5.76686167812982,44,0.021538156379101385
LGF,61,A0A0Q5WMU2,-6.11772357480451,35,0.021538156379101385
LGF,61,S3IZ30,-5.92973487121994,54,0.021538156379101385
LGF,61,A0A077N9K7,-4.70984228224429,37,0.021538156379101385
LGF,61,A0A085G551,-5.42185469977049,39,0.021538156379101385
LGF,61,A0A081KFV4,-6.45118822756704,80,0.021538156379101385
LGF,61,C9Y2Q7,-6.83286844669287,46,0.021538156379101385
LGF,61,A0A1T5HY42,-6.83488918233503,37,0.021538156379101385
LGF,61,A0A085U6Z2,-6.78085861142147,47,0.021538156379101385
LGF,61,I3VVH4,-5.40898299843129,57,0.021538156379101385
LGF,61,A0A1M9GF56,-8.7074016707798,37,0.021538156379101385
LGF,61,A0A024P3Y2,-4.23747940667861,34,0.021538156379101385
LGF,61,A0A0A1Q197,-6.47608547668994,39,0.021538156379101385
LGF,61,A0A1T2X5S2,-7.67893523962974,35,0.021538156379101385
LGF,61,A0A1X9M5V5,-4.61053919504302,51,0.021538156379101385
LGF,61,A0A1W5ZR18,-9.96578428466209,36,0.021538156379101385
LGF,61,K1J2F5,-4.75912058019971,41,0.021538156379101385
LGF,61,A0A0B9H2Z0,-5.83920450128164,40,0.021538156379101385
LGF,61,F6B8R2,-5.57476104456643,52,0.021538156379101385
LGF,61,A0A1W5ZYY3,-6.20764470140094,34,0.021538156379101385
LGF,61,A0A1V3HK07,-5.79476518472266,44,0.021538156379101385
LGF,61,A0A1Z9YFY0,-7.98582859069172,41,0.021538156379101385
LGF,61,W7QH61,-4.75176735645598,48,0.021538156379101385
LGF,61,A0A1M5EIK9,-9.96578428466209,53,0.021538156379101385
LGF,61,A0A1E5CGT7,-6.97705017337482,41,0.021538156379101385
LGF,61,A0A0H6ITJ3,-9.96578428466209,45,0.021538156379101385
LGF,61,A0A0M3EMP9,-9.96578428466209,54,0.021538156379101385
LGF,61,A0A0C2NRH7,-7.17958402401166,46,0.021538156379101385
LGF,61,A0A1R4B230,-7.0189965413492,47,0.021538156379101385
LGF,61,A0A0H2LMF7,-3.32210197125496,42,0.021538156379101385
LGF,61,A0A1A6LZR4,-6.39454466353978,34,0.021538156379101385
LGF,61,A0A090I6B7,-6.6008027097986,43,0.021538156379101385
LGF,61,A0A1B9PFT8,-3.20815966476193,45,0.021538156379101385
LGF,61,U4E9Q6,-7.43285188590407,56,0.021538156379101385
LGF,61,A0A0J8H0Z4,-9.96578428466209,36,0.021538156379101385
LGF,61,A0A1X1MPA6,-5.52794675340693,44,0.021538156379101385
LGF,61,A0A1M5ZLJ7,-5.99312435877742,47,0.021538156379101385
LGF,61,A0A1B8IAP5,-5.27927826652142,50,0.021538156379101385
LGF,61,A0A0C5WJR4,-9.96578428466209,34,0.021538156379101385
LGF,61,A0A136A214,-6.32559643614586,39,0.021538156379101385
LGF,61,A0A0J8YR78,-6.03622858925659,39,0.021538156379101385
LGF,61,A0A0J8GTZ8,-9.96578428466209,35,0.021538156379101385
LGF,61,Q2B3S3,-6.45716281551323,34,0.021538156379101385
LGF,61,A0A165JXV3,-9.96578428466209,38,0.021538156379101385
LGF,61,A0A1H6LKQ3,-5.69570293592925,41,0.021538156379101385
LGF,61,A0A1J7C6N8,-7.16646995851284,48,0.021538156379101385
LGF,61,A0A1E5BZ97,-5.75564085102143,58,0.021538156379101385
LGF,61,A0A1B9L737,-5.95972792425594,42,0.021538156379101385
LGF,61,K6YPC4,-4.42721665513052,34,0.021538156379101385
LGF,61,K6YVH7,-5.67257252135648,69,0.021538156379101385
LGF,61,B1KRG0,-6.06519868064788,48,0.021538156379101385
LGF,61,A0A0N8Q4A7,-7.03263466505063,52,0.021538156379101385
LGF,61,A0A0F4P0B9,-7.99354185341337,62,0.021538156379101385
LGF,61,A0A0W1L556,-9.96578428466209,40,0.021538156379101385
LGF,61,A0A010QIH2,-4.89207162345786,54,0.021538156379101385
LGF,61,U1KIS8,-9.96578428466209,59,0.021538156379101385
LGF,61,A0A1I0E0B7,-8.06705082882707,78,0.021538156379101385
LGF,61,A0A136I149,-5.62181156342756,46,0.021538156379101385
LGF,61,A0A1Q6CJI5,-9.96578428466209,49,0.021538156379101385
LGF,61,A4C564,-6.08790520734543,62,0.021538156379101385
LGF,61,A0A0Q0HS09,-9.96578428466209,63,0.021538156379101385
LGF,61,A0A1E5IVE9,-9.96578428466209,64,0.021538156379101385
LGF,61,A0A1S2T5M0,-7.48940198818462,52,0.021538156379101385
LGF,61,A0A0M2V4W0,-6.1978682877064,56,0.021538156379101385
LGF,61,A0A1H3XML9,-6.61843468922118,55,0.021538156379101385
LGF,61,A0A0P7XM53,-4.46333874879241,70,0.021538156379101385
LGF,61,K6W3R6,-9.96578428466209,51,0.021538156379101385
LGF,61,A0A148KN52,-9.96578428466209,49,0.021538156379101385
LGF,61,A0A0U3B8C1,-7.27476075459069,44,0.021538156379101385
LGF,61,A0A1S6HTM8,-4.82021456149458,73,0.021538156379101385
LGF,61,A0A220PX32,-6.98415157980051,68,0.021538156379101385
LGF,61,B1KHD0,-5.31742528495473,48,0.021538156379101385
LGF,61,A0A1B7UMJ8,-3.03019478504747,63,0.021538156379101385
LGF,61,A0A1M5MHB7,-4.97670013712032,96,0.021538156379101385
LGF,61,A0A0S1YQW9,-6.14768222246166,43,0.021538156379101385
LGF,61,A0A1Z9YMI9,-5.84699751526997,43,0.021538156379101385
LGF,61,A0A193KCX6,-6.65505255808521,36,0.021538156379101385
LGF,61,A0A1I5KA31,-5.34962487997712,38,0.021538156379101385
LGF,61,A0A090T3S6,-9.96578428466209,41,0.021538156379101385
LGF,61,A0A1X0WFI6,-5.05061546509075,41,0.021538156379101385
LGF,61,Q6CYR9,-5.76717962045866,47,0.021538156379101385
LGF,61,A0A1T4LN99,-4.62646626954374,35,0.021538156379101385
LGF,61,V3TP45,-6.20554549138626,42,0.021538156379101385
LGF,61,A0A1N6VIU0,-5.72795170689463,42,0.021538156379101385
LGF,61,A0A1Y6IYW9,-5.61965309365403,55,0.021538156379101385
LGF,61,L8JAL6,-5.72189045988564,66,0.021538156379101385
LGF,61,A0A1D8MVF0,-5.39650740948302,45,0.021538156379101385
LGF,61,A0A1B9NYQ2,-9.96578428466209,37,0.021538156379101385
LGF,61,A0A151JFA1,-4.21580530869208,58,0.021538156379101385
LGF,61,A0A0F5VGK7,-9.96578428466209,40,0.021538156379101385
LGF,61,A0A1M7YPJ1,-6.94085273396207,44,0.021538156379101385
LGF,61,A0A0C3E806,-7.1267687118253,85,0.021538156379101385
LGF,61,U4E477,-9.96578428466209,36,0.021538156379101385
LGF,61,A0A081N511,-7.21627688881885,61,0.021538156379101385
LGF,61,A0A0J1GRB0,-9.96578428466209,35,0.021538156379101385
LGF,61,A0A0C5WRW7,-9.96578428466209,34,0.021538156379101385
LGF,61,A0A085QMC5,-9.96578428466209,36,0.021538156379101385
LGF,62,U4EBX8,-8.0456633108601,34,0.05257704617579818
LGF,62,G8LIM0,-7.82929186167663,41,0.05257704617579818
LGF,62,C7PZR2,-9.96578428466209,40,0.05257704617579818
LGF,62,A0A0Q5EEE6,-5.12181219745078,42,0.05257704617579818
LGF,62,A0A101EBC7,-6.88814183714142,34,0.05257704617579818
LGF,62,A0A022MGC3,-5.27078618885343,40,0.05257704617579818
LGF,62,A0A1H6ESK2,-4.89119997372741,41,0.05257704617579818
LGF,62,A0A0Q7U9G3,-5.39101220860993,43,0.05257704617579818
LGF,62,A0A251VVB8,-6.53044328427989,38,0.05257704617579818
LGF,62,A0A1Z5HS69,-6.74550295925951,39,0.05257704617579818
LGF,62,F6CM60,-6.20239002180304,41,0.05257704617579818
LGF,62,A0A1C5ALH3,-5.13198918450897,34,0.05257704617579818
LGF,62,A0A1H1NC18,-5.25208308810416,41,0.05257704617579818
LGF,62,E0IBA3,-9.96578428466209,42,0.05257704617579818
LGF,62,F5LSI9,-6.35361301313139,43,0.05257704617579818
LGF,62,A0A1C1A8T9,-5.78787550310802,42,0.05257704617579818
LGF,62,A0A1R1AKW2,-6.14748802947625,41,0.05257704617579818
LGF,62,A0A1N6WMQ2,-7.67348339069279,42,0.05257704617579818
LGF,62,A0A098MAD3,-9.96578428466209,42,0.05257704617579818
LGF,62,A0A1R1A9P5,-5.02385430459888,39,0.05257704617579818
LGF,62,W8YG98,-9.96578428466209,41,0.05257704617579818
LGF,62,A0A1T2XA72,-7.06732705107974,42,0.05257704617579818
LGF,62,A0A165PZQ2,-9.96578428466209,40,0.05257704617579818
LGF,62,A0A1X7JWJ4,-5.4951064714444,41,0.05257704617579818
LGF,62,M9LPZ0,-6.04789645983623,44,0.05257704617579818
LGF,62,A0A0W1AQX0,-9.96578428466209,42,0.05257704617579818
LGF,62,E6TZA5,-6.58290496295943,34,0.05257704617579818
LGF,62,A0A1M4XG76,-6.72259256212963,37,0.05257704617579818
LGF,62,A0A1G6T3Y2,-9.96578428466209,40,0.05257704617579818
LGF,62,A0A1Y3QGG0,-7.300003012445,44,0.05257704617579818
LGF,62,A0A161S4L5,-5.77236164638677,38,0.05257704617579818
LGF,62,A0A150MMC4,-8.14105173413584,43,0.05257704617579818
LGF,62,M5PH98,-9.96578428466209,41,0.05257704617579818
LGF,62,A0A1G5LR72,-5.6410790128027,37,0.05257704617579818
LGF,62,A0A1B8VXY1,-6.08352197911892,37,0.05257704617579818
LGF,62,A0A0Q9N1Z9,-5.81345963278129,35,0.05257704617579818
LGF,62,A0A1V2SER3,-7.22483111520089,41,0.05257704617579818
LGF,62,A0A0N1N1D7,-5.67257252135648,40,0.05257704617579818
LGF,62,A0A1I4K6A4,-9.96578428466209,39,0.05257704617579818
LGF,62,A0A139CDV9,-6.70284919400202,41,0.05257704617579818
LGF,62,B8D1Y8,-7.5068469740846,41,0.05257704617579818
LGF,62,A0A0H3N0I7,-8.32889709807395,43,0.05257704617579818
LGF,62,A0A1D2XD02,-5.35755445294802,35,0.05257704617579818
LGF,62,R5EWX7,-4.83680295237195,39,0.05257704617579818
LGF,62,A0A085U4A0,-4.72886771499062,42,0.05257704617579818
